"clip_id","source_id","audio_relpath","transcript","duration_s","sample_rate","channels","peak_dbfs","noise_floor_dbfs","snr_db","silence_ratio","clipping_ratio","voiced_ratio","f0_min_hz","f0_median_hz","f0_max_hz","audio_sha256","review_status","reviewer","review_notes"
"tohsakarin_011e6363d4098514","tohsakarin_011e6363d4098514","audio/processed/tohsakarin_011e6363d4098514.wav","侦探先生，方便问问您的客户有什么特征吗？","3.45","48000","1","-1.000152","-80.044395","66.460662","0.222222","0.000012","0.561728","151.571657","262.381621","371.063647","91b5b15bd1b3b7cfe01f859c2af4a26f5eb827a0a968c1c406d0db78e23cdd72","pending","","auto_flags=none"
"tohsakarin_0131a4c87c8cb064","tohsakarin_0131a4c87c8cb064","audio/processed/tohsakarin_0131a4c87c8cb064.wav","休战，还是鱼死网破？你来选。","3.134","48000","1","-0.999854","-240","226.015465","0.357143","0","0.241497","214.354693","323.029667","428.709385","987bf74f6e34c9bb3a05e1f1ee652bb23ae0f7b51ae0b8c7eccd0f8c3fdda318","pending","","auto_flags=excess_silence"
"tohsakarin_01655433b061bedf","tohsakarin_01655433b061bedf","audio/processed/tohsakarin_01655433b061bedf.wav","优雅、华丽、大胆地开拓吧！","2.298354","48000","1","-1.000152","-43.358814","29.965103","0.097222","0.000018","0.662037","170.133432","274.790729","631.303318","963b9bd4253c0129b90fc79cfbbd6c1375398506c4f91a6b06f9cb3f1cfed490","pending","","auto_flags=none"
"tohsakarin_01ff919ddc80157f","tohsakarin_01ff919ddc80157f","audio/processed/tohsakarin_01ff919ddc80157f.wav","状况不算太糟……","1.25","48000","1","-0.999854","-45.053772","29.282442","0.101695","0.000017","0.338983","173.107312","207.056439","308.442165","9981cb875e3274429775983534b6cdfd6d98033de976e7bde316dd0d24ab7800","pending","","auto_flags=too_short"
"tohsakarin_029977e786d9f5ac","tohsakarin_029977e786d9f5ac","audio/processed/tohsakarin_029977e786d9f5ac.wav","啊小心","0.75725","48000","1","-2.446975","-92.350197","80.067642","0.43662","0","0.239437","456.832936","489.621417","565.685425","f1e20fda702a25d063f4632f243b00e5c627f22895ca470dca56dfe43939a190","pending","","auto_flags=too_short|excess_silence"
"tohsakarin_029c4d236dd63b29","tohsakarin_029c4d236dd63b29","audio/processed/tohsakarin_029c4d236dd63b29.wav","既然承诺了常回来看看，还有，以防时间过太久，你把我这个御主忘了……","7.777792","48000","1","-0.999854","-92.682556","79.163147","0.316438","0.000013","0.419178","170.133432","277.18311","377.549725","f75d95e5e3574aaf988ade2ed77201deb7a4ad74caa3f0cd4eb9221f60b30325","pending","","auto_flags=none"
"tohsakarin_02c0710614e48694","tohsakarin_02c0710614e48694","audio/processed/tohsakarin_02c0710614e48694.wav","不过，你似乎和我认识的那个Saber有些微妙的不同……","5.286708","48000","1","-0.999854","-71.607407","57.705894","0.318548","0","0.604839","50","246.228883","400","4fd4f4a9471bac9bf8396dc9f14e96df6bd27913b0b272516399b9d321b4a8f0","pending","","auto_flags=none"
"tohsakarin_037dcc3270653baa","tohsakarin_037dcc3270653baa","audio/processed/tohsakarin_037dcc3270653baa.wav","可是，两位却要把意义非凡的纪念品转赠给我……","5.332","48000","1","-1.000152","-93.313324","79.063251","0.268","0.00002","0.534","139.796993","260.870414","436.203093","ef45dbcc3c12c2c50583fb7b766aedc83275ac1517b5cd1eb79d76122e0b58c5","pending","","auto_flags=none"
"tohsakarin_0394c714da73742a","tohsakarin_0394c714da73742a","audio/processed/tohsakarin_0394c714da73742a.wav","只有你这种被宠坏的家伙才会觉得坚强自立是一种痛苦况且我身边不是有这么多同伴一路陪伴着我吗","9.001104","48000","1","-1.000152","-88.30587","74.053761","0.209716","0.000051","0.587678","145.565318","300.529376","462.141079","b9535bc40c585c4f9ad01edd4715dfed11fde5a785fc0cf418214dfce6392cde","pending","","auto_flags=none"
"tohsakarin_03a3f0f52e178b36","tohsakarin_03a3f0f52e178b36","audio/processed/tohsakarin_03a3f0f52e178b36.wav","大气？没问题！","2","48000","1","-0.999854","-96.529984","81.319249","0.521277","0","0.143617","310.228952","446.398857","498.179849","fed6216d1336089477488e03a633a2c88c35804fd627ac63e5ddd26ae97c35d3","pending","","auto_flags=excess_silence"
"tohsakarin_03f5d9673667446c","tohsakarin_03f5d9673667446c","audio/processed/tohsakarin_03f5d9673667446c.wav","啊真没想到会这样卷入漩涡中心阿成还站在对面","6.045","48000","1","-1.000152","-93.006012","78.45494","0.35097","0","0.405644","175.118722","225.792881","319.319355","de3f8b4abd75ae3c247637f37863bbae5a63479497488d1ebf699685c56baece","pending","","auto_flags=excess_silence"
"tohsakarin_042956862dfe77a5","tohsakarin_042956862dfe77a5","audio/processed/tohsakarin_042956862dfe77a5.wav","哎只有我一直在单方面盘问心眼未免也太坏了","5.109","48000","1","-1.058344","-93.307442","79.931949","0.350731","0","0.444676","160.584576","249.089924","319.319355","7d8db01cde6802be809c07465a68633bc5ef9813994ee8a91aeb0f85ec329d6b","pending","","auto_flags=excess_silence"
"tohsakarin_043a611b536a4c61","tohsakarin_043a611b536a4c61","audio/processed/tohsakarin_043a611b536a4c61.wav","穷极之星啊","1.367667","48000","1","-1.000152","-40.034332","24.238976","0.085271","0","0.503876","184.463239","232.409117","266.967971","e64fde595abcb8cd330851dd030646db0336f21610a0c2244269c6d30b2d9801","pending","","auto_flags=too_short"
"tohsakarin_043b8589c7b4f72c","tohsakarin_043b8589c7b4f72c","audio/processed/tohsakarin_043b8589c7b4f72c.wav","所以，结束了？我认识的金闪闪居然就为切磋亲自跑了一趟？","7.81425","48000","1","-1.000152","-80.437103","65.005441","0.350614","0.000013","0.473397","50","299.661415","464.818235","cb85dbe17067806f37c4e7196a36380e5ecf152cd582718fa004c3903a6e280b","pending","","auto_flags=excess_silence"
"tohsakarin_046fdb62b1bcabb2","tohsakarin_046fdb62b1bcabb2","audio/processed/tohsakarin_046fdb62b1bcabb2.wav","这…不会就是你说的……","2.819","48000","1","-1.480752","-77.70594","65.668988","0.162264","0","0.588679","208.252431","293.665275","414.10597","b039fc6808e63177825586dea602ce2a4eed9714fe025a9eddc5bdd993e350cb","pending","","auto_flags=none"
"tohsakarin_0492e5b9719990dd","tohsakarin_0492e5b9719990dd","audio/processed/tohsakarin_0492e5b9719990dd.wav","成立这个莫名其妙的<color=#dbc291ff>「乌鲁克文化遗产基金会」</color>？","4.066","48000","1","-1.000152","-31.925652","19.003568","0.057592","0.000015","0.73822","167.210642","301.397336","546.416103","e824f89bf17b4c7367469d4a14ea734a7f92e55ee0cfe973afbc91a6ec64913f","pending","","auto_flags=none"
"tohsakarin_04ade881681bdc06","tohsakarin_04ade881681bdc06","audio/processed/tohsakarin_04ade881681bdc06.wav","我假扮正常人的时间，终于就要结束了。","3.48","48000","1","-1.000152","-81.912949","67.230711","0.165138","0","0.58104","168.179283","236.471557","301.397336","eeb80adad45876aa7bc5c889b24380d4235b6e5efb643d93ec41da0e2a1f7ed1","pending","","auto_flags=none"
"tohsakarin_04f6abbeb38ed6b9","tohsakarin_04f6abbeb38ed6b9","audio/processed/tohsakarin_04f6abbeb38ed6b9.wav","继续我们的冒险吧，{NICKNAME}。不过，眼下或许可以先暂缓脚步——","4.865","48000","1","-1.000152","-240","226.576105","0.297593","0.000017","0.472648","165.290064","263.901582","426.240201","9982f4e2f3bae5ee13cab9626de92d1fe6b0e4f6ac8147aea0e52fc1a115cb5b","pending","","auto_flags=none"
"tohsakarin_0582c1365a732911","tohsakarin_0582c1365a732911","audio/processed/tohsakarin_0582c1365a732911.wav","哎谁叫我非要耍酷呢","2.731958","48000","1","-1.000152","-72.906052","60.398298","0.229572","0.000053","0.575875","50","250.532888","317.48021","f560c5c98f3d5eb8de59f956f0ed80268516446b6fb171a3e583e4ba0b0f2ab7","pending","","auto_flags=none"
"tohsakarin_05ae8f75816f1976","tohsakarin_05ae8f75816f1976","audio/processed/tohsakarin_05ae8f75816f1976.wav","就是说啊……","1.106","48000","1","-3.105085","-50.747551","37.083302","0.115385","0","0.365385","202.323888","227.100886","624.052181","6a8e4b719b2a1de8579f1fdf2aee6b25d183bdd9ccfd9925cba45bf4d77bc423","pending","","auto_flags=too_short"
"tohsakarin_068c93d77305d09c","tohsakarin_068c93d77305d09c","audio/processed/tohsakarin_068c93d77305d09c.wav","放心交给我们吧，朽叶小姐。","2.08","48000","1","-1.000152","-84.90802","71.227972","0.22449","0.0001","0.535714","172.110287","251.98421","388.612776","48e987cb9333ef1ea3dd6c4ec93bbbed6ec4fe124400112016ae276bd620a949","pending","","auto_flags=none"
"tohsakarin_06d26b85f69f9143","tohsakarin_06d26b85f69f9143","audio/processed/tohsakarin_06d26b85f69f9143.wav","很遗憾…只可能是<color=#dbc291ff>吉尔伽美什</color>了。","3.105","48000","1","-1.000152","-81.681061","69.10882","0.253425","0","0.506849","169.153536","230.405105","354.307008","06954931a8e4851238c3aa404357f5fa041eced2f059905c41b338cf00a8ae46","pending","","auto_flags=none"
"tohsakarin_072c01f4ad749a07","tohsakarin_072c01f4ad749a07","audio/processed/tohsakarin_072c01f4ad749a07.wav","可恶…除了怪话，什么有用的都没说啊…！","5.137","48000","1","-1.000152","-72.999268","58.47208","0.275934","0.00002","0.450207","204.674778","259.367911","486.801405","64bfda4e4dcb2702e5123b4a21e988bd140c6ad2872fe025ed957d5ed6acc099","pending","","auto_flags=none"
"tohsakarin_0752e905cc41f6b8","tohsakarin_0752e905cc41f6b8","audio/processed/tohsakarin_0752e905cc41f6b8.wav","本来是想用圣杯解决魔力问题…结果居然在异世界开启了一场奇妙的旅行。","7.652","48000","1","-1.985512","-93.102562","79.247602","0.239554","0","0.543175","128.937031","241.998818","1002.131551","1ecadb10eb9fba8a3ae8969245e75013a949e3239622fe0a5b7ff44338d3ab2e","pending","","auto_flags=none"
"tohsakarin_082ea179b3e0d21c","tohsakarin_082ea179b3e0d21c","audio/processed/tohsakarin_082ea179b3e0d21c.wav","来到这里以后，我确实失去了许多。但，我也同样收获了许多。","6.516687","48000","1","-1.000152","-73.403061","57.359121","0.405892","0.000016","0.612111","50","184.463239","364.688995","0473f96e39e8ab348fb972263a498ed673edbd818a517e68b5041b1d3508d25a","pending","","auto_flags=excess_silence"
"tohsakarin_0854ee0657f4e521","tohsakarin_0854ee0657f4e521","audio/processed/tohsakarin_0854ee0657f4e521.wav","嗯……","2.739","48000","1","-7.733262","-82.393753","60.43326","0.544747","0","0.178988","177.153504","200.579294","279.593987","d38814533ea59c74bab6411e0a64c009373adf448a183f86a71df0be4a7126c2","pending","","auto_flags=excess_silence"
"tohsakarin_089722907a6fc3f2","tohsakarin_089722907a6fc3f2","audio/processed/tohsakarin_089722907a6fc3f2.wav","他现在可是我的从者哦奉劝你别动什么歪脑筋","3.82","48000","1","-1.000152","-82.736084","69.972573","0.158774","0.000016","0.654596","155.114476","281.213658","672.717132","9781dccabcc6039c1abbf83f5f5da70d90271b2d0dc7b3cf69d93e2f1be4ebdb","pending","","auto_flags=none"
"tohsakarin_08a9f21f9a0f55f9","tohsakarin_08a9f21f9a0f55f9","audio/processed/tohsakarin_08a9f21f9a0f55f9.wav","决战之日已近。但，如今的我已经能够确信——","4.793","48000","1","-1.069429","-240","225.714492","0.366667","0","0.397778","160.584576","229.739671","319.319355","514dbb45f84f02ef5f58bf9d020dfb3ce9e732a19b3546ec1861720423fbb8ad","pending","","auto_flags=excess_silence"
"tohsakarin_0911e168cd136a7e","tohsakarin_0911e168cd136a7e","audio/processed/tohsakarin_0911e168cd136a7e.wav","…头脑清晰了许多。我能感觉到，我和土地的连结得更紧密了。","9.266","48000","1","-1.000152","-93.028168","78.014618","0.43153","0.000002","0.317606","153.332834","227.758677","436.203093","cfddd0a851dc20a07022e8fb6e27662696de07d373ee990bf6bdfded6ad36b9c","pending","","auto_flags=excess_silence"
"tohsakarin_091fa06d819e3e10","tohsakarin_091fa06d819e3e10","audio/processed/tohsakarin_091fa06d819e3e10.wav","嗯手机好像响了呀","2.14","48000","1","-1.124165","-86.071098","72.34864","0.40796","0","0.39801","159.659677","239.219224","358.423857","2f850313e4dbe7c5d004b34c0be9789d5ed4c995871938bb9743975d381a2673","pending","","auto_flags=excess_silence"
"tohsakarin_098c1b6448693174","tohsakarin_098c1b6448693174","audio/processed/tohsakarin_098c1b6448693174.wav","眼不见心不烦，我们快走吧。","3.063","48000","1","-1.000152","-91.347755","76.052814","0.375","0.000041","0.267361","178.179744","268.514501","402.317176","fc2553f1fdeff0ad6062d8088348e5e1e67b8cd10f6aa7e33f7b3dba9a719b4f","pending","","auto_flags=excess_silence"
"tohsakarin_09cb8ab2e23ec38f","tohsakarin_09cb8ab2e23ec38f","audio/processed/tohsakarin_09cb8ab2e23ec38f.wav","而这份亲手开拓自己人生的权力、意志和信念，正是他留给远坂家最珍贵的遗产。","8.656","48000","1","-1.000152","-78.859543","64.62744","0.279557","0","0.491379","50","215.596437","332.495158","1b8d6c7add50f3ecc04cc81854aaa633c5c21a19159a78040ad0af36ea46dcfb","pending","","auto_flags=none"
"tohsakarin_0a82427ef44ca11e","tohsakarin_0a82427ef44ca11e","audio/processed/tohsakarin_0a82427ef44ca11e.wav","考虑下周围人的感受啊…！","1.877792","48000","1","-2.848919","-32.549053","20.865801","0.050847","0","0.79661","213.1201","340.266864","495.310544","02f5d3ce2c2b3c253414104b97768aed2c6ca1ee2f6a5da68de3eb6750f9b2e3","pending","","auto_flags=too_short"
"tohsakarin_0a9fd0f46ade81f8","tohsakarin_0a9fd0f46ade81f8","audio/processed/tohsakarin_0a9fd0f46ade81f8.wav","{NICKNAME}，这边！一起来梳理下现状吧。","2.45","48000","1","-1.000152","-89.175591","74.330984","0.33913","0.000043","0.352174","177.153504","249.089924","360.500185","e4cace2efe36da9363e4a164090c6f769ac2beefb70eaeaf52d8b81e65040ea6","pending","","auto_flags=none"
"tohsakarin_0b625797a404b87d","tohsakarin_0b625797a404b87d","audio/processed/tohsakarin_0b625797a404b87d.wav","不幸中的万幸不知名的巴萨卡主从宣布退赛还送来了他们的天命之泥板","6.464","48000","1","-1.000152","-90.542778","76.10531","0.196046","0.000003","0.61944","155.114476","262.381621","346.214624","5abf482574ab7b2c4c577ea8df0164170c9bffea1da4125a494094542d1526c9","pending","","auto_flags=none"
"tohsakarin_0bc47db1179d53c5","tohsakarin_0bc47db1179d53c5","audio/processed/tohsakarin_0bc47db1179d53c5.wav","看来，她果然并非十拿九稳…呼，松了一口气。","6.112","48000","1","-1.293243","-93.403381","79.736139","0.381533","0","0.38676","148.967746","252.722507","1074.058002","fa3a4928099c63af461dfe8409bd0fdf245282119c471ec3582687b562fd7cb8","pending","","auto_flags=excess_silence"
"tohsakarin_0c18f51779d4e3ea","tohsakarin_0c18f51779d4e3ea","audio/processed/tohsakarin_0c18f51779d4e3ea.wav","嗯…确实是个适合旅者的命途。","3.1","48000","1","-2.219166","-92.067795","78.062155","0.323024","0","0.47079","158.740105","243.400703","459.479342","d62bd2f4547cabc85abdf3f463fb793ea95153e893c4e170221fab1259e758c7","pending","","auto_flags=none"
"tohsakarin_0c718337466683d9","tohsakarin_0c718337466683d9","audio/processed/tohsakarin_0c718337466683d9.wav","三千万世的「记忆」，逐火的英雄们……","3.662","48000","1","-1.000152","-92.618301","77.952261","0.247093","0","0.424419","148.109755","241.301913","336.358566","29efa22b1f218f074295c8a61e73dcf6ff3e3313b09ed7677a4dcf8aa62986ff","pending","","auto_flags=none"
"tohsakarin_0cbe8d8b6145f93e","tohsakarin_0cbe8d8b6145f93e","audio/processed/tohsakarin_0cbe8d8b6145f93e.wav","哪怕这条路通向地狱，我也会一直、一直走下去。","5.047979","48000","1","-1.000152","-78.644051","63.985519","0.364979","0.000008","0.485232","50","217.47346","289.453847","b6e219e18fb3de7a8ac919919c69043ec5b9a8d65155e363006837d62e13d563","pending","","auto_flags=excess_silence"
"tohsakarin_0d102cd171bba23c","tohsakarin_0d102cd171bba23c","audio/processed/tohsakarin_0d102cd171bba23c.wav","哦那有盼徒呢不知道会是谁","4.323","48000","1","-0.999854","-84.039597","70.344112","0.302956","0","0.391626","161.514833","281.213658","627.667278","d9d55135e0b7b87411e79c1f093e80473f1ab826e53a09e835cb60a6759b6ced","pending","","auto_flags=none"
"tohsakarin_0f31a930d0526842","tohsakarin_0f31a930d0526842","audio/processed/tohsakarin_0f31a930d0526842.wav","太反常了。为什么？","2.154","48000","1","-1.000152","-91.815933","77.200118","0.341584","0","0.361386","143.893358","182.344498","423.785238","13648d422f6f5169026a49e97ec9c76e8cdc56ebe2561c1173fad87a1ae6520c","pending","","auto_flags=none"
"tohsakarin_0f5573879030932d","tohsakarin_0f5573879030932d","audio/processed/tohsakarin_0f5573879030932d.wav","球棍啊…肯定蕴含着不可思议的「开拓」之力吧。","4.903","48000","1","-1.000152","-96.30793","81.671024","0.293478","0","0.445652","162.450479","266.967971","486.801405","5d7bdb20927c7186e908df0177e4f3b7445d7bda04334423868c3e06a6a3bec7","pending","","auto_flags=none"
"tohsakarin_0fb650030526ee7c","tohsakarin_0fb650030526ee7c","audio/processed/tohsakarin_0fb650030526ee7c.wav","嗯你认得我","1.543","48000","1","-1.811366","-93.361923","80.324804","0.510345","0","0.365517","177.153504","296.21951","582.261273","4570d635e96c794082e70ac49bdc8ec108d93039dcfd017e38a127e10ada610c","pending","","auto_flags=too_short|excess_silence"
"tohsakarin_101e51c2c4d4c23f","tohsakarin_101e51c2c4d4c23f","audio/processed/tohsakarin_101e51c2c4d4c23f.wav","看，短信来了。","2.338","48000","1","-1.000152","-93.383392","78.360426","0.513636","0.000018","0.159091","188.774863","204.674778","364.688995","1b3ee26f2e8401e7051c90b193677ae17dbf310d94b7be79f5cc417b8c78a2c6","pending","","auto_flags=excess_silence"
"tohsakarin_103b632feb4257e7","tohsakarin_103b632feb4257e7","audio/processed/tohsakarin_103b632feb4257e7.wav","很简单。毕竟有位伟人曾经说过：「音乐是最先诞生在这世界上的魔法」……","6.9","48000","1","-1.000152","-78.8162","64.918025","0.197836","0","0.579598","145.565318","268.514501","897.969639","61d9be5342ec8af6beff288fd2e0e22644c8153802ff53f7a4f0fb9f22733db5","pending","","auto_flags=none"
"tohsakarin_1141b1502aec098c","tohsakarin_1141b1502aec098c","audio/processed/tohsakarin_1141b1502aec098c.wav","回头是知道结节魔术的规则吗","3.476","48000","1","-1.000152","-240","225.001605","0.276074","0","0.429448","213.1201","277.18311","642.338305","0b62318838268d328973c2e9472ac08c56cb6605fdc0b062db60931e7d0bd63b","pending","","auto_flags=none"
"tohsakarin_116a47a9c57547d8","tohsakarin_116a47a9c57547d8","audio/processed/tohsakarin_116a47a9c57547d8.wav","如果一切顺利，还请允许我等到事件解决，再将赔礼与谢礼一并奉上。","5.953","48000","1","-0.999854","-93.542236","78.665298","0.223614","0.000007","0.547406","154.221083","228.416468","352.266349","a30042d26c472966c2b3031c9eb4c94a68ff7eab87fdd40c9530357c6e55a9a3","pending","","auto_flags=none"
"tohsakarin_124501b03e983227","tohsakarin_124501b03e983227","audio/processed/tohsakarin_124501b03e983227.wav","不愧是我的从者。","1.986","48000","1","-2.498068","-93.210411","78.975322","0.411765","0","0.395722","171.119005","257.131439","1099.162918","f0feefd6c78b3e546b88ae6a08fd5f5131c537d050b307c45d6f210a0d3080bd","pending","","auto_flags=too_short|excess_silence"
"tohsakarin_12c5a9297500e298","tohsakarin_12c5a9297500e298","audio/processed/tohsakarin_12c5a9297500e298.wav","啊！","0.894","48000","1","-1.000152","-57.25605","42.699167","0.285714","0","0","","","","cc6aba31a5d46976026d5d70f37a5b48c3b89e11d3531fa1b90a3c78e753bfc3","pending","","auto_flags=too_short|pitch_unresolved"
"tohsakarin_130c554c06504958","tohsakarin_130c554c06504958","audio/processed/tohsakarin_130c554c06504958.wav","当然，无论决战还是战前会议，都要以最完美的姿态全力以赴！","6.747187","48000","1","-1.000152","-93.031326","78.983762","0.320695","0.000074","0.458136","151.571657","267.741236","828.211939","af6362400bdbe4cf88c1b8f8a5c73e8fe82b00c46fc65c4d9b5792e5487172b5","pending","","auto_flags=none"
"tohsakarin_132c6167c7741eb9","tohsakarin_132c6167c7741eb9","audio/processed/tohsakarin_132c6167c7741eb9.wav","试问，","3.042","48000","1","-1.000152","-94.599953","78.093464","0.643357","0.000007","0.164336","219.364996","340.266864","475.682846","0b4302b1fd47168517947a0566ebeb747b49fd7990af6799835d3264b18c7b77","pending","","auto_flags=excess_silence"
"tohsakarin_138e61cb45a2c2d7","tohsakarin_138e61cb45a2c2d7","audio/processed/tohsakarin_138e61cb45a2c2d7.wav","邮邮箱你们现在还在即兴吗","2.725","48000","1","-1.000152","-93.327789","78.5034","0.347656","0","0.507812","192.074589","297.955374","486.801405","21ce1707b8e06c9d3f2a3c238542d7972f73ec75a06d867a4af76701de53df68","pending","","auto_flags=none"
"tohsakarin_142ae67c85b833d7","tohsakarin_142ae67c85b833d7","audio/processed/tohsakarin_142ae67c85b833d7.wav","…任何对世界心怀好奇的存在，都会心生向往吧。","5.558","48000","1","-1.000152","-90.058388","74.904816","0.316092","0.000011","0.373563","139.796993","257.874062","366.801617","30cb0872e8fbeae48c53c45d6bd633c35a62f3e9e839b23165f83b4571a3a110","pending","","auto_flags=none"
"tohsakarin_142fb6a1d9303542","tohsakarin_142fb6a1d9303542","audio/processed/tohsakarin_142fb6a1d9303542.wav","顶着我的脸说大话真没礼貌跟谁学的阿莎吗","5.010958","48000","1","-1.000152","-77.453995","63.218033","0.334043","0.000108","0.508511","50","262.381621","436.203093","82ddb14691807dd3c7202a5f81966916b846c16459e7aad16f57c6273c841bef","pending","","auto_flags=none"
"tohsakarin_14337bc55abc1c0e","tohsakarin_14337bc55abc1c0e","audio/processed/tohsakarin_14337bc55abc1c0e.wav","仪式","0.919","48000","1","-5.226258","-60.051075","44.729792","0.137931","0","0.448276","214.354693","273.208051","549.581459","9f544792eb73a48868e33071fda75ea049ac7290a1e8b0533e08962f3f1382cb","pending","","auto_flags=too_short"
"tohsakarin_145380f8990e602d","tohsakarin_145380f8990e602d","audio/processed/tohsakarin_145380f8990e602d.wav","阿扯","0.582187","48000","1","-1.268054","-68.971718","57.193198","0.2","0","0.418182","503.96842","559.187974","585.634278","c57285ef614166cf53eef85cc56102503b293a841ce8dc3256a6eb7ed0df5ebf","pending","","auto_flags=too_short"
"tohsakarin_1456457971f60f73","tohsakarin_1456457971f60f73","audio/processed/tohsakarin_1456457971f60f73.wav","嗯……","0.402","48000","1","-1.616343","-72.70182","62.543152","0.342105","0","0.447368","268.514501","393.128239","585.634278","11633d57d022a25157b70e05433c0b9102bb98db13542dfe8a88feb1bd8a3cab","pending","","auto_flags=too_short"
"tohsakarin_14b84ddcf024c0f1","tohsakarin_14b84ddcf024c0f1","audio/processed/tohsakarin_14b84ddcf024c0f1.wav","啊，圣杯…把财宝中的愿力回收了？","4.353","48000","1","-1.797662","-92.769882","78.235494","0.383863","0","0.366748","223.199429","318.399782","1099.162918","56a7c1f77b04c0f78ec8f9e04f8650e76a8b1ac8828146896648e73cd3a8f478","pending","","auto_flags=excess_silence"
"tohsakarin_14c494122c571d92","tohsakarin_14c494122c571d92","audio/processed/tohsakarin_14c494122c571d92.wav","?…意料之外，情理之中。那盏圣杯现在在哪里","5.467","48000","1","-0.999854","-93.26786","78.085543","0.376218","0.000011","0.401559","158.740105","235.790569","379.736848","02b3e11eb70dc965c8e9c7efa4e99cdef4ad4623d3691b385e472171a73b89ea","pending","","auto_flags=excess_silence"
"tohsakarin_14ce6f0a084f2039","tohsakarin_14ce6f0a084f2039","audio/processed/tohsakarin_14ce6f0a084f2039.wav","千万小心，前方有很多人……","2.187625","48000","1","-0.999854","-67.935059","52.671388","0.320388","0.00001","0.548544","50","156.013045","336.358566","2a0e51e59866e14c6e82dd68d78791e2c7073180c1005807c5d1faa59c7c9dc0","pending","","auto_flags=none"
"tohsakarin_1554d28e303a31f1","tohsakarin_1554d28e303a31f1","audio/processed/tohsakarin_1554d28e303a31f1.wav","趁你不注意的时候我已经挑好了哟","4.133","48000","1","-1.000152","-80.592911","67.012715","0.21134","0.000015","0.484536","167.210642","242.69976","634.960421","d4856beadd2973735a0804a145c73155c1bc84d3be0737e9632738c0e0993247","pending","","auto_flags=none"
"tohsakarin_156ed55626baca3a","tohsakarin_156ed55626baca3a","audio/processed/tohsakarin_156ed55626baca3a.wav","<color=#dbc291ff>你是说…她想挣脱愿力束缚，为自己打造真正的神躯？</color>","5.13","48000","1","-1.765446","-81.656464","67.252005","0.24948","0","0.455301","180.250093","259.367911","431.192873","be320d52e9bfcda6c02a7ae9005baeaa4c489cdbb9482b9f562a167d58c26818","pending","","auto_flags=none"
"tohsakarin_15d19d61d85130ae","tohsakarin_15d19d61d85130ae","audio/processed/tohsakarin_15d19d61d85130ae.wav","生命体征稳定，像是睡着了。这就是「调律」吗？——","5.32","48000","1","-1.354058","-93.174171","79.028378","0.348697","0","0.292585","147.256706","245.519796","386.374532","518d4ef8846c02a4ad527d0ba067cdffc65757f30fd0100f330baf64f7ab408b","pending","","auto_flags=none"
"tohsakarin_15f8531bb2d110f3","tohsakarin_15f8531bb2d110f3","audio/processed/tohsakarin_15f8531bb2d110f3.wav","他没有伤害你们吧","1.15725","48000","1","-0.999854","-39.143963","25.080078","0.091743","0","0.642202","185.531823","325.842025","386.374532","52d09fb15f07fbd6d19ae956b5a0e49bee0a5df5865002b36223a26929ce65e7","pending","","auto_flags=too_short"
"tohsakarin_165dca1a6a3ccfc1","tohsakarin_165dca1a6a3ccfc1","audio/processed/tohsakarin_165dca1a6a3ccfc1.wav","这两位就是……","2.798","48000","1","-2.749767","-93.304916","79.323459","0.307985","0","0.334601","210.672207","228.416468","441.271529","639919ef89af0693e3522656423212c26614060080c271681a9581ce883b7fdc","pending","","auto_flags=none"
"tohsakarin_171da6e8d9b4ac81","tohsakarin_171da6e8d9b4ac81","audio/processed/tohsakarin_171da6e8d9b4ac81.wav","我吗","1.03","48000","1","-3.439645","-48.246513","36.536999","0.113402","0","0.701031","153.332834","203.499333","438.729992","400b393f58b533b2998fcbfecbd9ae37fdddaeefd9be267a57fb1899b2c7716e","pending","","auto_flags=too_short"
"tohsakarin_177873d67a10a57a","tohsakarin_177873d67a10a57a","audio/processed/tohsakarin_177873d67a10a57a.wav","大狗狗？！这也太超规格了吧！","2.95","48000","1","-2.868443","-83.707619","71.881163","0.252708","0","0.613718","292.817139","438.737311","712.718975","aaf76a4ecd402133b1b8dd2d1f47812cb81f10a05dcbb3eea91a3fdf9b3f53a4","pending","","auto_flags=none"
"tohsakarin_177b8112610d49af","tohsakarin_177b8112610d49af","audio/processed/tohsakarin_177b8112610d49af.wav","o这可是我好不容易淘来的游戏光碟，似乎是圈子里相当知名的奇幻动作视觉小说……","6.498","48000","1","-1.000152","-55.250004","41.382984","0.111475","0.000006","0.627869","174.110113","336.358566","533.935942","92bfef9ac422a7d0973558f2c2ee09167dd6054c0462b6c624051f458a922ef5","pending","","auto_flags=none"
"tohsakarin_186e0de39d98f9ed","tohsakarin_186e0de39d98f9ed","audio/processed/tohsakarin_186e0de39d98f9ed.wav","来吧，该讲讲你们说的仪式了——火花究竟在打什么算盘？","4.794","48000","1","-1.000152","-93.021027","79.165743","0.28","0.000035","0.466667","146.40857","296.21951","414.10597","32ba49a94e26d6f083822298065c49d0265f1c5fe80344aa6bb60af416fdd470","pending","","auto_flags=none"
"tohsakarin_1898a045f89d35d9","tohsakarin_1898a045f89d35d9","audio/processed/tohsakarin_1898a045f89d35d9.wav","不行，我还在耍帅啊…！","1.716042","48000","1","-1.392557","-61.456543","49.410449","0.167702","0","0.142857","518.735822","559.187974","638.638709","0fd90d6820aed0f36e03a53c855904b0e4af87bc07c641548db9cc184664c331","pending","","auto_flags=too_short"
"tohsakarin_18d3fc98e16e14cc","tohsakarin_18d3fc98e16e14cc","audio/processed/tohsakarin_18d3fc98e16e14cc.wav","哎","1.632104","48000","1","-9.917535","-64.242882","30.090797","0.590909","0","0.376623","842.688829","862.385746","945.886229","d6026a108a541b85c0072237d61f7ce6157a660f97d38ee6d732527fe9e33a9f","pending","","auto_flags=too_short|excess_silence"
"tohsakarin_191a8178baeba6fa","tohsakarin_191a8178baeba6fa","audio/processed/tohsakarin_191a8178baeba6fa.wav","你们两个……","2.975354","48000","1","-1.000152","-72.362953","56.402239","0.322581","0.000014","0.455197","50","223.199429","338.307071","924504dc977f025dbe4e0c303b8a7918ea5cf37c500902eeeaef5735aa3e62de","pending","","auto_flags=none"
"tohsakarin_193bf6ccd3d1fe6b","tohsakarin_193bf6ccd3d1fe6b","audio/processed/tohsakarin_193bf6ccd3d1fe6b.wav","为自己积蓄更多力量吗…嗯，有可能。","4.413","48000","1","-0.999854","-93.27626","78.91341","0.429952","0","0.321256","163.391545","271.634489","400","600ec552ec102d98925b3057a1c7a04aeaf001e3df79e140d7197b63dc546106","pending","","auto_flags=excess_silence"
"tohsakarin_1954b823d9bca464","tohsakarin_1954b823d9bca464","audio/processed/tohsakarin_1954b823d9bca464.wav","我明白了你们希望我抢在伊什塔尔之前把圣杯里的魔力化为己用从源头上避免他夺走魔力的可能性","9.192604","48000","1","-0.999854","-54.627808","40.691016","0.256381","0.000014","0.591647","146.40857","229.739671","887.655578","5e752f181e492f70f3708bd15cbe99ded32b1ab87fc3b06930b25c8cb350e995","pending","","auto_flags=none"
"tohsakarin_19acfeb1f13c5d1b","tohsakarin_19acfeb1f13c5d1b","audio/processed/tohsakarin_19acfeb1f13c5d1b.wav","抱歉，{NICKNAME}，最后一枚运势签我就收下了。就当是为我们一起求的吧？","5.831","48000","1","-1.000152","-85.517776","71.803006","0.276051","0.000025","0.469835","176.133175","326.783091","492.457765","7fba5f4d3c93e83808f1ae9097b2b1f11356bd1b618ed71b8a7dd1418b9e308d","pending","","auto_flags=none"
"tohsakarin_19fda3b65388b2cc","tohsakarin_19fda3b65388b2cc","audio/processed/tohsakarin_19fda3b65388b2cc.wav","那，再见了，我的{RUBY_B#开拓者}Trailblazer{RUBY_E#}——","2.577","48000","1","-1.419359","-93.402771","81.030836","0.35124","0","0.53719","200","362.588541","1099.162918","f689b458c30f25c3db0f3397f1c7774e72034c735ad9964510529cd8fa6d1d6b","pending","","auto_flags=excess_silence"
"tohsakarin_19fde8aa8bf012ee","tohsakarin_19fde8aa8bf012ee","audio/processed/tohsakarin_19fde8aa8bf012ee.wav","（真想不到，居然会来到一个完全和魔术毫无瓜葛的世界……）","5.567875","48000","1","-0.999854","-55.372726","41.797573","0.178161","0","0.494253","173.107312","236.471557","393.128239","96c994bbcfe48006af4a02101d18b4a5515c6a7e470b704f75abcbcf0378fbd3","pending","","auto_flags=none"
"tohsakarin_1a33551e4146c34c","tohsakarin_1a33551e4146c34c","audio/processed/tohsakarin_1a33551e4146c34c.wav","别、别听{M#他}{F#她}瞎说！我们自愿放弃拒绝的权利！","3.156","48000","1","-1.000152","-50.249935","38.197319","0.131757","0","0.594595","237.841423","373.213197","549.581459","22c2a79191e2372e35594f3e49c575b011842944dd44eacf6df5c375b752c0d5","pending","","auto_flags=none"
"tohsakarin_1a8456e7dadadb1b","tohsakarin_1a8456e7dadadb1b","audio/processed/tohsakarin_1a8456e7dadadb1b.wav","他当时是这么问的渴望力量吗哼你感受一下星球球级的破坏力也不是不行但作为代价你走过的土地都将标上我的记号居民也都将成为我的玩物哦","16.333","48000","1","-1.000152","-93.612267","79.533586","0.268277","0.000022","0.528068","135.817244","292.817139","489.621417","52f41d49c1e2a025cb127a5f7037618a4e27a9e427ab2bcff4e1c2948b594446","pending","","auto_flags=too_long"
"tohsakarin_1b278fc7fe0ab0ee","tohsakarin_1b278fc7fe0ab0ee","audio/processed/tohsakarin_1b278fc7fe0ab0ee.wav","这盘光碟并非赠与而是债务原价为三克拉绿宝石归还时应支付利息以补偿御主放弃资金使用权之成本及风险年利率百分之三附加福利支持分期付款","14.707","48000","1","-1.000152","-81.664398","67.417695","0.252357","0.000017","0.552574","130.435207","315.651659","470.219163","937fe21261ab409b65bd0f7025e236ebec6ac7b9843be87c4430070ed409c752","pending","","auto_flags=none"
"tohsakarin_1bae42f9855cd935","tohsakarin_1bae42f9855cd935","audio/processed/tohsakarin_1bae42f9855cd935.wav","事就这么成了。厉害吧？","2.671","48000","1","-1.000152","-92.903061","79.153395","0.390438","0.000008","0.410359","197.702804","356.359487","446.398857","b371593460016ccb8a49f49d33cfd35fb2af7c62c5f565c71a400b2f4441983f","pending","","auto_flags=excess_silence"
"tohsakarin_1bfc19cbba026e37","tohsakarin_1bfc19cbba026e37","audio/processed/tohsakarin_1bfc19cbba026e37.wav","可恶，完全无法反驳……","2.473937","48000","1","-1.000152","-91.269913","78.303179","0.237069","0","0.435345","156.013045","241.998818","746.426393","32f14f900c695cae48d25f99b3606c5c24ea46d88db3e9c72f4317d6df149057","pending","","auto_flags=none"
"tohsakarin_1c3214f4bf78f7d6","tohsakarin_1c3214f4bf78f7d6","audio/processed/tohsakarin_1c3214f4bf78f7d6.wav","真是的，就不该听侦探的，说什么「报我名字，有惊喜」……","5.243","48000","1","-1.000152","-83.940414","68.96414","0.231707","0.000064","0.473577","157.825829","262.381621","512.777633","e5f8eff7a2c2c73a6eeeb131c00ca40930f8f136831853ca92dadd6261191695","pending","","auto_flags=none"
"tohsakarin_1c85dd60cfce4fa9","tohsakarin_1c85dd60cfce4fa9","audio/processed/tohsakarin_1c85dd60cfce4fa9.wav","「旁白」？谁家好人会给宠物起这么个名字？","4.022","48000","1","-1.464422","-73.889984","61.359175","0.206349","0","0.42328","180.250093","290.292242","589.026823","da2bc040338663fc44dcbdbd3817ca0d3b8d3afec94d8b17704205a7f2e04f66","pending","","auto_flags=none"
"tohsakarin_1ce6dcb890d97308","tohsakarin_1ce6dcb890d97308","audio/processed/tohsakarin_1ce6dcb890d97308.wav","在我经历过的那场圣杯战争里，我们也曾缔结主从契约…骑士王的宝剑永远令人安心。","7.657","48000","1","-0.999854","-92.263397","77.440603","0.249304","0.000011","0.56546","142.240602","223.199429","350.237445","8143a13ee2cb60f6026737c283f1bfa86e43d875ea77481f9fb7e4268d6f74c5","pending","","auto_flags=none"
"tohsakarin_1d3c64da06645912","tohsakarin_1d3c64da06645912","audio/processed/tohsakarin_1d3c64da06645912.wav","一切都要拜侦探先生所赐：原来，他也是从者之一，对标英雄王吉尔伽美什…想到这家伙也被排除在外，心里多少平","12","48000","1","-1.000152","-92.067963","77.487392","0.261989","0.000016","0.500888","136.604026","237.841423","1086.537955","c0190505ecfdbd848ea30fef44ef794e143de6f5defeb0cd3a2993711391eae2","pending","","auto_flags=none"
"tohsakarin_1de23ee07f5b9e69","tohsakarin_1de23ee07f5b9e69","audio/processed/tohsakarin_1de23ee07f5b9e69.wav","第三，貌合神离的两人一拍即合，假借会面设下圈套，引诱女神出面……","7.21","48000","1","-1.000152","-90.323746","74.664705","0.220414","0.000032","0.593195","145.565318","268.514501","454.201772","30adda50dea719167e55c559477f911ed3d5be1497d415e1757a082e2b010cf3","pending","","auto_flags=none"
"tohsakarin_1ef6099379531e9e","tohsakarin_1ef6099379531e9e","audio/processed/tohsakarin_1ef6099379531e9e.wav","哎事已至此只能回收残存的怨力了","4.55","48000","1","-1.000152","-92.174492","77.159282","0.327869","0","0.355972","156.013045","221.913894","338.307071","1d41365373ff377d4a6fa5a54f91f273f6943f1689737e82e9d4c1726ced53a5","pending","","auto_flags=none"
"tohsakarin_1f0b62f229dc4863","tohsakarin_1f0b62f229dc4863","audio/processed/tohsakarin_1f0b62f229dc4863.wav","一起可可爱爱！","1.583","48000","1","-2.106957","-77.956673","61.852528","0.315436","0","0.288591","913.665871","1037.471644","1099.162918","8a7ce8f3839513608353e2fcd1fa77b72e2bf1bdbf7242307292addc5b6e581b","pending","","auto_flags=too_short"
"tohsakarin_1f47035a59bbe752","tohsakarin_1f47035a59bbe752","audio/processed/tohsakarin_1f47035a59bbe752.wav","遗憾的是现在的我遇到了一些困难不得不启动圣杯","6.096354","48000","1","-0.999854","-64.359329","48.85916","0.283217","0.000031","0.480769","168.179283","266.967971","572.258373","52239fb0137a788472252565e161055156cb6f822ace18f077c96f86fc812cf1","pending","","auto_flags=none"
"tohsakarin_201f3da523d3e440","tohsakarin_201f3da523d3e440","audio/processed/tohsakarin_201f3da523d3e440.wav","不行只能感应到特和其他财宝的位置似乎是在海源市但找不到火花的踪迹","8.226","48000","1","-1.000152","-240","225.066966","0.34456","0.00001","0.357513","136.604026","233.75545","1086.537955","6cf2a54dc66c3f33c4d1a467acd730235ae4db4735db9b73a2c0dfd53caa16bb","pending","","auto_flags=none"
"tohsakarin_202e5e4a73341c47","tohsakarin_202e5e4a73341c47","audio/processed/tohsakarin_202e5e4a73341c47.wav","…馊主意到此为止哦？","2.375","48000","1","-1.000152","-39.746399","25.63096","0.076233","0.000026","0.70852","167.210642","227.100886","308.442165","f51062a66a04c98f992872942405c21d3ed8a4b5d2e584044eb6003af891b9dd","pending","","auto_flags=none"
"tohsakarin_2070276c043c9124","tohsakarin_2070276c043c9124","audio/processed/tohsakarin_2070276c043c9124.wav","啊失礼了请允许我重新自我介绍一下","4.782","48000","1","-1.522029","-93.336296","78.6758","0.501114","0","0.242762","169.153536","240.605007","324.900959","b0996f660f30d6d21b1016401fc68d522aa5a896b1eaa70b6ee26445c8cd75ad","pending","","auto_flags=excess_silence"
"tohsakarin_20e910fc9a96e8d2","tohsakarin_20e910fc9a96e8d2","audio/processed/tohsakarin_20e910fc9a96e8d2.wav","…啊，找到了！","1.129083","48000","1","-1.000152","-80.84819","68.419403","0.415094","0.000129","0.141509","304.899405","362.588541","377.549725","67da228bb08c6f6c9ea1ba4ea946d45245fbdfe46bf3ae6fa446e0b314a04b16","pending","","auto_flags=too_short|excess_silence"
"tohsakarin_21b947870b46b494","tohsakarin_21b947870b46b494","audio/processed/tohsakarin_21b947870b46b494.wav","嗯他们是你的粉丝","2.918","48000","1","-1.832617","-87.153351","73.593281","0.284672","0","0.481752","208.252431","301.397336","515.748123","2b47e515f3e52bd48c3f089a1df09915debeeba997552e91d8d3f1eea267f4e3","pending","","auto_flags=none"
"tohsakarin_21cc88ebb3c9dfe4","tohsakarin_21cc88ebb3c9dfe4","audio/processed/tohsakarin_21cc88ebb3c9dfe4.wav","而真正的阿切尔主从竟然是女神附身的另一个我","3.634","48000","1","-0.999854","-82.822502","67.996796","0.167155","0.000011","0.565982","144.726924","239.219224","423.785238","288da26882d88d7878f1a4a40f7d0dddd267bb9e7fd0e8dd181f0374332fd226","pending","","auto_flags=none"
"tohsakarin_22b8a443fcf2a7f8","tohsakarin_22b8a443fcf2a7f8","audio/processed/tohsakarin_22b8a443fcf2a7f8.wav","间桐樱。虽然不同姓，但是我同父同母的亲妹妹。是个喜欢糖果、甜食，和恐怖故事的女孩。","11.354","48000","1","-1.000152","-93.343117","78.400344","0.374648","0.000002","0.370892","141.421356","220.635764","338.307071","681bef2b8a052b90e0f93afbf66cc1a185e0de67042d96d8b54ba1121f1639c7","pending","","auto_flags=excess_silence"
"tohsakarin_22faa63ec451b713","tohsakarin_22faa63ec451b713","audio/processed/tohsakarin_22faa63ec451b713.wav","嗯现在设想一位和她十分相似的女孩你一定会把对妹妹的情感转移到她身上像对待亲妹妹那样对待她","10.982","48000","1","-0.999854","-92.20079","77.492158","0.338835","0.000002","0.414563","143.064593","223.199429","1099.162918","8d75af23c036ed838e90b1e199bb79cf1fc9d9653bdebf41dc56bbc7376bcddc","pending","","auto_flags=none"
"tohsakarin_2315a906bad40354","tohsakarin_2315a906bad40354","audio/processed/tohsakarin_2315a906bad40354.wav","嗯我就是远坂凛","2.687","48000","1","-1.000152","-91.343117","77.988403","0.289683","0","0.623016","161.514833","228.416468","777.225553","6c1ca08a02c7a0abed3335d1ee64373ef7a1dcb2b1c03c67175f068e915969e2","pending","","auto_flags=none"
"tohsakarin_233a6b879985344a","tohsakarin_233a6b879985344a","audio/processed/tohsakarin_233a6b879985344a.wav","嗯话说回来怎么只有你啊蓝sir","2.714","48000","1","-1.000152","-93.321854","80.479318","0.313725","0","0.466667","170.133432","276.382576","467.510899","808bd47642f435ba641ed0ef117915a6ee044fcb7394970327e018a101ed3c65","pending","","auto_flags=none"
"tohsakarin_235b55294c21b614","tohsakarin_235b55294c21b614","audio/processed/tohsakarin_235b55294c21b614.wav","但——","0.540333","48000","1","-1.000152","-58.652794","46.763596","0.156863","0","0.509804","213.1201","239.235188","299.661415","2912121d2ad6f297f0cb69f0c49e2cbf39f2399bc1ac2af778d51b921c155fbb","pending","","auto_flags=too_short"
"tohsakarin_237c2ba4678cfa2a","tohsakarin_237c2ba4678cfa2a","audio/processed/tohsakarin_237c2ba4678cfa2a.wav","f虽然来到了完全陌生的世界，但在机缘巧合下，我与这片银河的主角相","5.947","48000","1","-1.000152","-85.157814","71.755495","0.182796","0","0.53405","143.064593","243.400703","404.647776","ac9f5456415e36b08f188199ac975bc6786f5dce5edf5e4b27dd6bf65966eb45","pending","","auto_flags=none"
"tohsakarin_23f417048230eb9e","tohsakarin_23f417048230eb9e","audio/processed/tohsakarin_23f417048230eb9e.wav","…别虚张声势了。","1.098583","48000","1","-1.000152","-39.490566","24.342319","0.087379","0","0.601942","163.391545","263.141602","451.585762","80db47a6965150aab4cd459be8d9f073c3a0aa28c4d4d95860ce7f780220779e","pending","","auto_flags=too_short"
"tohsakarin_2418b055a7a26b2a","tohsakarin_2418b055a7a26b2a","audio/processed/tohsakarin_2418b055a7a26b2a.wav","真想不到。还以为她们和樱一样，爱好会比较传统呢。","5.529","48000","1","-0.999854","-92.507065","78.122437","0.39499","0.000004","0.344894","165.290064","247.655272","299.661415","b94c5603f71448f24c7de642774b3f48f810d7529142ca980e1f0079a1da99b1","pending","","auto_flags=excess_silence"
"tohsakarin_242492506ed3b50d","tohsakarin_242492506ed3b50d","audio/processed/tohsakarin_242492506ed3b50d.wav","「当事人把对甲的情感投射到相似的乙身上」——这就是「移情作用」。","6.054","48000","1","-0.999854","-88.061821","73.266098","0.241197","0","0.443662","111.599714","219.364996","334.421283","65007d775000c37c8bb3f27ffcfc354061a9d67aa8e677b500b72c0bf2c4ff20","pending","","auto_flags=none"
"tohsakarin_249bb58bd40e2c3b","tohsakarin_249bb58bd40e2c3b","audio/processed/tohsakarin_249bb58bd40e2c3b.wav","但说到圣杯战争御主与从者本应是七组也就是十四名竞争者才对吧","6.534","48000","1","-1.000152","-93.039291","78.18848","0.239804","0","0.474715","163.391545","235.109581","421.344414","5b2b9f35621c6b97521b4d87c8e6682df1b546ce82c9c313bb3f56190b5caf5c","pending","","auto_flags=none"
"tohsakarin_24be4a5c20994361","tohsakarin_24be4a5c20994361","audio/processed/tohsakarin_24be4a5c20994361.wav","这就是旅行的意义呀。","2.537","48000","1","-0.999854","-90.895889","77.766918","0.289916","0","0.42437","219.364996","356.359487","431.192873","4b444f9b33eced609275cba19523d67395139007593384b4980912a9f3c6ce56","pending","","auto_flags=none"
"tohsakarin_24d5453e8aa77be1","tohsakarin_24d5453e8aa77be1","audio/processed/tohsakarin_24d5453e8aa77be1.wav","看着吧——我会证明你的错误，然后超越你，超越神明！","5.433937","48000","1","-0.999854","-87.909286","73.133204","0.370588","0.000107","0.486275","50","289.453847","527.803164","47a9378bf213bd50e878043ecc9ec9173540196b77172040efb46a50c200a260","pending","","auto_flags=excess_silence"
"tohsakarin_24d88d24171a48ea","tohsakarin_24d88d24171a48ea","audio/processed/tohsakarin_24d88d24171a48ea.wav","难道不是我说","1.128","48000","1","-1.000152","-56.007881","41.700534","0.179245","0.000037","0.613208","147.256706","232.409117","459.479342","1ebb729a16270e7e72cc42b67ec749b4f7d6ae68ac143530fce462b1a0efc96c","pending","","auto_flags=too_short"
"tohsakarin_25af998c61ef6c89","tohsakarin_25af998c61ef6c89","audio/processed/tohsakarin_25af998c61ef6c89.wav","嗯来回顾一下今天的战果吧我们顺利从caaster主从那里回收了完全简朴的试炼呃一根健身弹力棒","9.454","48000","1","-1.000152","-92.534569","77.701918","0.307779","0.00002","0.501691","156.91682","282.842712","506.887879","cc8094661c3bddcd43cd1155f03a4ef40e50ca5c4099cde57b89b7af0ae6da00","pending","","auto_flags=none"
"tohsakarin_2621ad3f1e246c5a","tohsakarin_2621ad3f1e246c5a","audio/processed/tohsakarin_2621ad3f1e246c5a.wav","同意。而且是规模不小的结界魔术。","3.057","48000","1","-1.000152","-89.081085","75.036028","0.296167","0","0.38676","50","223.199429","344.220575","6106263723f253bb7402b0ebc456a01f067fdfd61346c00bf27ec01a2aedf142","pending","","auto_flags=none"
"tohsakarin_263dc32e14e92dbb","tohsakarin_263dc32e14e92dbb","audio/processed/tohsakarin_263dc32e14e92dbb.wav","酒宴过后，应该就是决战了。","3.243792","48000","1","-0.999854","-90.875107","77.741113","0.35082","0.00009","0.52459","165.290064","257.874062","381.936642","ccdde6aaa4137a7cf011d709a72edf40a9128e73781f47b7cbf6ef7fbbff837d","pending","","auto_flags=excess_silence"
"tohsakarin_26497398b8ac48f6","tohsakarin_26497398b8ac48f6","audio/processed/tohsakarin_26497398b8ac48f6.wav","…你也听到了吗？","1.804","48000","1","-1.817899","-93.3461","80.972733","0.517647","0","0.317647","164.338063","223.199429","284.481204","e3b12a2045773a6786f30f1ba77e44b7029d02500d975864e76fc017aa555ff5","pending","","auto_flags=too_short|excess_silence"
"tohsakarin_26ab73f68d118d1b","tohsakarin_26ab73f68d118d1b","audio/processed/tohsakarin_26ab73f68d118d1b.wav","还是那么让人安心！","2.488938","48000","1","-1.000152","-69.499626","56.124105","0.235043","0","0.380342","202.323888","243.400703","492.457765","149e706b9199ce7443fb3f87e05c79c485f01314e9e5be4cf2fbe106f9e4fa23","pending","","auto_flags=none"
"tohsakarin_2785fe11cbc1f36f","tohsakarin_2785fe11cbc1f36f","audio/processed/tohsakarin_2785fe11cbc1f36f.wav","嗯手机好像响了呀","2.14","48000","1","-1.621453","-83.696106","69.923022","0.40796","0","0.402985","159.659677","237.841423","358.423857","327ec86793623ba3021b0ec0b5c8093a5df373a79a70166697d2a78ac586a989","pending","","auto_flags=excess_silence"
"tohsakarin_27d5600837938b35","tohsakarin_27d5600837938b35","audio/processed/tohsakarin_27d5600837938b35.wav","我一定会跟上你的哈欠","1.723771","48000","1","-1.000152","-75.88121","62.184186","0.179012","0.000085","0.567901","194.306388","307.564179","515.748123","01543a8b219f1ea641e0737ec5a2d45af7faa1bb474ae34437872e83f852e752","pending","","auto_flags=too_short"
"tohsakarin_27eb813af9874a76","tohsakarin_27eb813af9874a76","audio/processed/tohsakarin_27eb813af9874a76.wav","看来我们在想同一件事啊吉尔伽美什强大如伊什塔尔也一样害怕失去这来之不易的幻造生命所以他才需要圣杯以真正的神明之姿长存于世","15.761313","48000","1","-1.000152","-73.726196","57.942359","0.345737","0.000054","0.624493","50","197.702804","400","2de3741ff83ec97b9deafc1a4ba3a97b911ae3d2e095c5cfa3593da453642510","pending","","auto_flags=too_long"
"tohsakarin_285e768b48724be7","tohsakarin_285e768b48724be7","audio/processed/tohsakarin_285e768b48724be7.wav","你是想直接把这副幻造身躯投入圣杯，变成魔力吗…？！","4.448896","48000","1","-1.267134","-46.446167","32.804816","0.107656","0","0.555024","197.702804","284.481204","459.479342","ee37bf62cc518bb054a47c40ebab0fea32800695784600ed26a49178255b697b","pending","","auto_flags=none"
"tohsakarin_28b06f1e185d25c7","tohsakarin_28b06f1e185d25c7","audio/processed/tohsakarin_28b06f1e185d25c7.wav","{NICKNAME}，这边！一起来梳理下现状吧。","2.45","48000","1","-1.000152","-90.216156","75.303836","0.343478","0.000094","0.36087","177.153504","249.089924","362.588541","1e279de43bc439aa643f58bb691be7fd11ed841831e8cc079942f6246fa98140","pending","","auto_flags=none"
"tohsakarin_28fe1b75d5262322","tohsakarin_28fe1b75d5262322","audio/processed/tohsakarin_28fe1b75d5262322.wav","英雄王…吉尔伽美什？！","2.254","48000","1","-1.000152","-93.168037","77.762361","0.259434","0.000009","0.429245","167.210642","235.109581","336.358566","039dc99597f2a68b3861f232648438f87a38644cb7f0cd3e53c77cf82860db3c","pending","","auto_flags=none"
"tohsakarin_2903d86ccab7772a","tohsakarin_2903d86ccab7772a","audio/processed/tohsakarin_2903d86ccab7772a.wav","播唱良好","0.759","48000","1","-3.275005","-50.51012","37.415885","0.125","0","0.486111","198.848085","243.400703","317.48021","d18bd051d865c71bec10974230f5bb7a77a9da99e1c366e6a18b1983b8f8a806","pending","","auto_flags=too_short"
"tohsakarin_29a2f57c4e1bb4b9","tohsakarin_29a2f57c4e1bb4b9","audio/processed/tohsakarin_29a2f57c4e1bb4b9.wav","在炫耀什么…？","1.803","48000","1","-1.946289","-80.934578","66.69168","0.323529","0","0.376471","163.391545","349.228835","642.338305","21f5707357d4f5b76ddc6eba143bd8f2c95b269a848a39e60cd720f7c26607c9","pending","","auto_flags=too_short"
"tohsakarin_29a6d6a64f7b2897","tohsakarin_29a6d6a64f7b2897","audio/processed/tohsakarin_29a6d6a64f7b2897.wav","我绝不会辜负大家的信赖……","1.982","48000","1","-1.085333","-38.096893","24.660606","0.05914","0","0.537634","178.179744","230.405105","308.442165","85d22fad3fefc78a1bf6fdf44f10a34924e40ca47798253496e61cdec4e80fb6","pending","","auto_flags=too_short"
"tohsakarin_29bcf844449c4de2","tohsakarin_29bcf844449c4de2","audio/processed/tohsakarin_29bcf844449c4de2.wav","那时，我还没能意识到，深爱之人的终点正是我的起点。","6.23","48000","1","-0.999854","-86.682472","72.147681","0.347009","0","0.37094","145.565318","224.49241","284.481204","6e88de4448c709bf40b9ddf7389c23c98602132e33e94efdbf83840f47ea50e1","pending","","auto_flags=none"
"tohsakarin_2a2d7f8a3cd2152a","tohsakarin_2a2d7f8a3cd2152a","audio/processed/tohsakarin_2a2d7f8a3cd2152a.wav","如果大家都能寻得属于自己的<color=#dbc291ff>至珍贵之物</color>，那就太好了。","4.194","48000","1","-1.000152","-52.871948","38.891929","0.106599","0.000015","0.624365","175.118722","312.929865","562.427317","f0eaa8cf8bdbeb3883a1b3dfcbc814f3f50dfae0d30155b27291ed6507a51b6c","pending","","auto_flags=none"
"tohsakarin_2a4cf887d1c19a9a","tohsakarin_2a4cf887d1c19a9a","audio/processed/tohsakarin_2a4cf887d1c19a9a.wav","（「任何时候都要秉持优雅」……）","2.337021","48000","1","-1.652819","-57.567383","43.94673","0.127273","0","0.509091","156.91682","227.100886","317.48021","bcc0888400b1af6aff6a53a5e7ead7da161d81156ceb8d5633ac783e1923107e","pending","","auto_flags=none"
"tohsakarin_2ae6dc55ef1e3db4","tohsakarin_2ae6dc55ef1e3db4","audio/processed/tohsakarin_2ae6dc55ef1e3db4.wav","虽然时至今日我也依然认为他是个冒牌圣人但不得不承认如果没有他我的童年一定会更加坚辛","11.46","48000","1","-1.000152","-91.171066","75.80693","0.385116","0.000013","0.394419","50","213.1201","308.442165","4cf14d4c819c39217401ca997fac2d25b68d320dcd500ed7967b0134162a174f","pending","","auto_flags=excess_silence"
"tohsakarin_2b769fa543dc389a","tohsakarin_2b769fa543dc389a","audio/processed/tohsakarin_2b769fa543dc389a.wav","好狡猾，是想拿这个抵债吗——？","3.959","48000","1","-1.000152","-80.053177","67.13347","0.25","0.000011","0.44086","159.659677","271.634489","777.225553","69e2b5c44a4fe4ce180fb55390c51275995b587f186329ace4d7363d5c585784","pending","","auto_flags=none"
"tohsakarin_2c6f64ffc32ea084","tohsakarin_2c6f64ffc32ea084","audio/processed/tohsakarin_2c6f64ffc32ea084.wav","那就只能趁热喝了吧……","1.761","48000","1","-1.000152","-42.090324","27.850316","0.084337","0.000059","0.686747","198.848085","276.382576","346.214624","70758dc70f592a2190bbf90435f95ea47a89c48185f2ed1baae293ea4cae866e","pending","","auto_flags=too_short"
"tohsakarin_2d8eb0a11a161e05","tohsakarin_2d8eb0a11a161e05","audio/processed/tohsakarin_2d8eb0a11a161e05.wav","圣杯从未向{NICKNAME}灌输任何知识，更不必说固有结界这种随时会被魔术协会指定为封印对象的大魔术……","9.441771","48000","1","-1.000152","-94.965164","79.65403","0.209932","0.000011","0.560948","143.893358","239.219224","364.688995","73718e3e0f1c5020bff4f4a6bac16e3a888ba62083c2cc9668a7dcb452daad8e","pending","","auto_flags=none"
"tohsakarin_2ea83d41b6894e7a","tohsakarin_2ea83d41b6894e7a","audio/processed/tohsakarin_2ea83d41b6894e7a.wav","谢谢你","1.829","48000","1","-1.889761","-92.634521","77.422515","0.581395","0","0.226744","50","158.740105","263.901582","cae0c7485287d028e40468e3f5ddf99d5ef6b3bc76435f2618179f3b545afe89","pending","","auto_flags=too_short|excess_silence"
"tohsakarin_2ebc3d25dba26058","tohsakarin_2ebc3d25dba26058","audio/processed/tohsakarin_2ebc3d25dba26058.wav","契约完成别担心我不喜欢那种阶级分明的关系至少对绝大多数人是这样了记好了吗我的从者","12.801","48000","1","-0.999854","-91.927032","76.5245","0.393006","0.000005","0.376353","50","268.514501","1086.537955","a3700322c5d04c0a4c0373ab03fb498cbba05b4b32abae4c988c5c8c00d6bb0e","pending","","auto_flags=excess_silence"
"tohsakarin_2ed02a7f9869e73b","tohsakarin_2ed02a7f9869e73b","audio/processed/tohsakarin_2ed02a7f9869e73b.wav","无论在历史书里还是那场圣杯战争中金闪闪都是独一档的麻烦制造者哎要是让他知道我接受了伊什塔尔的赐福就更完蛋了","12.278","48000","1","-0.999854","-87.833191","72.898235","0.235243","0.000015","0.547743","162.450479","262.381621","962.420029","dc3190cc06914f227ae94aab8bc0048be1432eb5127c460fa4369d282ec1331d","pending","","auto_flags=none"
"tohsakarin_2f1588315699ecc4","tohsakarin_2f1588315699ecc4","audio/processed/tohsakarin_2f1588315699ecc4.wav","「移情」…是精神分析学领域的概念吧？","3.383","48000","1","-0.999854","-85.47509","71.314356","0.254717","0","0.544025","143.064593","227.100886","426.240201","3076c45fa46cb7447f0ab8351c20c2db77ace5dd2948d9b305ccf8e7e6ed8348","pending","","auto_flags=none"
"tohsakarin_2f5b72cf6faf83ef","tohsakarin_2f5b72cf6faf83ef","audio/processed/tohsakarin_2f5b72cf6faf83ef.wav","第一，侦探先生推理出了真凶不是火花，而是她背后的伊什塔尔，这才假意叛变，试图策反她。","8.481","48000","1","-0.999854","-90.37426","76.154892","0.248744","0.000015","0.482412","156.013045","284.481204","1019.648502","fceb518d5109aa662a8e42ffeb7eecfd4311a4dd71bcd082d61319ad35dc678f","pending","","auto_flags=none"
"tohsakarin_2faade7f536c3a74","tohsakarin_2faade7f536c3a74","audio/processed/tohsakarin_2faade7f536c3a74.wav","宣告令咒travelaser解放宝具将所有不讲道理的规则统统打破吧","8.020542","48000","1","-1.000152","-92.750099","78.344207","0.365691","0.000106","0.323138","214.354693","350.237445","696.440451","170c0f9881510742a2bfc6bfdef144200130149719ee00cdc281b77d5304ec88","pending","","auto_flags=excess_silence"
"tohsakarin_305d6d3cf3824ecb","tohsakarin_305d6d3cf3824ecb","audio/processed/tohsakarin_305d6d3cf3824ecb.wav","强光","0.771","48000","1","-1.141984","-71.168579","60.165156","0.205479","0","0.520548","229.739671","388.612776","426.240201","a5144aec1cb383672dd1382d10473cc8604b5c63a505265405e59c00e442064a","pending","","auto_flags=too_short"
"tohsakarin_30d2158e1b3d8660","tohsakarin_30d2158e1b3d8660","audio/processed/tohsakarin_30d2158e1b3d8660.wav","是啊，漫天要价。我还从来没用过这个必杀技呢。","4.619","48000","1","-1.000152","-91.999329","77.166846","0.235023","0.000063","0.536866","148.967746","224.49241","929.63647","1b5d6bf80c89a52e75f081fc8f7e605c0ee98d77dd14dafedfc1f4a24222dd01","pending","","auto_flags=none"
"tohsakarin_30d64753227f8767","tohsakarin_30d64753227f8767","audio/processed/tohsakarin_30d64753227f8767.wav","这","1.494","48000","1","-3.890295","-48.45129","34.023207","0.134752","0","0.319149","161.514833","277.983644","388.612776","883a1ba826480687a1b9d6d88a647433e7ca8a2081514e8ee4563040ac11aad4","pending","","auto_flags=too_short"
"tohsakarin_30fb492be41fb4fd","tohsakarin_30fb492be41fb4fd","audio/processed/tohsakarin_30fb492be41fb4fd.wav","<size=36>到底要怎么从这种天崩地裂的结界摔在地上还毫发无伤啊——？！</size>","4.412417","48000","1","-2.417864","-30.365711","17.688482","0.021739","0","0.857488","323.029667","475.682846","1013.775759","71b63a137daef3e0714f34ba69029e428fc028083a8bee7d2b822c24ead54837","pending","","auto_flags=low_snr_proxy"
"tohsakarin_30fe5111709214a6","tohsakarin_30fe5111709214a6","audio/processed/tohsakarin_30fe5111709214a6.wav","都不许动！你们的黑暗交易到此为止了！","3.939","48000","1","-1.000152","-240","226.898489","0.362162","0.000011","0.378378","266.967971","373.213197","518.735822","a54a70942ebc2c4109060e1382ae9fd69295cd9f40f8419d3bdcbdb6ec97a270","pending","","auto_flags=excess_silence"
"tohsakarin_3165114fc3055e2f","tohsakarin_3165114fc3055e2f","audio/processed/tohsakarin_3165114fc3055e2f.wav","我没有！这是误会。","1.551","48000","1","-1.240797","-58.556015","46.544909","0.157534","0","0.589041","271.634489","440.00076","595.870985","268bfa60d610142ec23ff43a97fb9a20857c6173a76a019f2bde671a9ac9a762","pending","","auto_flags=too_short"
"tohsakarin_3186994e9e030625","tohsakarin_3186994e9e030625","audio/processed/tohsakarin_3186994e9e030625.wav","<size=36>沙滩！</size>","1.02","48000","1","-2.311373","-62.274902","50.149118","0.197917","0","0.8125","555.967288","597.596908","823.441789","7897c520fae659d4edb94f38ed82aa2780675a33f6aa3b1d50d5bf4d02662173","pending","","auto_flags=too_short"
"tohsakarin_31dc95736229390c","tohsakarin_31dc95736229390c","audio/processed/tohsakarin_31dc95736229390c.wav","（真想不到，居然会来到一个完全和魔术毫无瓜葛的世界……）","5.717","48000","1","-1.000152","-70.542938","56.491325","0.210821","0","0.391791","158.740105","313.833639","423.785238","3cb4d04c483e382c114279a1b58408da6865b749b7425e82621452b0473ad27f","pending","","auto_flags=none"
"tohsakarin_320a74cb86818059","tohsakarin_320a74cb86818059","audio/processed/tohsakarin_320a74cb86818059.wav","秉持优雅——然后，全力以赴吧！","3.277229","48000","1","-1.000152","-68.513802","54.78346","0.285714","0.000006","0.584416","50","241.998818","657.352252","aa501562e07b0832e134ec752f0cac4a4769a3f6b66bbf421302caf84c45a22d","pending","","auto_flags=none"
"tohsakarin_321ea76e29886417","tohsakarin_321ea76e29886417","audio/processed/tohsakarin_321ea76e29886417.wav","也是让我碰上这种戏码了…命运也太讽刺了吧。","4.25","48000","1","-1.000152","-90.535789","75.685507","0.200501","0.00001","0.511278","151.571657","235.798436","338.307071","c800ce11075075bc6b154cdd283952ede45a0df61244c8c9b2be794070e56fdc","pending","","auto_flags=none"
"tohsakarin_33e733f3b580c74c","tohsakarin_33e733f3b580c74c","audio/processed/tohsakarin_33e733f3b580c74c.wav","啊居然用绰号蒙混过关把我当笨蛋吗","4.229","48000","1","-1.000152","-91.351051","78.147203","0.274559","0.000015","0.473552","181.294271","368.926477","638.638709","1c0d3f8110f234cd21ca98028ec2fe2072ce2c84e18bbb84259da315c71dd0f0","pending","","auto_flags=none"
"tohsakarin_3421cfac0e27495e","tohsakarin_3421cfac0e27495e","audio/processed/tohsakarin_3421cfac0e27495e.wav","首先，最让人惊掉下巴的是，我和{NICKNAME}居然是被圣杯战争早早排除在外的倒霉蛋……","6.678","48000","1","-1.000152","-64.999199","51.448087","0.135566","0.000009","0.617225","142.240602","259.367911","409.349557","2bb64835872e13b7dc75087b07741607135a8b0367e57e926b66fa136304645b","pending","","auto_flags=none"
"tohsakarin_342945ee7cdff257","tohsakarin_342945ee7cdff257","audio/processed/tohsakarin_342945ee7cdff257.wav","不对劲如果拉萨也在这里那就意味着","5.6","48000","1","-0.999854","-52.735409","37.736521","0.241445","0","0.496198","177.153504","233.75545","336.358566","92dee95d7489832a9aca769e9a1ae8eb4ce1a768914ff90df1a5ab4ba46bcd22","pending","","auto_flags=none"
"tohsakarin_34ee651bd04b8fad","tohsakarin_34ee651bd04b8fad","audio/processed/tohsakarin_34ee651bd04b8fad.wav","就像大家一样——无论在哪个世界，我们都一定还会再见。","6.425688","48000","1","-1.000152","-68.293335","52.061588","0.46932","0.000045","0.676617","50","154.719387","388.612776","e618d69eaedd7ca5af449863321b28450383dd0dbd87d3c93a0c5e0238f2840f","pending","","auto_flags=excess_silence"
"tohsakarin_351120056002c56e","tohsakarin_351120056002c56e","audio/processed/tohsakarin_351120056002c56e.wav","哦说起来我都忘记问了该怎么称呼你我直接不明的从者","5.416","48000","1","-1.000152","-91.340973","76.611325","0.32874","0","0.505906","160.584576","243.400703","475.682846","cb0e10e403c6a55095c52fedc1addb517c779cab91862df98ed005698b7e4022","pending","","auto_flags=none"
"tohsakarin_355332002761f071","tohsakarin_355332002761f071","audio/processed/tohsakarin_355332002761f071.wav","果然","0.882","48000","1","-1.720737","-54.246437","41.46376","0.13253","0","0.216867","179.211928","224.49241","328.676126","4b01d5b8d0a3413961d37073e883e0babf2448009210ee1931c6618db4a98820","pending","","auto_flags=too_short"
"tohsakarin_35894195f65bc8cc","tohsakarin_35894195f65bc8cc","audio/processed/tohsakarin_35894195f65bc8cc.wav","英雄王，如果向你的大杯里注入魔力，能重新进行主从指定，把全部令咒集于一身么？","7.282958","48000","1","-1.000152","-240","225.109963","0.219619","0.000072","0.660322","148.109755","237.841423","362.588541","b57c4f087ae3978c18a6ffa04c926a46b09578267f8c20506a58e98f69fd412f","pending","","auto_flags=none"
"tohsakarin_35cb5390bdbaf3d7","tohsakarin_35cb5390bdbaf3d7","audio/processed/tohsakarin_35cb5390bdbaf3d7.wav","至此，七对主从，十四位英雄全部现身。对抗神明的英雄已尽数集结。","7.010333","48000","1","-1.000152","-69.060081","53.852346","0.223404","0.00003","0.607903","50","215.596437","414.10597","4b02642f8a3bddcffdcbc1c33a65902ab4dd9a03158d682b610abc5c811aaf2b","pending","","auto_flags=none"
"tohsakarin_3605523bdc8b9269","tohsakarin_3605523bdc8b9269","audio/processed/tohsakarin_3605523bdc8b9269.wav","善手","0.795","48000","1","-3.24992","-60.405685","45.128555","0.2","0","0.293333","189.868424","264.851427","386.374532","67f7b49a6b6becd8a298dc699071441e9178426119bdf4d77ee509d725784ef1","pending","","auto_flags=too_short"
"tohsakarin_3635b969a7f05295","tohsakarin_3635b969a7f05295","audio/processed/tohsakarin_3635b969a7f05295.wav","传说中长了一张凶恶的脸、有着老虎般的咬合力、伸缩自如的触手的尖啸魔物…吧？","9.07","48000","1","-1.000152","-59.358868","44.796225","0.148061","0.000055","0.591069","186.606598","301.397336","495.310544","ea5b34a8868256bec8342cde67366a2b5740c87e79bfe175473e3e4097298521","pending","","auto_flags=none"
"tohsakarin_36ae937fd6ed8b31","tohsakarin_36ae937fd6ed8b31","audio/processed/tohsakarin_36ae937fd6ed8b31.wav","当局者迷旁观者清，但只有亲身体会过两种立场的人，才能明白其中真正复杂的问题。","7.218","48000","1","-1.000152","-82.185165","67.46375","0.181684","0.000006","0.584934","142.240602","220.00038","360.500185","2649f8fd132eed7c882895daba9820a4d905e3b08f7dfb30bf7f76362b203828","pending","","auto_flags=none"
"tohsakarin_36e6bb808ae42724","tohsakarin_36e6bb808ae42724","audio/processed/tohsakarin_36e6bb808ae42724.wav","他和土地联系的十分紧密大概也是幻造种吧","4.384","48000","1","-1.000152","-88.79834","75.198786","0.235437","0","0.567961","149.830708","237.841423","390.863987","4b4055f3aae8f5a94aa6e58214ba86d2e73cb68f8a35dd593e1d8dc7d0f55fe7","pending","","auto_flags=none"
"tohsakarin_36f53fa2683cf1f1","tohsakarin_36f53fa2683cf1f1","audio/processed/tohsakarin_36f53fa2683cf1f1.wav","「乌鲁克的大杯」——王将亲自用它召开酒宴，为决战壮行。","5.529167","48000","1","-1.000152","-70.432503","56.39621","0.250482","0.000019","0.678227","50","239.219224","462.141079","77878dd9918dc87470e183b69744aef77ae07f7895e0cffec85185f7efe797a8","pending","","auto_flags=none"
"tohsakarin_3728cd7b5243520f","tohsakarin_3728cd7b5243520f","audio/processed/tohsakarin_3728cd7b5243520f.wav","你难道就不好奇，她究竟是怎么撬开宝库的吗？","4.281","48000","1","-1.000152","-89.54332","75.778648","0.243781","0","0.579602","159.659677","292.817139","423.785238","ccf80cad70ebd3786d877388591400bcffcbc3489f0e0fa9ea42300f9f008257","pending","","auto_flags=none"
"tohsakarin_38609f927a0e790c","tohsakarin_38609f927a0e790c","audio/processed/tohsakarin_38609f927a0e790c.wav","菲德小姐你根本不想战斗对不对请照他说的做吧","4.619","48000","1","-1.000152","-89.977997","76.620346","0.329493","0","0.414747","184.463239","302.270325","421.344414","c9f84189a62d94f6bc0076507f3cd711e059853a200c412e0199b12f89f828c2","pending","","auto_flags=none"
"tohsakarin_387796688e165fd3","tohsakarin_387796688e165fd3","audio/processed/tohsakarin_387796688e165fd3.wav","事到如今，如果只是听到要付出代价就选择退缩，岂不是要让大英雄们看笑话？","7.538","48000","1","-1.000152","-92.955055","77.927276","0.301273","0.000011","0.479491","157.825829","271.634489","1061.721394","e58b858b3e54edb3861b5fd641f86e2ad95da5113acfbaa465ab9997f926df75","pending","","auto_flags=none"
"tohsakarin_38cf92c28b97d0db","tohsakarin_38cf92c28b97d0db","audio/processed/tohsakarin_38cf92c28b97d0db.wav","别、别听{M#他}{F#她}瞎说！我们自愿放弃拒绝的权利！","3.157","48000","1","-1.000152","-50.833221","38.534671","0.135135","0","0.587838","237.841423","369.995062","546.416103","280cead6e64b12e469b01fd6f8ef96503cac50964814e84af987fadb04837113","pending","","auto_flags=none"
"tohsakarin_391cf84a105b8b16","tohsakarin_391cf84a105b8b16","audio/processed/tohsakarin_391cf84a105b8b16.wav","齐楚为实以契约之大功","2.727875","48000","1","-1.000152","-64.293312","48.388628","0.207031","0.000015","0.558594","50","220.635764","297.935493","f2588f89167e54a50f46e16782e034a78bdeba0426a1e1fe29195b46786aac8d","pending","","auto_flags=none"
"tohsakarin_399ec7f9c9743842","tohsakarin_399ec7f9c9743842","audio/processed/tohsakarin_399ec7f9c9743842.wav","先祖为我原本家仙师修拜因傲骨","3.883563","48000","1","-1.000152","-69.137878","54.53833","0.172603","0","0.561644","154.221083","256.388816","344.220575","773a7ad80ac09071b890048fc2e28f7f640ee6b7fe5a08eb72a53476064a17ce","pending","","auto_flags=none"
"tohsakarin_3a469f6782762916","tohsakarin_3a469f6782762916","audio/processed/tohsakarin_3a469f6782762916.wav","啊啊至于到了下个世纪怎么办嗯你到时候再看吧","6.112","48000","1","-0.999854","-73.453537","58.868229","0.231707","0.000007","0.531359","145.565318","270.069989","935.021799","3aede066cf55257598f193f519e82e6ba7c47581e1b582a3aea1cd7ea8a4f2b2","pending","","auto_flags=none"
"tohsakarin_3a6accedb43698ec","tohsakarin_3a6accedb43698ec","audio/processed/tohsakarin_3a6accedb43698ec.wav","家传的宝石、地下室的管理方式…看他毫无保留的样子，哪怕我还小，也能察觉到了。","9.491","48000","1","-1.000152","-93.13781","77.888375","0.369663","0.000002","0.304494","147.256706","203.495938","303.143313","aa5ee6d8dc3870d124760173ac42bb69c0a5bec9127c6d415d12df1eb478cfc0","pending","","auto_flags=excess_silence"
"tohsakarin_3ac86f173b8ed642","tohsakarin_3ac86f173b8ed642","audio/processed/tohsakarin_3ac86f173b8ed642.wav","我的荣幸。说不定，我永远都忘不掉这场圣杯战争了。","5.393","48000","1","-0.999854","-79.224823","65.037831","0.373518","0.000015","0.539526","50","204.674778","362.588541","ab188318b46b8eb545f596d51ad0bbe33b189e0308cf71c6f34ddc786b488683","pending","","auto_flags=excess_silence"
"tohsakarin_3c96fdeef13f9db7","tohsakarin_3c96fdeef13f9db7","audio/processed/tohsakarin_3c96fdeef13f9db7.wav","<size=36>本人潜心多年的研究成果——</size>","2.117","48000","1","-0.999854","-31.870653","17.75913","0.060302","0.00001","0.718593","198.848085","265.430348","459.479342","034131afbc542b631c3b0baa3b9f22d36a96961ba8a27e243f36818e95ce1e1a","pending","","auto_flags=low_snr_proxy"
"tohsakarin_3cc007ad3f53def6","tohsakarin_3cc007ad3f53def6","audio/processed/tohsakarin_3cc007ad3f53def6.wav","哎接下来聊聊真正的元凶吧这家美食带你来的那个女孩呢","6.584","48000","1","-1.000152","-240","224.574132","0.419094","0.000028","0.472492","164.338063","264.665965","416.504861","a5f0b69d8aa03450e8c21d746750656168ba5917f6d459923a3978c4f4d2e8ea","pending","","auto_flags=excess_silence"
"tohsakarin_3d07827a3b7b86cd","tohsakarin_3d07827a3b7b86cd","audio/processed/tohsakarin_3d07827a3b7b86cd.wav","请不要这么说。我是这场事件的元凶，于情于理都应该给各位一个交代。","7.374","48000","1","-1.000152","-240","225.370047","0.348266","0","0.421965","143.893358","232.409117","296.21951","a5977d51119da56e4970452ad191975000a988b329d139cf81a584784b79b679","pending","","auto_flags=none"
"tohsakarin_3d20c184070b7f29","tohsakarin_3d20c184070b7f29","audio/processed/tohsakarin_3d20c184070b7f29.wav","啊不为什么","1.915","48000","1","-1.179856","-240","225.073215","0.588889","0","0.372222","211.892619","346.214624","552.765152","114d098f6a2d55f9bc3d003ca89960318099468a012557fb12a0e74735c1752d","pending","","auto_flags=too_short|excess_silence"
"tohsakarin_3d51afea2b8ac820","tohsakarin_3d51afea2b8ac820","audio/processed/tohsakarin_3d51afea2b8ac820.wav","诶所见略同","1.861","48000","1","-1.015036","-88.513374","74.686177","0.337143","0","0.234286","182.344498","297.935493","375.375199","586dc3d173d4f0da9681136f87b34ae275854bc0fc233522bd5a4b5139edab59","pending","","auto_flags=too_short"
"tohsakarin_3e2516be18c948f2","tohsakarin_3e2516be18c948f2","audio/processed/tohsakarin_3e2516be18c948f2.wav","宣告令咒：白厄，解放宝具——烧尽女神自缚以冷血的枷锁吧！","7.231813","48000","1","-1.000152","-85.839401","71.537695","0.340708","0.000037","0.466077","50","284.481204","585.634278","f0327f4f4464c21081d84e835647677f29e2241384ed718d8672ca5652de90de","pending","","auto_flags=none"
"tohsakarin_3e5dbae2413bad57","tohsakarin_3e5dbae2413bad57","audio/processed/tohsakarin_3e5dbae2413bad57.wav","哎还真是被侦探大哥狠狠算计了一番啊在头脑和不考虑他人心情这方面倒是和那个英雄王如出一辙呢","9.98","48000","1","-1.000152","-68.812164","54.705297","0.17094","0.000004","0.625","153.332834","260.870414","397.69617","91ee336ab2fa216c7bc6e55e4ec8ebb35601bd4b8c08b6383ba887525ac5bc8c","pending","","auto_flags=none"
"tohsakarin_3e7d2303b698cde9","tohsakarin_3e7d2303b698cde9","audio/processed/tohsakarin_3e7d2303b698cde9.wav","现在，从犯已经拿下…接下来，我们就该专心对付真凶，女神伊什塔尔了。","6.645","48000","1","-1.000152","-91.759338","77.380271","0.272873","0.000025","0.507223","140.606829","254.912125","1080.279957","8986de8674fc027b0b34238e21f523ce045b0517b473a8b1722c7e2a674c0729","pending","","auto_flags=none"
"tohsakarin_3ec2cf2647e680a9","tohsakarin_3ec2cf2647e680a9","audio/processed/tohsakarin_3ec2cf2647e680a9.wav","你怎么知道…等等，不对！","2.967854","48000","1","-1.000152","-72.577866","59.110032","0.487455","0","0.415771","50","59.662428","533.935942","5646edac3de0c9076f0cee261296f5fef99352dd9994ee022657584584590498","pending","","auto_flags=excess_silence"
"tohsakarin_3f0b3d032173cd14","tohsakarin_3f0b3d032173cd14","audio/processed/tohsakarin_3f0b3d032173cd14.wav","圣杯战争是在遥远的过去三位魔术名家为了各自崇高的理想创造的杰作可惜事与愿违但我仍会为自己的理想沿前人道路不断前进哼毕竟我是岩版家主嘛","18.82","48000","1","-1.000152","-91.619888","76.780964","0.333144","0.000009","0.487819","143.064593","233.75545","416.504861","40438ee6a5f399a0a900155ba05bfc4366eccf59f8444e721a9b7c15b6e6e816","pending","","auto_flags=too_long"
"tohsakarin_402cbdbc6a5bdac7","tohsakarin_402cbdbc6a5bdac7","audio/processed/tohsakarin_402cbdbc6a5bdac7.wav","这场黄金雨引发了大骚乱治安官朽义和蓝色找到了我们就这样幻造圣杯战争特别行动小组成立了","9.325","48000","1","-1.000152","-88.723198","74.429558","0.265143","0.000009","0.533714","50.873985","257.874062","441.271529","2ea0e597d5f53db26a81e7bf01d80c332b9959939ec39fcce415ca22f2be3aa6","pending","","auto_flags=none"
"tohsakarin_40463a112e8a0c5f","tohsakarin_40463a112e8a0c5f","audio/processed/tohsakarin_40463a112e8a0c5f.wav","「在此起誓：我乃成就世间一切善行之人，我乃摧毁世间一切恶行之人——」","8.381187","48000","1","-1.000152","-72.489883","56.581894","0.291349","0","0.416031","164.338063","266.967971","512.777633","c29e349bcc10c887bd141f1173459a42d3390ab208080ebc55c742c506bd66d9","pending","","auto_flags=none"
"tohsakarin_40c9426daa714bc7","tohsakarin_40c9426daa714bc7","audio/processed/tohsakarin_40c9426daa714bc7.wav","能久别重逢，真是太好了。","3.4","48000","1","-1.111202","-92.081207","78.657631","0.31348","0","0.23511","179.211928","221.913894","257.874062","44bcb81647abe6d4ddb8d69c6ae0695309b03b84d5784bf37fecee5acce696dd","pending","","auto_flags=none"
"tohsakarin_416fe12ea0a4aa5f","tohsakarin_416fe12ea0a4aa5f","audio/processed/tohsakarin_416fe12ea0a4aa5f.wav","…我就知道你会来的。","2.611","48000","1","-1.000152","-93.309128","76.002909","0.502041","0.000088","0.355102","166.247579","223.199429","386.374532","8837c0d25c52b794da121cd42cab8af5e26df3e24064265f516c0dbd946e86ad","pending","","auto_flags=excess_silence"
"tohsakarin_41891f3c19e92887","tohsakarin_41891f3c19e92887","audio/processed/tohsakarin_41891f3c19e92887.wav","然后，他为什么会背叛我们？","2.111","48000","1","-1.000152","-68.963066","57.940762","0.166667","0","0.651515","138.991822","225.792881","441.271529","ccdd44ad4ef746b5cabb0bc90bc3d9a9f7701638b410be15bcae620d5209beb4","pending","","auto_flags=none"
"tohsakarin_41ae2114db89561d","tohsakarin_41ae2114db89561d","audio/processed/tohsakarin_41ae2114db89561d.wav","T来吧——让这具承载着前进信念的身躯，重新和我融为一体吧","7.032375","48000","1","-1.000152","-85.167267","69.03434","0.398485","0.000065","0.525758","50","213.1201","411.720895","303a9f0382c6ab8570de0b5fc40eed78bd54de88f9cb44cf4d8bed365c21bd3f","pending","","auto_flags=excess_silence"
"tohsakarin_424e23552270bb33","tohsakarin_424e23552270bb33","audio/processed/tohsakarin_424e23552270bb33.wav","虽然很不想承认，但她和我很像，强硬又任性；明明是善神，却又时常展露出冷酷的一面——","8.941","48000","1","-1.000152","-93.650558","79.111413","0.303933","0.000014","0.498212","149.830708","261.626017","395.405608","8f99f16626d12ca09a1b75d01f1cbd0b996bedec7f778cc1560d21c97a3d6e6b","pending","","auto_flags=none"
"tohsakarin_42b20b4dc46973a1","tohsakarin_42b20b4dc46973a1","audio/processed/tohsakarin_42b20b4dc46973a1.wav","等下！他为什么会背叛我们？","2.292","48000","1","-1.000152","-240","226.27967","0.362791","0","0.4","148.109755","258.620986","418.917649","e4d5b3017d95889ab234e4a62b7edb856cb70332db29ffc227c164f6bb8ebbda","pending","","auto_flags=excess_silence"
"tohsakarin_439b6914ced96176","tohsakarin_439b6914ced96176","audio/processed/tohsakarin_439b6914ced96176.wav","那就明天见咯——就算我们都深受各自神明青睐，自己的人生也还是要亲手开拓，对吧？","7.953","48000","1","-0.999854","-85.145859","70.699276","0.280161","0.000013","0.47319","145.565318","284.481204","524.763242","8313b7b29a63fe3cc26885806aade135c894d6cef29017a83556402108d7a368","pending","","auto_flags=none"
"tohsakarin_43fb6b68cb740451","tohsakarin_43fb6b68cb740451","audio/processed/tohsakarin_43fb6b68cb740451.wav","…是「死亡」的气息。","1.305","48000","1","-2.583301","-47.876556","31.996905","0.105691","0","0.04065","1043.481656","1067.871883","1092.832205","d981ece54b80fc027d399a4bb5e37d8135d9606a293ef2c7cba27612b41eab67","pending","","auto_flags=too_short"
"tohsakarin_44170fc79eca29aa","tohsakarin_44170fc79eca29aa","audio/processed/tohsakarin_44170fc79eca29aa.wav","就这么定了！","0.672","48000","1","-1.000152","-67.823784","54.084603","0.15625","0","0.484375","239.219224","310.228952","448.984819","5789032d4c85282dabfce9669a81d4a30107e8114ded5b5abf85f59589b52c3f","pending","","auto_flags=too_short"
"tohsakarin_44b3c34d3020420c","tohsakarin_44b3c34d3020420c","audio/processed/tohsakarin_44b3c34d3020420c.wav","我也没那么惦气白痴了这种点点点就能通关的游戏还是会的","4.777","48000","1","-1.000152","-75.187889","61.201311","0.145089","0.000009","0.741071","50","272.42127","546.416103","647d88c4a2b3521aa56a32f76f4c767aa182e5c0a2a9afa92b85e9c00d1abcae","pending","","auto_flags=none"
"tohsakarin_44bca9ce17c101e1","tohsakarin_44bca9ce17c101e1","audio/processed/tohsakarin_44bca9ce17c101e1.wav","但与往常不同的是，我们这次的目标不是争夺圣杯，而是争夺财宝。","5.317","48000","1","-1.000152","-84.281448","70.369321","0.204409","0","0.533066","147.256706","221.913894","416.504861","7c424bcefcf37ef687fb2acb8b1c45a833884614a24a717df44232404da71644","pending","","auto_flags=none"
"tohsakarin_454251fe1b825405","tohsakarin_454251fe1b825405","audio/processed/tohsakarin_454251fe1b825405.wav","啊！","0.954","48000","1","-6.440941","-51.680363","21.115292","0.255556","0","0","","","","45c8964fc32d4465c473e4fa344f8bc4791ec14b6a9d9582909c7d4e9a81bb36","pending","","auto_flags=too_short|pitch_unresolved"
"tohsakarin_45592e7f57d672e1","tohsakarin_45592e7f57d672e1","audio/processed/tohsakarin_45592e7f57d672e1.wav","嗯这位是","1.84","48000","1","-1.589883","-77.434174","63.50798","0.236994","0","0.560694","193.187266","237.841423","416.504861","c2cb8bdf2f5f5ca7d298c3f6741efab7ff6977c7fcfbcef9ba4aa17c847a2ff5","pending","","auto_flags=too_short"
"tohsakarin_45602fe2a5d44d1a","tohsakarin_45602fe2a5d44d1a","audio/processed/tohsakarin_45602fe2a5d44d1a.wav","哎，没办法…虽然很在意，但凡事都得一步一个脚印。","6.774","48000","1","-1.000152","-91.376015","77.429435","0.353774","0.000018","0.391509","172.110287","243.400703","924.282157","4af9dc764622c3cbee76047ff59e22e1ac3d01cc949a283b8fcf81813f021876","pending","","auto_flags=excess_silence"
"tohsakarin_457371474e57786a","tohsakarin_457371474e57786a","audio/processed/tohsakarin_457371474e57786a.wav","啊…啊……","2.42","48000","1","-1.000152","-93.16761","73.846462","0.444934","0","0","","","","10461da9b2082962d056b28efa8951fcb0726e93937fd8a9bb8f3dfa1ffcf94d","pending","","auto_flags=excess_silence|pitch_unresolved"
"tohsakarin_459e2d73155b0619","tohsakarin_459e2d73155b0619","audio/processed/tohsakarin_459e2d73155b0619.wav","首先，最让人惊掉下巴的是，我和{NICKNAME}居然是被圣杯战争早早排除在外的倒霉蛋……","6.678","48000","1","-1.000152","-65.729645","52.419517","0.135566","0","0.61244","142.240602","259.367911","409.349557","b9f26e660ba22bfec2a098bc8d84f273b50de11fa11deee7457d74f2ff771ced","pending","","auto_flags=none"
"tohsakarin_45a5a3a920370ab2","tohsakarin_45a5a3a920370ab2","audio/processed/tohsakarin_45a5a3a920370ab2.wav","嗯嗯嗯让我看看我们的运势如何呢","5.709","48000","1","-0.999854","-75.129051","62.392044","0.253731","0.000004","0.617537","165.290064","253.44394","582.261273","896150c4ba56245adfc89b6e6516ea06644a6d5c60904ebb45478aa42ef5c352","pending","","auto_flags=none"
"tohsakarin_45b91d69dfa52b2a","tohsakarin_45b91d69dfa52b2a","audio/processed/tohsakarin_45b91d69dfa52b2a.wav","接下来，就是作战的核心了——","3.394333","48000","1","-0.999854","-79.841515","65.269382","0.448276","0.000031","0.523511","50","171.119005","475.682846","4d4b1ed6cbc2a138859380942c3e65e29e75f6d5447f83b2a3e811111541f93a","pending","","auto_flags=excess_silence"
"tohsakarin_46267510ff105846","tohsakarin_46267510ff105846","audio/processed/tohsakarin_46267510ff105846.wav","…我、我想听的不是这个啦！","2.07","48000","1","-1.000152","-96.286041","81.984328","0.230769","0.00002","0.512821","210.672207","315.783314","552.765152","574c0ccba7c12ea5a512bd7e61893d5967eac91917a883ccbf11f17d98c74c6f","pending","","auto_flags=none"
"tohsakarin_4635260fc5d4e77f","tohsakarin_4635260fc5d4e77f","audio/processed/tohsakarin_4635260fc5d4e77f.wav","至此有关radar霞蝶小姐的秘密终于大败她真正的御主原来是一同被赋予了幻造生命的妹妹波里西亚","10.501","48000","1","-1.000152","-91.130043","76.82431","0.316751","0.000002","0.490355","152.449702","225.792881","299.661415","d6c220bb679a9bd853279ab42c46e7d1c5c015285809b41fa4d6ce9dafc31253","pending","","auto_flags=none"
"tohsakarin_46ab2be333e4f950","tohsakarin_46ab2be333e4f950","audio/processed/tohsakarin_46ab2be333e4f950.wav","这家伙…一如既往让人恨得牙痒痒。","3.414146","48000","1","-1.000152","-57.277012","42.76425","0.202492","0.000006","0.336449","152.449702","215.596437","319.319355","08e6b0c8377543cad5b9b66ebe33eb843ed9e6f9ac3cdf0d40b15ed4f424397a","pending","","auto_flags=none"
"tohsakarin_46bc916255619bda","tohsakarin_46bc916255619bda","audio/processed/tohsakarin_46bc916255619bda.wav","你到底想要什么？","1.021","48000","1","-2.339088","-42.530651","28.314567","0.09375","0","0.645833","209.458825","267.750169","354.307008","017c9399ebe97eedeb8201e77bf868fbce82ca1af90f77fdda5c881857055a36","pending","","auto_flags=too_short"
"tohsakarin_46de11a23fa0f5c7","tohsakarin_46de11a23fa0f5c7","audio/processed/tohsakarin_46de11a23fa0f5c7.wav","以原本家的荣誉向你启誓今后我会为此一直努力","5.477","48000","1","-1.000152","-86.173157","71.521485","0.317121","0.000015","0.577821","50","216.845374","356.359487","a4ec6434ceb1f4318693af2cdc5117839c0df2302038a10532cf85e86eb1447a","pending","","auto_flags=none"
"tohsakarin_47023d84e6af4e9a","tohsakarin_47023d84e6af4e9a","audio/processed/tohsakarin_47023d84e6af4e9a.wav","所以我们必须制定自己的规则对自己有利的规则一场属于魔术师的真正的圣杯战争","8.822354","48000","1","-1.000152","-74.418793","59.544105","0.323671","0","0.547101","50","193.187266","358.423857","a177dbcd88524667a375f7807f2132e91f4d853a5f619e682e600acb4b80eebe","pending","","auto_flags=none"
"tohsakarin_477e862accdf77ef","tohsakarin_477e862accdf77ef","audio/processed/tohsakarin_477e862accdf77ef.wav","不过，创造属于「我」的圣杯战争……","3.773","48000","1","-0.999854","-240","225.835104","0.29096","0.000006","0.471751","145.565318","196.56412","326.783091","b52e33f2a0c5ae53ad4b985339dc71b50b3ec361ee6e010af2c08a36a687b0a0","pending","","auto_flags=none"
"tohsakarin_4796b66df1ebe5f9","tohsakarin_4796b66df1ebe5f9","audio/processed/tohsakarin_4796b66df1ebe5f9.wav","但为了父亲的遗致为了原版家的荣誉","4.436","48000","1","-0.999854","-82.852127","68.686712","0.387019","0","0.399038","145.565318","191.527845","294.513412","284c101ea43eebe186ce29d57bb28e9dc8b9fe11a5f78ac9cb685bbbd8e1a8e1","pending","","auto_flags=excess_silence"
"tohsakarin_47deb7041d55648b","tohsakarin_47deb7041d55648b","audio/processed/tohsakarin_47deb7041d55648b.wav","来日方长。而且，既然是我的从者，那就一定是最强的。","5.371","48000","1","-1.000152","-93.477402","78.586695","0.34127","0.000012","0.361111","151.571657","274.795314","456.832936","0595caceb4992b1bc03ba4c372bcbfcf35c10fc1c3a3bdc3efe76bce13fdfe2a","pending","","auto_flags=none"
"tohsakarin_4837cdfa205a6f7e","tohsakarin_4837cdfa205a6f7e","audio/processed/tohsakarin_4837cdfa205a6f7e.wav","继续我们的冒险吧，{NICKNAME}。不过，眼下或许可以先暂缓脚步——","4.866","48000","1","-1.000152","-240","226.764609","0.295405","0.000009","0.485777","165.290064","266.967971","428.709385","e8aa06d4dddf3a9255ecdafc912e618440e0e21c0f07c7d033d5fe35ad1e0fdc","pending","","auto_flags=none"
"tohsakarin_4908e315c7d7cfe5","tohsakarin_4908e315c7d7cfe5","audio/processed/tohsakarin_4908e315c7d7cfe5.wav","既然要并肩作战，当然要搞清楚搭档的实力才行吧？这可直接影响到作战方针哦？","6.395","48000","1","-1.000152","-92.775497","79.555123","0.18","0.000007","0.633333","158.740105","306.670785","443.827789","adfcce7ba831ed6cc422cebd64571309f9258eb0264cc762bbb994102d825314","pending","","auto_flags=none"
"tohsakarin_495679e7fc7cf7a7","tohsakarin_495679e7fc7cf7a7","audio/processed/tohsakarin_495679e7fc7cf7a7.wav","等、等下！你看清楚——","1.68525","48000","1","-1.000152","-91.717834","79.207157","0.316456","0.000025","0.424051","354.307008","524.763242","696.440451","38706f142f25a415eb69f7e6316ec87d437a6f9c823a5e4fc08f9acbee0dc481","pending","","auto_flags=too_short"
"tohsakarin_4998ff990c6352a2","tohsakarin_4998ff990c6352a2","audio/processed/tohsakarin_4998ff990c6352a2.wav","嗯，我","3.081","48000","1","-2.238696","-93.340561","73.820827","0.515571","0","0.065744","324.900959","973.602811","1086.537955","f82b19f9ee6c05356918a92a84e3a9a25973daa6f31f82246f702679c85b945a","pending","","auto_flags=excess_silence"
"tohsakarin_4a4456967aeb7ee1","tohsakarin_4a4456967aeb7ee1","audio/processed/tohsakarin_4a4456967aeb7ee1.wav","——然后，","3.104687","48000","1","-16.776955","-69.870247","38.139568","0.59589","0","0.106164","50","51.763246","57.434918","ad4a772e92de29b4dca42b797eedd2b059330e9f045a7dc7d5a26af08a3dd4b1","pending","","auto_flags=excess_silence"
"tohsakarin_4a8ccf79e48f8c9e","tohsakarin_4a8ccf79e48f8c9e","audio/processed/tohsakarin_4a8ccf79e48f8c9e.wav","以自己的幻葬身躯为代价霞蝶和波里西亚小姐将自己所承载的缘化作至纯粹的魔力原原本本的交到了我的手中","10.287","48000","1","-1.000152","-90.939003","76.342964","0.212435","0.000004","0.566839","149.830708","215.596437","324.900959","8f9d1529fb66c4166d1bac1e9ae74785a21c86fd6b93b1c14a28c28b13fbf54b","pending","","auto_flags=none"
"tohsakarin_4b67bdb12fdad4f3","tohsakarin_4b67bdb12fdad4f3","audio/processed/tohsakarin_4b67bdb12fdad4f3.wav","啊明明很帅","1.571","48000","1","-0.999854","-84.283836","67.450249","0.371622","0.000013","0.364865","157.825829","397.702804","578.907695","e114a544ca4c3d9c882e099aa3de0071c76815922da2e04ab0484e5b224e6035","pending","","auto_flags=too_short|excess_silence"
"tohsakarin_4b6dfdb3ed061ce1","tohsakarin_4b6dfdb3ed061ce1","audio/processed/tohsakarin_4b6dfdb3ed061ce1.wav","「既然是我的从者，那就一定是最强的」","3.814","48000","1","-1.000152","-240","225.329399","0.315642","0.000005","0.410615","172.110287","346.214624","1080.279957","da5e8a356d8c869c4f85ca8f9d7d750af0be84c55065e17215d709adf8edbbce","pending","","auto_flags=none"
"tohsakarin_4b8cb6b181f45b91","tohsakarin_4b8cb6b181f45b91","audio/processed/tohsakarin_4b8cb6b181f45b91.wav","（潜伏了这么多天，连圣杯都偷来了，但还是不知道要怎么离开……）","7.206229","48000","1","-0.999854","-55.535767","41.580997","0.241124","0","0.316568","50","223.199429","362.588541","c28af0132501cb412711e96908172b695a73c7dba288fced8d67e067a96480f8","pending","","auto_flags=none"
"tohsakarin_4be3c8dca48a1eba","tohsakarin_4be3c8dca48a1eba","audio/processed/tohsakarin_4be3c8dca48a1eba.wav","毕竟，那是他第一次摸我的头。","2.845","48000","1","-1.000152","-93.329491","76.973869","0.359551","0.000015","0.307116","143.064593","186.606598","286.129186","066290bbf510d3f4929687add2fb20748152337047ba40e00cddd297b92148d0","pending","","auto_flags=excess_silence"
"tohsakarin_4c50a9afbbce154e","tohsakarin_4c50a9afbbce154e","audio/processed/tohsakarin_4c50a9afbbce154e.wav","总之，事态不算简单，好在目标还算清晰。","5.01","48000","1","-1.000152","-92.223427","77.261605","0.36383","0.000012","0.410638","151.571657","241.998818","404.647776","6aa728e98b4d8f2978d4aa2c552a289ad6d3f37bafe3967839595a8afdf370a5","pending","","auto_flags=excess_silence"
"tohsakarin_4c52c1a9c3d413c3","tohsakarin_4c52c1a9c3d413c3","audio/processed/tohsakarin_4c52c1a9c3d413c3.wav","不愧是我的从者。","1.8","48000","1","-1.43029","-93.135056","79.279195","0.366864","0","0.384615","179.211928","228.416468","478.438449","b3a7c16f39bb13b57a291ba33d99ec7fdbb9d5ebe65915ae3213d1063ee9d6e6","pending","","auto_flags=too_short|excess_silence"
"tohsakarin_4c5dc146460241c5","tohsakarin_4c5dc146460241c5","audio/processed/tohsakarin_4c5dc146460241c5.wav","原力只够维持七天时间还算充裕接下来就看对方能提供什么样的支持了","8.563","48000","1","-1.531826","-62.54314","48.85061","0.328767","0","0.600249","178.179744","250.532888","312.02609","00c0f61ef9e279024491b15cefd3489b3a84f4165053160c78e118316f99f4f8","pending","","auto_flags=none"
"tohsakarin_4cb65dcef40ef991","tohsakarin_4cb65dcef40ef991","audio/processed/tohsakarin_4cb65dcef40ef991.wav","此为最后的令咒宣告遵从圣杯之戒律将此人我的从者加以戒律之法","9.719","48000","1","-1.000152","-93.399803","78.023438","0.435307","0.000009","0.566886","50","194.306388","423.785238","96d058af2b23f9898c9b0aeba1618c615f7893252fee820c793e5b48042b02f5","pending","","auto_flags=excess_silence"
"tohsakarin_4cef465b03e984c3","tohsakarin_4cef465b03e984c3","audio/processed/tohsakarin_4cef465b03e984c3.wav","嗯，不过你先别急，我还有话没说完。","2.010771","48000","1","-0.999854","-68.302322","55.916396","0.365079","0.000031","0.37037","50","209.458825","249.089924","62ab169b563f8be2d4b6f4313beaa06e94860e0d7a2a5ed12100ea0a0e5be9c4","pending","","auto_flags=excess_silence"
"tohsakarin_4d6fc3dad98bea38","tohsakarin_4d6fc3dad98bea38","audio/processed/tohsakarin_4d6fc3dad98bea38.wav","我师父就好这口。本来计划走之前再来买礼物，没想到居然提前了。","5.579","48000","1","-1.000152","-89.617523","75.401512","0.253817","0.000004","0.543893","156.91682","263.901582","443.827789","97471555af2917a50b63d7a7250c303b5888a55a15b2950c3898f0add72cfafe","pending","","auto_flags=none"
"tohsakarin_4d7a9dc1665020f0","tohsakarin_4d7a9dc1665020f0","audio/processed/tohsakarin_4d7a9dc1665020f0.wav","啊也不能忘了火花和他的蝴蝶从者","3.206","48000","1","-1.000152","-90.884079","77.04631","0.272425","0.000071","0.458472","177.153504","265.430348","319.319355","34bb52b32ebdffc54c7a465cab38b59a42a44f96dad87cebbb586aa95583820c","pending","","auto_flags=none"
"tohsakarin_4dffcee886dd4345","tohsakarin_4dffcee886dd4345","audio/processed/tohsakarin_4dffcee886dd4345.wav","以至于，她连如此微弱的力量都不能放过——这枚破碎的宝石，就是她步入穷途末路的证明。","8.06625","48000","1","-1.000152","-69.688599","55.255257","0.233818","0.000059","0.673712","50","203.495938","381.936642","bc1bd7160ece62374aabcc8c4db3e0df3e8f0d82973ca7481d944deba69093d2","pending","","auto_flags=none"
"tohsakarin_4f52145b09bfc9be","tohsakarin_4f52145b09bfc9be","audio/processed/tohsakarin_4f52145b09bfc9be.wav","不愧是史诗中的英雄。","2.826","48000","1","-2.152346","-93.202141","77.934435","0.407547","0","0.286792","180.250093","258.620986","348.220225","8898124d958738c046d30a26e50f3b184b1468a6b6cd8202b686078e5e97bb7d","pending","","auto_flags=excess_silence"
"tohsakarin_4ff656f2a6ecb36f","tohsakarin_4ff656f2a6ecb36f","audio/processed/tohsakarin_4ff656f2a6ecb36f.wav","嗯你谁","1.762","48000","1","-1.000152","-91.12941","77.768953","0.506024","0","0.39759","159.659677","227.758677","340.266864","011d0cad91dddde29201e5d71dd5f4abc1d26b0cd230fce788d2c12686869cb4","pending","","auto_flags=too_short|excess_silence"
"tohsakarin_50b79557f339b03f","tohsakarin_50b79557f339b03f","audio/processed/tohsakarin_50b79557f339b03f.wav","等等话说回来如果召唤仪式完全由怨力构成那是不是意味着被召唤的从者压根提供不了任何魔术方面的援助","10.83425","48000","1","-1.000152","-46.409122","31.874352","0.125","0","0.732283","181.294271","250.532888","481.210014","45a016d293b7c83f08d4c4d8f99b1bd7c29d352a51a66f1ef7998cf6e58555cf","pending","","auto_flags=none"
"tohsakarin_50eb9ca903a0ae73","tohsakarin_50eb9ca903a0ae73","audio/processed/tohsakarin_50eb9ca903a0ae73.wav","宣告令咒travelaser解放宝具将所有不讲道理的规则统统打破吧","8.020021","48000","1","-1.000152","-92.338676","77.933867","0.368351","0.000135","0.31516","214.354693","348.220225","696.440451","6a0261f632dd7a7539da8bdc642a8dd2167cd1c8479522c259fd796acbec62a7","pending","","auto_flags=excess_silence"
"tohsakarin_516cf9b1527ab5e0","tohsakarin_516cf9b1527ab5e0","audio/processed/tohsakarin_516cf9b1527ab5e0.wav","啊说到这个","1.79","48000","1","-1.995178","-88.996613","74.132111","0.452381","0","0.202381","235.109581","267.750169","395.405608","240a7352137d1b889dac5b54aac8072edebcdbaad834b14bac65585a1ca5c6dd","pending","","auto_flags=too_short|excess_silence"
"tohsakarin_51fff572fa428daf","tohsakarin_51fff572fa428daf","audio/processed/tohsakarin_51fff572fa428daf.wav","<size=36>为什么会这样啊——？！</size>","2.385","48000","1","-3.856344","-34.450432","19.950711","0.049107","0","0.919643","344.220575","559.187974","877.459984","d74fe65c8c9874384c993a6a2c978f32b0b43bb83299bae39907b8e2752d5275","pending","","auto_flags=none"
"tohsakarin_5235cfec871ed76a","tohsakarin_5235cfec871ed76a","audio/processed/tohsakarin_5235cfec871ed76a.wav","啊呃英灵","1.808042","48000","1","-3.850561","-93.194305","81.717738","0.394118","0","0.676471","472.943114","668.842567","809.295552","e8c1ac477f765cbab4ed370a94941cb4ac1465f54567a5797583abfe52e94b7a","pending","","auto_flags=too_short|excess_silence"
"tohsakarin_5278ab326f2dedf0","tohsakarin_5278ab326f2dedf0","audio/processed/tohsakarin_5278ab326f2dedf0.wav","宣告令咒接","1.914396","48000","1","-1.000152","-85.843269","72.77968","0.327778","0.000076","0.233333","273.208051","384.149178","454.201772","7c16a1edeb398a7a39efd0df08600702adf23c894a22a8d521655a0083066e0a","pending","","auto_flags=too_short"
"tohsakarin_52a860d44a310f82","tohsakarin_52a860d44a310f82","audio/processed/tohsakarin_52a860d44a310f82.wav","欢愉？让我找找……","3.069","48000","1","-1.000152","-240","226.310328","0.309028","0","0.541667","166.247579","214.354693","489.621417","8a941c8f72710fbbd01d8090b42f3c8700e5afb439ebe75584cd5f511a90d773","pending","","auto_flags=none"
"tohsakarin_53a203153b1d8f2f","tohsakarin_53a203153b1d8f2f","audio/processed/tohsakarin_53a203153b1d8f2f.wav","靠原本加转换的魔术特性我可以在宝石里预存魔力用来抵消袭击者的魔术就像汽车的安全气囊","9.059062","48000","1","-0.999854","-71.452286","56.043397","0.256471","0.000009","0.602353","50","211.892619","350.237445","66372af23b02c437d162648e5642d7af8622b4fb2edf26ce3a8f9f054d8ee7b3","pending","","auto_flags=none"
"tohsakarin_5405d412cf8c168b","tohsakarin_5405d412cf8c168b","audio/processed/tohsakarin_5405d412cf8c168b.wav","不愧是我的从者。","1.773979","48000","1","-1.000152","-72.142487","56.598745","0.317365","0.000047","0.580838","50","254.912125","634.960421","9e0c0ca156881e24998ea38fa1b3236885e257693dd4e160d973e73456f7ad9f","pending","","auto_flags=too_short"
"tohsakarin_54302fa4e46e3d96","tohsakarin_54302fa4e46e3d96","audio/processed/tohsakarin_54302fa4e46e3d96.wav","现在，我们哪怕没有契约，也是共犯了。","4.43","48000","1","-1.000152","-85.991653","72.253536","0.346154","0","0.286058","161.514833","239.219224","375.375199","d4d0f8f0d9466c8aefd10f5db3756cc8d9e6e6f546b3881aa096089f8649f538","pending","","auto_flags=none"
"tohsakarin_54b1ff549d86eac2","tohsakarin_54b1ff549d86eac2","audio/processed/tohsakarin_54b1ff549d86eac2.wav","…真是他。难道，昨晚那场黄金雨是他搞的鬼？","5.141","48000","1","-1.000152","-92.128311","75.641638","0.383817","0.000036","0.282158","186.606598","305.782537","443.827789","efb992e9467d17875bbf94b5ea82d4774e214187303095d6b12df0b3a9ee1dc7","pending","","auto_flags=excess_silence"
"tohsakarin_54d5c9ab5d6515ad","tohsakarin_54d5c9ab5d6515ad","audio/processed/tohsakarin_54d5c9ab5d6515ad.wav","从哪里开始呢……","2.868","48000","1","-2.577949","-90.810677","77.388278","0.33829","0","0.33829","147.256706","220.635764","344.220575","9bbaa2e8a122d1353c9e57aa7b1cd835ec3c3a2fe5073d8e89585bcf5f30a8af","pending","","auto_flags=none"
"tohsakarin_553000247a0e81e5","tohsakarin_553000247a0e81e5","audio/processed/tohsakarin_553000247a0e81e5.wav","…这也太奢侈了吧？！","1.609958","48000","1","-2.940657","-34.555618","21.704285","0.059603","0","0.582781","218.101547","333.458221","555.967288","bbec44217b95de6b30e89f2fb0fdb3c9e821d716600daccdc26b8b1d67caa2ed","pending","","auto_flags=too_short"
"tohsakarin_55724e5c9d7a86ad","tohsakarin_55724e5c9d7a86ad","audio/processed/tohsakarin_55724e5c9d7a86ad.wav","是的…至少这场圣杯战争不行。","3.871","48000","1","-1.555256","-75.065712","60.834359","0.330579","0","0.261708","155.114476","203.495938","317.48021","7154d880176b2d94461373bd30d2453e13083d3d260a4cbdc7b6c0caa45699b1","pending","","auto_flags=none"
"tohsakarin_55d23d4725493f16","tohsakarin_55d23d4725493f16","audio/processed/tohsakarin_55d23d4725493f16.wav","最重要的是我们曾对彼此一无所知变成了能向对方敞开心扉的存在如果没有我这位可靠的从者只靠我一个人是绝对无法一步步走在这里的","14.323479","48000","1","-0.999854","-67.342888","52.466622","0.329114","0.000033","0.708116","50","200","346.214624","99b96d375c086c0a6cb0308fe80001e09bc095f6d461ffedb5a3853ae140c286","pending","","auto_flags=none"
"tohsakarin_566b07225b5882e0","tohsakarin_566b07225b5882e0","audio/processed/tohsakarin_566b07225b5882e0.wav","关为天空吧","1.268979","48000","1","-1.000152","-37.390854","24.201877","0.07563","0","0.705882","213.1201","261.634747","338.307071","c81fc0f135d98279eada6040dd86a6613ae5581fc8718ae401cb34bdc30a860d","pending","","auto_flags=too_short"
"tohsakarin_5693381d73b886b0","tohsakarin_5693381d73b886b0","audio/processed/tohsakarin_5693381d73b886b0.wav","你看：签上说，影响我们命运的关键人物一共有三人。","5.107","48000","1","-1.000152","-77.362549","64.139728","0.219207","0.000041","0.617954","163.391545","270.069989","418.917649","89295bda54b74e5dc1f113b8f8a12039cec39b548293045154ad0f23e864c53a","pending","","auto_flags=none"
"tohsakarin_5779862376c58359","tohsakarin_5779862376c58359","audio/processed/tohsakarin_5779862376c58359.wav","（虽然不知道这只圣杯到底是真是假，但似乎能对愿力产生反应。）","6.581854","48000","1","-1.000152","-67.236359","49.787653","0.330097","0.000003","0.307443","165.290064","258.620986","326.783091","2a10cbfdff3dadb4868592144166511f4516857dc610d3828c2e092d94f31b96","pending","","auto_flags=none"
"tohsakarin_57819fa3c22156a4","tohsakarin_57819fa3c22156a4","audio/processed/tohsakarin_57819fa3c22156a4.wav","<size=36>自在远坂流•宝石之火箭炮——！</size>","3.335646","48000","1","-0.999854","-91.820038","80.806202","0.223642","0.000062","0.383387","168.179283","304.980792","1092.832205","d2242e93c07b76c0d71d30c3ce0f17f0d8b422a7377e536a36c27192b6f3c3b4","pending","","auto_flags=none"
"tohsakarin_57f19971f7b4038a","tohsakarin_57f19971f7b4038a","audio/processed/tohsakarin_57f19971f7b4038a.wav","还有castter你们的主人是谁他在哪儿","4.931","48000","1","-0.999854","-240","224.113885","0.49892","0.000004","0.282937","180.250093","268.514501","475.682846","340ea6a41c8801300169cdc60065327b742b249a9a1e0c70707e6ae9b7e8cb3d","pending","","auto_flags=excess_silence"
"tohsakarin_582779aa3b189b23","tohsakarin_582779aa3b189b23","audio/processed/tohsakarin_582779aa3b189b23.wav","火花到处故布疑阵，就是想让所有人自相残杀，好独占所有财宝……","5.22","48000","1","-0.999854","-72.8974","58.925704","0.171429","0.000024","0.553061","159.659677","287.786716","1074.058002","41344dfc5b94e7e4ecd2e475e44b5c1c7f9fddee5f88c8c05a82d46e49838af2","pending","","auto_flags=none"
"tohsakarin_58417c7231993464","tohsakarin_58417c7231993464","audio/processed/tohsakarin_58417c7231993464.wav","嗯小叶女士找我","1.82","48000","1","-1.38043","-82.153198","68.207379","0.339181","0","0.426901","172.110287","243.400703","395.405608","9d6cc182e0b4ae29d67514c36d59626234c13dcf9abb16b62eb9772c87206007","pending","","auto_flags=too_short"
"tohsakarin_5896337870a928c1","tohsakarin_5896337870a928c1","audio/processed/tohsakarin_5896337870a928c1.wav","这可不是普通的首饰，而是神赐的珍宝——","3.176","48000","1","-0.999854","-82.894447","68.72118","0.191275","0","0.392617","156.013045","312.02609","478.438449","097d574f2b46faa424ed33b88eb7cbe2c595a2f6488e67340109548e0bc680c1","pending","","auto_flags=none"
"tohsakarin_58a32d40e8e02159","tohsakarin_58a32d40e8e02159","audio/processed/tohsakarin_58a32d40e8e02159.wav","B当然…说不定，我永远都忘不掉这场圣杯战争","5.694","48000","1","-1.000152","-85.11219","71.104506","0.404494","0","0.501873","50","211.282413","348.220225","dad5ef465b33c8079491ead79837a1dd2ec12b754b8538cb04933851b2ef5fea","pending","","auto_flags=excess_silence"
"tohsakarin_5917552723f23477","tohsakarin_5917552723f23477","audio/processed/tohsakarin_5917552723f23477.wav","啊？你说什么呢？","2.336521","48000","1","-1.000152","-65.073891","50.553886","0.527273","0","0.677273","50","50.289647","364.688995","3f31dc48574a733085cbe451b438b282af6285dc63e64285772e962b4353a1b1","pending","","auto_flags=excess_silence"
"tohsakarin_59485c97121d6644","tohsakarin_59485c97121d6644","audio/processed/tohsakarin_59485c97121d6644.wav","虽然喜欢看人类遇到麻烦但也无法放任不管就是因为这样才会赐福于我吧哎呀说到底果然是善神嘛","12.94","48000","1","-1.000152","-92.99646","78.389081","0.379736","0","0.384679","50","236.471557","448.984819","dd8a7c49e62574ddce6f39e8e8b2e8dbb914ae62e8bf1b9dafedb1a0e5be9cbb","pending","","auto_flags=excess_silence"
"tohsakarin_596f99c542210b93","tohsakarin_596f99c542210b93","audio/processed/tohsakarin_596f99c542210b93.wav","都说了，我不是小偷……","2.099","48000","1","-1.000152","-37.897804","24.09314","0.086294","0.00004","0.609137","176.133175","252.714075","489.621417","41765297aabb3c4f267489326452df19b52697a3c4c4a938309065b998193606","pending","","auto_flags=none"
"tohsakarin_598a9c8d38a357d4","tohsakarin_598a9c8d38a357d4","audio/processed/tohsakarin_598a9c8d38a357d4.wav","不过，我的过去虽然比不上你，但要想讲清楚，也得花点时间……","5.689","48000","1","-1.000152","-91.312187","77.179258","0.277154","0.000037","0.55618","150.698668","225.792881","338.307071","e6a3e063728df6f8fbfb9381673350695a99717881658eedae508210b7b3b90d","pending","","auto_flags=none"
"tohsakarin_5a5d7673c08f92ad","tohsakarin_5a5d7673c08f92ad","audio/processed/tohsakarin_5a5d7673c08f92ad.wav","虽然不是最佳时机，但就这样吧——","2.838354","48000","1","-1.000152","-66.192986","51.168941","0.250936","0.000037","0.52809","201.158588","324.900959","379.736848","2dab37bf34b6e04b4ce344cb9d7c9698582ace8745581e7a480db0e78bd322ec","pending","","auto_flags=none"
"tohsakarin_5a62dd36c742af9b","tohsakarin_5a62dd36c742af9b","audio/processed/tohsakarin_5a62dd36c742af9b.wav","菲德小姐你根本不想战斗对不对请照他说的做吧","4.619","48000","1","-1.000152","-88.948082","75.504754","0.329493","0","0.407834","182.344498","304.899405","421.344414","3901f3bcf5753e00a0e9ae2af85d8c300f395bf1b2419b4311c1665596f4eb32","pending","","auto_flags=none"
"tohsakarin_5a7248a8bc9f6466","tohsakarin_5a7248a8bc9f6466","audio/processed/tohsakarin_5a7248a8bc9f6466.wav","不为自己而活，就无法理解「幸福」的含义——所以，无论未来会变成什么样，都按自己的心意，放开手脚前进吧！","10.11","48000","1","-1.000152","-91.212608","76.679664","0.294304","0.000002","0.516878","50","242.69976","395.405608","4e711c1362012faff3bf6d9746c9368b4a45fb5df7f841745bf2ce1722f1eb56","pending","","auto_flags=none"
"tohsakarin_5a9985d6eca3098d","tohsakarin_5a9985d6eca3098d","audio/processed/tohsakarin_5a9985d6eca3098d.wav","正好，有关「根源」和「起源」我也整理成册了，就当作给两位的见面礼吧。","6.402","48000","1","-1.000152","-91.661385","78.071288","0.299501","0.000007","0.47421","139.796993","299.661415","418.917649","51b7f60c067059e5e2edd19208c4a09cc01bcc89b7bfeaa65996bb179ab14cea","pending","","auto_flags=none"
"tohsakarin_5b59716c029cbedf","tohsakarin_5b59716c029cbedf","audio/processed/tohsakarin_5b59716c029cbedf.wav","想都不要想。","0.863","48000","1","-1.000152","-60.486012","47.950473","0.148148","0","0.185185","246.228883","416.504861","486.801405","9e02beb52bad8a87298acc77bdebb35ebd41a445141c0511d4ad132a5651b6e5","pending","","auto_flags=too_short"
"tohsakarin_5b871d9132aa30ad","tohsakarin_5b871d9132aa30ad","audio/processed/tohsakarin_5b871d9132aa30ad.wav","恰好，大家交给我的魔力接下来一段时间完全绰绰有余……","4.365","48000","1","-1.000152","-54.646111","41.089108","0.112195","0.000038","0.714634","163.391545","249.089924","565.685425","eadbbcbfd3bbb1bb6c36bdde22938020dbbff21ec0a569dcc6dbe8d695c6e06f","pending","","auto_flags=none"
"tohsakarin_5cb5d2ebb22a0c9f","tohsakarin_5cb5d2ebb22a0c9f","audio/processed/tohsakarin_5cb5d2ebb22a0c9f.wav","来吧，让我施个切换背景音乐的魔术。想听点什么？","5.378","48000","1","-1.000152","-93.387688","78.14622","0.376238","0.000012","0.459406","161.514833","310.228952","451.585762","96f8ce7a096810b512ee9b32ede384c52ad6446abcc27e20aaeaab4348cb5c81","pending","","auto_flags=excess_silence"
"tohsakarin_5cfb7f0e4377c05f","tohsakarin_5cfb7f0e4377c05f","audio/processed/tohsakarin_5cfb7f0e4377c05f.wav","虽然没人知道这件武装的真相究竟如何……","4.075979","48000","1","-0.999854","-80.514725","66.658894","0.29765","0","0.629243","50","235.109581","313.833639","f6b147cc8c05fa748c1a32dd11838dc22e3577f66e81942f41924e60e278dc6c","pending","","auto_flags=none"
"tohsakarin_5dec940d62c7f7a0","tohsakarin_5dec940d62c7f7a0","audio/processed/tohsakarin_5dec940d62c7f7a0.wav","「记忆」？那，或许能挖掘出与火花和Rider有关的过去……","6.478","48000","1","-1.000152","-79.873924","65.371822","0.254934","0.00001","0.557566","154.221083","254.912125","506.887879","d2d60bd52bdb1ec04561bff5ed4461af2976c2c430af5eac10c7adae87f32b58","pending","","auto_flags=none"
"tohsakarin_5e592366ac48d1f9","tohsakarin_5e592366ac48d1f9","audio/processed/tohsakarin_5e592366ac48d1f9.wav","说的听起来比较威风但阿茶也不赖啊真难选啊","6.557","48000","1","-1.000152","-93.070404","78.989384","0.349593","0","0.40813","154.221083","257.874062","1099.162918","85c4bcbe9dec16c2b363a30336c0b864210804773dd8ff969854b5c66c59f4ee","pending","","auto_flags=none"
"tohsakarin_5e9d538a9218568c","tohsakarin_5e9d538a9218568c","audio/processed/tohsakarin_5e9d538a9218568c.wav","…他真是线人？我看不像侦探，倒像诈骗犯。","4.23","48000","1","-0.999854","-92.61824","77.464759","0.352645","0.000005","0.27204","161.514833","257.878364","421.344414","b67ff98035fc48c512bbd398ebdfa9fe52fb0c114adcccaf61615d4fd3f84c79","pending","","auto_flags=excess_silence"
"tohsakarin_5ebffae150067872","tohsakarin_5ebffae150067872","audio/processed/tohsakarin_5ebffae150067872.wav","我叫远坂凛请多关照阿强","2.988646","48000","1","-1.000152","-74.496735","60.831268","0.423488","0.000132","0.672598","50","181.294271","395.405608","e3d8df4682b3e03c38793f36cdbb3e1f7aea346deef86d18e7a1db7b51872bf1","pending","","auto_flags=excess_silence"
"tohsakarin_5ee60d1d9c55bd46","tohsakarin_5ee60d1d9c55bd46","audio/processed/tohsakarin_5ee60d1d9c55bd46.wav","这道结界回荡着呼唤，似乎能干涉精神稳定。如果听从声音回头，后果恐怕不堪设想……","9.25","48000","1","-0.999854","-90.251907","75.581537","0.264977","0.000007","0.412442","175.118722","270.069989","397.69617","434c2c31ccb11eff78a044dde8b08ffedbeb65683edbe0ea018edcac734629a4","pending","","auto_flags=none"
"tohsakarin_5f58d1a1e11bf1eb","tohsakarin_5f58d1a1e11bf1eb","audio/processed/tohsakarin_5f58d1a1e11bf1eb.wav","…真是个古怪的人。不过，谢谢你。","6.011","48000","1","-1.000152","-93.350792","76.398199","0.485816","0.000045","0.241135","151.571657","235.109581","348.220225","5eada70d3ed806bfd4f7a3b8b0224e45c0215c03cd3ab045c333901acae182b6","pending","","auto_flags=excess_silence"
"tohsakarin_5f64d4e7c8fc09c9","tohsakarin_5f64d4e7c8fc09c9","audio/processed/tohsakarin_5f64d4e7c8fc09c9.wav","要论世神我的从者里可有不少行家呢","4.212229","48000","1","-0.999854","-90.768837","77.017443","0.235443","0.000193","0.55443","170.133432","279.593987","492.457765","f24bf3868a9d92d821a1ad9196427e5c5cf14a143ee2a77a547d076bf244e820","pending","","auto_flags=none"
"tohsakarin_5fe0791c5b9bafee","tohsakarin_5fe0791c5b9bafee","audio/processed/tohsakarin_5fe0791c5b9bafee.wav","黑塔女士举银河瞩目的天才在致石命途上一往无前的佼佼者天哪她简直就是理想中的我","10.343","48000","1","-1.000152","-88.326797","73.162582","0.290722","0.000006","0.438144","50","256.388816","433.690748","fcbe61f27e83c076d1ad6102e242359cb3d80247aa6cfd8abcd24be9d93a294f","pending","","auto_flags=none"
"tohsakarin_602a6e5da52cbeb1","tohsakarin_602a6e5da52cbeb1","audio/processed/tohsakarin_602a6e5da52cbeb1.wav","有关他的宝具","1.182729","48000","1","-1.000152","-45.245438","31.745645","0.117117","0.000282","0.522523","178.179744","279.593987","411.720895","6777a796f013d216780ece8232eff269377f6ea90137d781e6ee38bbe0eee690","pending","","auto_flags=too_short"
"tohsakarin_60bf89234a2e9968","tohsakarin_60bf89234a2e9968","audio/processed/tohsakarin_60bf89234a2e9968.wav","说回神话只要他同意我就可以驱动大公天舟玛安娜把金星金星哦给我给我的发射出去","9.321","48000","1","-1.000152","-93.272896","78.518413","0.339817","0.000022","0.479405","182.344498","299.661415","521.740828","69d4d29581339cfe28c0f23d2d33aecde006518d17aeefaf41c2a79576a3a032","pending","","auto_flags=none"
"tohsakarin_60ffb9383117c2cb","tohsakarin_60ffb9383117c2cb","audio/processed/tohsakarin_60ffb9383117c2cb.wav","换句话说他不知道如何解放自己的星象世界","3.99675","48000","1","-0.999854","-64.926971","49.435691","0.192","0.00001","0.634667","50","205.267613","400","2be9e3c10074da5727b67394694d0c8a305af0375599b057e34dfb43c5553a0e","pending","","auto_flags=none"
"tohsakarin_6224035f51265807","tohsakarin_6224035f51265807","audio/processed/tohsakarin_6224035f51265807.wav","现在的我…或许能将过去的记忆，化作前进的力量。","4.627","48000","1","-0.999854","-77.475349","62.46212","0.200461","0.000045","0.52765","156.013045","244.810709","384.149178","b34a540e01fc63b96f191a634251035ab87f996ee5885bc953676729c204c10a","pending","","auto_flags=none"
"tohsakarin_6269af81e2740bc7","tohsakarin_6269af81e2740bc7","audio/processed/tohsakarin_6269af81e2740bc7.wav","正是因为坚信什么都不会失去，我才一路走到了这里。接下来的路，我也会一如既往——","7.55525","48000","1","-1.000152","-75.375053","60.092155","0.334274","0.000017","0.605078","50","204.674778","364.688995","e01c5598385416306f0487ff645bb0b4118121ac3de90104cbb2e609055e6a79","pending","","auto_flags=none"
"tohsakarin_626bc136f33013de","tohsakarin_626bc136f33013de","audio/processed/tohsakarin_626bc136f33013de.wav","魔术师师","1.765","48000","1","-1.000152","-92.460892","80.046767","0.542169","0.000035","0.26506","202.323888","219.364996","421.344414","4ddd4929c94c4531a700b84cdfb1b21a89a386302d72ef9ea462f37b72e20a4e","pending","","auto_flags=too_short|excess_silence"
"tohsakarin_62d4555acca9d7c5","tohsakarin_62d4555acca9d7c5","audio/processed/tohsakarin_62d4555acca9d7c5.wav","话说回来，朽叶女士就算了，侦探先生居然也不在…本来还想让他支援些情报的。","7.47","48000","1","-1.000152","-93.056015","78.230157","0.296719","0","0.473609","157.825829","260.870414","533.935942","9a1bcfa1259815d8bad5cfbfd8007097d61fd818e546364be660ef8f6a24e458","pending","","auto_flags=none"
"tohsakarin_62e9077859adeab3","tohsakarin_62e9077859adeab3","audio/processed/tohsakarin_62e9077859adeab3.wav","c炎枪…既威风，又蕴含「存护」的力量，确实很适合当宝具…难道是Lancer","9.49","48000","1","-1.000152","-93.285927","78.396584","0.393258","0.000011","0.394382","153.332834","231.070539","438.729992","83485c191a5c41568bb04f76e96ab5d0bc54b781a1bf2a9cd2fae2b5fa6ddee1","pending","","auto_flags=excess_silence"
"tohsakarin_634cef70fba6a321","tohsakarin_634cef70fba6a321","audio/processed/tohsakarin_634cef70fba6a321.wav","我会战胜她。战胜女神。战胜更完美的自己。","4.213","48000","1","-1.000152","-240","226.097371","0.298734","0.00001","0.486076","146.40857","247.655272","386.374532","47b657710ee61c26d21017bdb20b08d8be9d6e784ffe169288744b1298de212f","pending","","auto_flags=none"
"tohsakarin_64765fb74687a11e","tohsakarin_64765fb74687a11e","audio/processed/tohsakarin_64765fb74687a11e.wav","这个嘛，倒是简单。","2.239","48000","1","-1.000152","-82.796967","69.432509","0.328571","0","0.271429","158.740105","187.687599","393.128239","90a59c2940a55d8efcd28262bc874af2ea14cfe0680cb3a69ebc8d975fa520e7","pending","","auto_flags=none"
"tohsakarin_64964f8c02b133d1","tohsakarin_64964f8c02b133d1","audio/processed/tohsakarin_64964f8c02b133d1.wav","对应那场圣杯战争里阿赤主从的人是你们","3.141","48000","1","-1.000152","-44.297321","28.700236","0.098305","0.000027","0.664407","168.179283","260.119162","495.310544","cfc5e1903b6272634dfff0dd4a94f2652b90561be1c6909d53c1daead334fb57","pending","","auto_flags=none"
"tohsakarin_65578df14efe3161","tohsakarin_65578df14efe3161","audio/processed/tohsakarin_65578df14efe3161.wav","嗯恐怕就在昨晚接触到圣杯的我意外用怨力把脑海中的人和尸变成了现实而后圣杯在整个二象乐园里挑了七对主从打响了新的圣杯战争","13.663","48000","1","-1.000152","-87.426743","73.068494","0.306011","0.000005","0.485558","139.796993","225.792881","344.220575","c7f45abd72dbfd8ad0a5d4612b5e6f920ad6cd51f43b9899f6137c3063771a28","pending","","auto_flags=none"
"tohsakarin_663c187a311dd7c0","tohsakarin_663c187a311dd7c0","audio/processed/tohsakarin_663c187a311dd7c0.wav","我选的是「合金帕姆王」。","2.352","48000","1","-1.896024","-79.222412","66.241665","0.20362","0","0.597285","153.332834","229.743504","402.317176","794bd13064818dc9255daddb0444597d3b8c184f9a4399cd30d42f75f6d8ed80","pending","","auto_flags=none"
"tohsakarin_669fee0c56070e11","tohsakarin_669fee0c56070e11","audio/processed/tohsakarin_669fee0c56070e11.wav","拒绝也没用。不过放心，我不喜欢阶级分明的关系。","5.275","48000","1","-1.000152","-89.242973","75.547579","0.327273","0.000004","0.460606","171.119005","246.950317","837.835298","f6befae671eb6d34c86d62f7f58bf268794775d9c266e9bf2e63ad20a0494444","pending","","auto_flags=none"
"tohsakarin_66b600f17d54789b","tohsakarin_66b600f17d54789b","audio/processed/tohsakarin_66b600f17d54789b.wav","一切有情众生都患有名为「存在」的苦疾，而拥抱这种苦疾的一切症状，并乐在其中——","7.58","48000","1","-0.999854","-79.636322","64.90605","0.226442","0.000019","0.637131","50","228.416468","388.612776","547f22b39c0c748463a17f97555fa9e622272abf207e563388bf5c1b74e8525a","pending","","auto_flags=none"
"tohsakarin_66f99b938fd932e1","tohsakarin_66f99b938fd932e1","audio/processed/tohsakarin_66f99b938fd932e1.wav","才不要，也太暴力了！","1.973542","48000","1","-1.000152","-71.11821","60.519318","0.198925","0.00038","0.44086","172.110287","269.292245","537.029001","8e59a46ea504c2990bd5c3207932d8caef51bd1f40ab19879c4268b82f897cad","pending","","auto_flags=too_short"
"tohsakarin_672e296c79e1463f","tohsakarin_672e296c79e1463f","audio/processed/tohsakarin_672e296c79e1463f.wav","谁问你了！","1.283","48000","1","-1.000152","-47.631229","30.282862","0.115702","0.000016","0.471074","232.409117","483.997636","1086.537955","d7dc896ef81796bedc0252a8b89bd93c8fa1b6dd1af8500a6a74f374386739ab","pending","","auto_flags=too_short"
"tohsakarin_674610066b2228d0","tohsakarin_674610066b2228d0","audio/processed/tohsakarin_674610066b2228d0.wav","刚才你说「行胜于言」，我完全同意。所以，也请让我来亲身示范吧……","6.686","48000","1","-1.000152","-93.145546","78.436932","0.298246","0","0.46571","158.740105","239.219224","423.785238","05fc3f30cde2b557e356a61a03790e0639282c4c50a2e62d123f06d69172773d","pending","","auto_flags=none"
"tohsakarin_674b3ad9a04edbe7","tohsakarin_674b3ad9a04edbe7","audio/processed/tohsakarin_674b3ad9a04edbe7.wav","哎突然这么认真","2.278","48000","1","-0.999854","-87.892426","75.481619","0.336449","0","0.406542","170.133432","400","716.847714","3c53fced8440b56445dff8381aebb83ce6b4a05f70eb9644a19555f0e0d4317c","pending","","auto_flags=none"
"tohsakarin_67dfed0327d676b5","tohsakarin_67dfed0327d676b5","audio/processed/tohsakarin_67dfed0327d676b5.wav","这，就是我继续旅行的力量。","2.752","48000","1","-1.216369","-92.792778","78.628567","0.281853","0","0.467181","150.698668","219.364996","326.783091","40465c731cd7e5a4414f3440aeb5def618f7b992a2d20044147ef5ecddea7ad5","pending","","auto_flags=none"
"tohsakarin_6841fbae96e20f91","tohsakarin_6841fbae96e20f91","audio/processed/tohsakarin_6841fbae96e20f91.wav","嗯多亏了霞蝶和波里西亚小姐啊还有吉尔伽美什","5.540375","48000","1","-0.999854","-53.842888","40.366961","0.342308","0","0.390385","50","240.605007","312.02609","21fd9981be71c8998aa19b17a090f62dd9113d3c65184e70ea57cda2a953accc","pending","","auto_flags=none"
"tohsakarin_68799b275492940b","tohsakarin_68799b275492940b","audio/processed/tohsakarin_68799b275492940b.wav","但往好处想，这能证明他们刚才说的是真的：火花似乎并不打算把财宝全都据为己有……","7.112","48000","1","-1.000152","-93.156219","78.609483","0.244378","0.000003","0.536732","142.240602","227.758677","390.863987","8b99d823f708104cd20f34c7836fda6e9e72b03999a5601cdbb632b7ce44c155","pending","","auto_flags=none"
"tohsakarin_68939af4a757b897","tohsakarin_68939af4a757b897","audio/processed/tohsakarin_68939af4a757b897.wav","那是距今许多年前的事情了","2.072","48000","1","-1.000152","-33.387661","17.750526","0.071795","0","0.646154","149.830708","244.810709","336.358566","a9c7699b5033a80dfb0c89c721a6f5313a5e65ee69b4be74552377eb7463c151","pending","","auto_flags=low_snr_proxy"
"tohsakarin_69f15e0b33ba2727","tohsakarin_69f15e0b33ba2727","audio/processed/tohsakarin_69f15e0b33ba2727.wav","…我该先从哪里开始吐槽？","3.379","48000","1","-0.999854","-78.169487","65.392664","0.305994","0","0.476341","189.868424","281.213658","441.271529","1a4f9947c80d09d6d2ebec66c4214c780dba1dfe3e6214e5d627e2bc8afef646","pending","","auto_flags=none"
"tohsakarin_6aece754061f22d5","tohsakarin_6aece754061f22d5","audio/processed/tohsakarin_6aece754061f22d5.wav","冷静一下，告诉我们这里到底发生了什么，好吗？","4.378","48000","1","-1.000152","-92.957344","78.891288","0.360097","0","0.420925","192.074589","303.143313","462.141079","8a5f84dbb09eafd2d304d59309369aafdf318c0c8cba9748ed71dc2e6d1044f4","pending","","auto_flags=excess_silence"
"tohsakarin_6b0fbb951f55a4bc","tohsakarin_6b0fbb951f55a4bc","audio/processed/tohsakarin_6b0fbb951f55a4bc.wav","换句话说他不知道如何解放自己的星象世界","3.996729","48000","1","-0.999854","-65.287354","49.689447","0.192","0.000068","0.642667","50","207.052985","400","22ea8610b85b4a08988dc8eec06336858a8e13f60c6ee3057e5b6cbaff8821a3","pending","","auto_flags=none"
"tohsakarin_6b3684d3db927c22","tohsakarin_6b3684d3db927c22","audio/processed/tohsakarin_6b3684d3db927c22.wav","好让自己浑水摸鱼吗…嗯，有可能。","4.459","48000","1","-1.000152","-91.743477","77.496667","0.436754","0.000005","0.350835","151.571657","221.913894","296.21951","253c49d9f0d54469bd71c434508d41b8ad9e97ee18cf9036b19a87b88e2d7ff6","pending","","auto_flags=excess_silence"
"tohsakarin_6c02a1d467180473","tohsakarin_6c02a1d467180473","audio/processed/tohsakarin_6c02a1d467180473.wav","不许擅自把我也当成演员…！","1.739","48000","1","-1.000152","-40.114952","27.240527","0.085366","0.000024","0.634146","210.672207","340.266864","837.835298","d99143105a2c0f849970d65ed8b7a708f428aa41b52cebf9fc1162914e0f94ef","pending","","auto_flags=too_short"
"tohsakarin_6c5f68e58612b9f4","tohsakarin_6c5f68e58612b9f4","audio/processed/tohsakarin_6c5f68e58612b9f4.wav","呃曾进二巷乐园社会福祉吗怎么可能啊","4.986","48000","1","-1.000152","-93.303635","77.596685","0.346154","0.000004","0.380342","156.91682","284.481204","509.824251","22c3160708ff12c9e1f97f07a135a63f3db609b9c937aaaa1d51bd19f4ac45f2","pending","","auto_flags=none"
"tohsakarin_6ceda5ccfb114343","tohsakarin_6ceda5ccfb114343","audio/processed/tohsakarin_6ceda5ccfb114343.wav","等等小谷异样的魔术波动","2.585","48000","1","-0.999854","-93.248627","79.568107","0.337449","0","0.436214","176.133175","220.00038","315.651659","a664d51a32bb20057af15958ef418a4d9be53f25685e6c98895d9a62413355c5","pending","","auto_flags=none"
"tohsakarin_6d23870654bcdfb1","tohsakarin_6d23870654bcdfb1","audio/processed/tohsakarin_6d23870654bcdfb1.wav","但比起抚摸，还是一把按住我的脑袋乱转更准确。","3.987","48000","1","-1.000152","-51.285957","37.310686","0.168449","0.000005","0.636364","138.191288","227.100886","338.307071","1b44751671bcc80cb783614c021153cd18603e791c6782f951e9fdaace95f3f0","pending","","auto_flags=none"
"tohsakarin_6e4a074caa9e9103","tohsakarin_6e4a074caa9e9103","audio/processed/tohsakarin_6e4a074caa9e9103.wav","圣杯已经不再是许愿机了…她要这个做什么？","4.243","48000","1","-1.000152","-92.252975","77.929355","0.226131","0","0.432161","137.395365","284.500187","459.479342","93c47713902dd65699e714fcfbe1e3003563d47c014908f8f6e111a221bcc757","pending","","auto_flags=none"
"tohsakarin_6e8fb36f3bec44c3","tohsakarin_6e8fb36f3bec44c3","audio/processed/tohsakarin_6e8fb36f3bec44c3.wav","<size=36>吵——死——了——！</size>","1.011771","48000","1","-1.000152","-45.315819","34.654066","0.105263","0.000041","0","","","","e65ff81ca6e388a2472ab5d019438e7fda354f6056d1b9368875b79ad0f216da","pending","","auto_flags=too_short|pitch_unresolved"
"tohsakarin_6ea1d4aa07f2cc65","tohsakarin_6ea1d4aa07f2cc65","audio/processed/tohsakarin_6ea1d4aa07f2cc65.wav","真想不明白，他怎么会无条件站在你这边。","3.571333","48000","1","-1.000152","-67.365967","52.582903","0.170149","0.000035","0.585075","50","269.30123","438.729992","c87daff82ca17eb1bb73b8bc57054f84f32103627cbf4a027d458a903693ef1f","pending","","auto_flags=none"
"tohsakarin_6f73f35e55208f3d","tohsakarin_6f73f35e55208f3d","audio/processed/tohsakarin_6f73f35e55208f3d.wav","到了这份上…只能正面应战了啊。","3.009","48000","1","-1.000152","-94.348656","80.524885","0.222615","0","0.484099","148.967746","219.364996","402.317176","d56c321c5e5e3f456df071a3078f026f1fd64b0b5af28f858f6a702ddf5320d0","pending","","auto_flags=none"
"tohsakarin_6feaf4c50efcefd5","tohsakarin_6feaf4c50efcefd5","audio/processed/tohsakarin_6feaf4c50efcefd5.wav","宣告令咒c版解放宝具向女神展示何为真正的欢笑吧","7.103542","48000","1","-1.000152","-79.950905","65.671259","0.328829","0.000047","0.518018","50","228.416468","572.258373","edf2086798bfb122f648335d12cd5ae294d9bbf84328c14eda8264fbcaddd2f4","pending","","auto_flags=none"
"tohsakarin_709902dc86b2c5aa","tohsakarin_709902dc86b2c5aa","audio/processed/tohsakarin_709902dc86b2c5aa.wav","圣杯从未向{NICKNAME}灌输任何知识，更不必说固有结界这种随时会被魔术协会指定为封印对象的大魔术……","9.441771","48000","1","-1.000152","-95.270508","79.933886","0.209932","0.000011","0.529345","141.421356","243.400703","364.688995","47c832c4bb2573db5f82c15f704ab3b8b07aae9bc27a4d8e066a219096bf4218","pending","","auto_flags=none"
"tohsakarin_70de08d6b94fef4f","tohsakarin_70de08d6b94fef4f","audio/processed/tohsakarin_70de08d6b94fef4f.wav","绝症因此我才能成为这场战争里最大的作弊者","4.601292","48000","1","-1.000152","-65.424896","51.998131","0.145833","0.000032","0.657407","50","256.388816","472.943114","6aada44dcca68d0b96b98b0ec50c2c3890d1607dd09e8d4b56c4728b113c21e7","pending","","auto_flags=none"
"tohsakarin_7172b0f931f92b1a","tohsakarin_7172b0f931f92b1a","audio/processed/tohsakarin_7172b0f931f92b1a.wav","可惜这两个大笨蛋都把我当成了女神从来没想过世界上还有另一个我嗯虽然我也没想到就是了","8.916","48000","1","-1.000152","-92.460159","78.032083","0.252392","0.000021","0.522727","148.967746","259.367911","475.682846","96081e2a228e21fac56fc2cbf90762714d21715dc7063fd6ed6fc6a087aeb459","pending","","auto_flags=none"
"tohsakarin_717d91dea8766a7d","tohsakarin_717d91dea8766a7d","audio/processed/tohsakarin_717d91dea8766a7d.wav","哼你真是那个蓝cer酷秋林","4.55","48000","1","-1.288015","-240","224.689679","0.508197","0","0.241218","274.790729","416.504861","984.915531","91c9ccd53103d7e9b40237a91450f1ac3d1009d5717670b08c623b7d73d7d1f1","pending","","auto_flags=excess_silence"
"tohsakarin_72899d8442d076fc","tohsakarin_72899d8442d076fc","audio/processed/tohsakarin_72899d8442d076fc.wav","真是一场恶战…这个火花，不容小觑。","5.763","48000","1","-0.999854","-93.306595","76.940517","0.456562","0.000004","0.088725","169.153536","198.414384","287.786716","8aca97a96d8deb3b4f5299e846585540790a95d8c1634db6baf0001afdbbbc27","pending","","auto_flags=excess_silence"
"tohsakarin_728cbd7e4ad835d9","tohsakarin_728cbd7e4ad835d9","audio/processed/tohsakarin_728cbd7e4ad835d9.wav","难道…<color=#dbc291ff>英雄王吉尔伽美什</color>也被召唤了？","3.343","48000","1","-1.000152","-75.670975","60.762346","0.257962","0","0.496815","188.774863","260.870414","402.317176","1f0655ed6763ce4195b8894e3698f7d45950da3ca1ee3146865df7167bfd2ec1","pending","","auto_flags=none"
"tohsakarin_73138f55a66b1d70","tohsakarin_73138f55a66b1d70","audio/processed/tohsakarin_73138f55a66b1d70.wav","真是的…都这种时候了，就不能坦率点吗！","3.467896","48000","1","-0.999854","-64.992294","50.373991","0.217791","0.000048","0.417178","157.825829","251.988414","509.824251","e34944f6abcb22f4759a3ded547134af471234b0c8f89ebb269dc7d2723cdbe9","pending","","auto_flags=none"
"tohsakarin_731f9f80e9516bfd","tohsakarin_731f9f80e9516bfd","audio/processed/tohsakarin_731f9f80e9516bfd.wav","怎么就要出征了？距离决战还有几天……","3.111167","48000","1","-0.999854","-77.276321","63.38291","0.202055","0.00002","0.561644","182.344498","340.272541","498.179849","a5e1f9ccb4fe2bb103b576a1a4cea142e9fcd03b67e9f2e305a78f323e2c3557","pending","","auto_flags=none"
"tohsakarin_734344f7816e3f02","tohsakarin_734344f7816e3f02","audio/processed/tohsakarin_734344f7816e3f02.wav","他想把整个二象乐园当成自己飞升的祭品我们必须阻止他","4.619","48000","1","-1.000152","-76.341026","61.780453","0.202765","0.000041","0.543779","130.435207","244.105706","423.785238","8b2801d238dcab7d0ee7c5597126c6e13c352ae02366e512eb901f9e20df8210","pending","","auto_flags=none"
"tohsakarin_73660f4e414ab7ed","tohsakarin_73660f4e414ab7ed","audio/processed/tohsakarin_73660f4e414ab7ed.wav","会的有关我和阿泉是一个现实和理想的故事","5.758","48000","1","-0.999854","-93.608643","79.526937","0.361111","0","0.403704","50.580972","264.665965","967.995271","8438be4a399d49e45401580dbc27ecbce982026870f6b637bff0ef08f8f258a9","pending","","auto_flags=excess_silence"
"tohsakarin_73e81efdfa63d099","tohsakarin_73e81efdfa63d099","audio/processed/tohsakarin_73e81efdfa63d099.wav","好，就这样用气势压倒对手！","3.15","48000","1","-1.000152","-70.042404","55.699181","0.256757","0.000007","0.327703","204.674778","338.307071","1092.832205","3662ecc131024365116a663837ebf0a1e218b74c2289cd2c4a0742fa1a9c590f","pending","","auto_flags=none"
"tohsakarin_742ecb208bb33759","tohsakarin_742ecb208bb33759","audio/processed/tohsakarin_742ecb208bb33759.wav","我们可以从平行世界汲取愿力，展开一道「对神性特攻」的固有结界。","6.154479","48000","1","-1.000152","-76.056938","60.965555","0.268631","0.00001","0.608319","50","236.471557","332.495158","ebb8ad4739c7dbdd3c2957518236a43ffe787e6e2ae3ccdc43e90b8a6e30fc14","pending","","auto_flags=none"
"tohsakarin_74f2168a34682269","tohsakarin_74f2168a34682269","audio/processed/tohsakarin_74f2168a34682269.wav","就有回报，我觉得没什么不好。不过，要是没有踏上魔道，人生又会变成什么样呢？我偶尔也会这样遐想。就这样来到了战争前的最后一个黄","22.121","48000","1","-1.000152","-89.543961","74.484204","0.48216","0","0.484089","50","186.606598","304.899405","4612c8e8c2db7f735921010ee679c2acaa3bee6a6fe8be801d15314325f9a11f","pending","","auto_flags=too_long|excess_silence"
"tohsakarin_754ce377d4c41a42","tohsakarin_754ce377d4c41a42","audio/processed/tohsakarin_754ce377d4c41a42.wav","等、等等，是不是有什么误会？！要是用{RUBY_B#Gandr}阴炁弹{RUBY_E#}的话，恐怕会伤到它们……","6.021","48000","1","-0.999854","-80.982018","66.463413","0.272566","0.000024","0.467257","218.101547","350.237445","1031.496247","869ca64be6682d1e8e69f4fe20e8a6c25a0014c633f6b71773a0a4cc9da64ce0","pending","","auto_flags=none"
"tohsakarin_7570adce94a2452d","tohsakarin_7570adce94a2452d","audio/processed/tohsakarin_7570adce94a2452d.wav","朱波是奶茶吗","2.014","48000","1","-0.999854","-102.486763","88.70016","0.349206","0.00001","0.402116","196.56412","359.462021","459.479342","e79ef794ca146612c85923162f044a20d22cd93635bc23aedd31cbf0136a608f","pending","","auto_flags=none"
"tohsakarin_76eef063288779e0","tohsakarin_76eef063288779e0","audio/processed/tohsakarin_76eef063288779e0.wav","]虽然不知道你从哪里听到的…但，你用在了绝对不能用错的人身上哦？","5.891","48000","1","-1.000152","-89.321312","74.827203","0.186257","0.000011","0.654611","152.449702","248.372598","379.736848","4b900ae26e6ecb23c6787a99926617768fb1ca244eb6e0545ee16cc11aab8125","pending","","auto_flags=none"
"tohsakarin_76eef11a159f1bc2","tohsakarin_76eef11a159f1bc2","audio/processed/tohsakarin_76eef11a159f1bc2.wav","<想让他人看到美好未来的愿望，肯定没有错。","3.334646","48000","1","-1.000152","-47.556141","34.777387","0.13738","0","0.674121","157.825829","223.199429","940.438325","90916a2838d192740cb5a13cc7af90f6922a498b21c6c8d789d3e8f3684c4e9d","pending","","auto_flags=none"
"tohsakarin_76ef452be6d67538","tohsakarin_76ef452be6d67538","audio/processed/tohsakarin_76ef452be6d67538.wav","原来你也会偶尔说这种深刻的话","2.287","48000","1","-1.000152","-34.120823","21.98108","0.060465","0","0.576744","156.013045","281.213658","404.647776","5529730ea01b769084eea401b9d8ed37e1b17e2671289e79d2e41a49aa37d690","pending","","auto_flags=none"
"tohsakarin_7705eb459295b260","tohsakarin_7705eb459295b260","audio/processed/tohsakarin_7705eb459295b260.wav","啊真拿你没办法那我就再说一遍吧","4.454063","48000","1","-0.999854","-68.038429","53.176664","0.382775","0.000075","0.605263","50","202.323888","397.69617","74350ef86c08ecd596e55ef847c0509ab20865cb1b661e99abdc7531782e45bf","pending","","auto_flags=excess_silence"
"tohsakarin_77645ab6e5f2efd3","tohsakarin_77645ab6e5f2efd3","audio/processed/tohsakarin_77645ab6e5f2efd3.wav","嗯，确实有可能。","1.565","48000","1","-0.999854","-89.011635","76.085995","0.346939","0.000013","0.482993","174.110113","262.381621","456.832936","601700e93e3c8dbb993c61d5a856e7820726e22cea28876071a4ed28c5a274c7","pending","","auto_flags=too_short"
"tohsakarin_77e0ff9369dee9c8","tohsakarin_77e0ff9369dee9c8","audio/processed/tohsakarin_77e0ff9369dee9c8.wav","我们还成功制服了英雄王吉尔伽美什。误会解除后，他和身边的翠绿奇美拉一起加入了我们。","6.933","48000","1","-1.000152","-91.446411","77.434251","0.190769","0.000033","0.563077","173.107312","304.899405","467.510899","257782fbc8d159b6e5369c837921d947f61bf35ee8e76e9def1e8e90808b6efc","pending","","auto_flags=none"
"tohsakarin_785e95c1c0bdb10f","tohsakarin_785e95c1c0bdb10f","audio/processed/tohsakarin_785e95c1c0bdb10f.wav","啊，是那个女人！快抓住她！","2.276","48000","1","-1.000152","-92.786903","77.649738","0.359813","0.000027","0.35514","253.44394","506.887879","609.798809","115a00a4734f53488d05d1aeca2c28e22079a18ee337521379235098adae520b","pending","","auto_flags=excess_silence"
"tohsakarin_78aa5fe651d53456","tohsakarin_78aa5fe651d53456","audio/processed/tohsakarin_78aa5fe651d53456.wav","答案还是愿力圣杯不仅将我的回忆化作现实还融入了他的冒险","5.609667","48000","1","-1.000152","-64.490417","50.612591","0.235741","0.000007","0.610266","50","262.381621","388.612776","358922a912ec85596d71511d484bc43f46a4269e450e1a75f6734e5a415219c8","pending","","auto_flags=none"
"tohsakarin_7931179ba7e65841","tohsakarin_7931179ba7e65841","audio/processed/tohsakarin_7931179ba7e65841.wav","希望你们不会白白牺牲，带我们找到罪魁祸首……","3.616","48000","1","-1.000152","-93.010353","78.164141","0.252941","0.000023","0.455882","165.290064","198.848085","276.382576","b24f65ee2f21886ac70a6d76e924cd5654e8c595158a0683d91d31b22f1827b1","pending","","auto_flags=none"
"tohsakarin_7a0a7de8795e3b13","tohsakarin_7a0a7de8795e3b13","audio/processed/tohsakarin_7a0a7de8795e3b13.wav","真不可思议……","2.25","48000","1","-1.061039","-80.138306","66.068645","0.345972","0","0.151659","326.783091","378.643287","1049.526484","185635365687f4832bd66c9eff71a448c6e81f667d66b11ee8b76fdb2705f2f0","pending","","auto_flags=none"
"tohsakarin_7a8ed492506007de","tohsakarin_7a8ed492506007de","audio/processed/tohsakarin_7a8ed492506007de.wav","不、不行…绝对不行…！","2.031","48000","1","-0.999854","-62.704178","47.637908","0.303665","0.00001","0.08377","414.10597","452.859527","515.748123","c4f0b15cb3c460b702813463133e11e3ab871a3dfe95229aadd2d7de44699503","pending","","auto_flags=none"
"tohsakarin_7b151012760e77a6","tohsakarin_7b151012760e77a6","audio/processed/tohsakarin_7b151012760e77a6.wav","有关他的宝具","1.182729","48000","1","-1.000152","-45.169544","31.652127","0.117117","0.000282","0.522523","178.179744","279.593987","411.720895","8dad9fe2f14df163ce2d6922eaf3d8f462f85e7106cf8270250029fcdd66dd50","pending","","auto_flags=too_short"
"tohsakarin_7b3469fa23e0390d","tohsakarin_7b3469fa23e0390d","audio/processed/tohsakarin_7b3469fa23e0390d.wav","呵…好久没见到这种肉眼难以捕捉，只能靠直觉应对的拳法了啊。","5.283","48000","1","-1.000152","-56.052849","41.300212","0.16129","0.000008","0.465726","156.91682","231.070539","393.128239","c9e5421249738ee09541ca40152f4a7aadfddffad082c8facf83626446b7de8a","pending","","auto_flags=none"
"tohsakarin_7b497333a0d133ff","tohsakarin_7b497333a0d133ff","audio/processed/tohsakarin_7b497333a0d133ff.wav","K…知道了。不过，我不是什么弱女子，可没打算拖后腿","6.511","48000","1","-1.000152","-93.704903","77.026394","0.469722","0.000013","0.296236","177.153504","251.98421","1099.162918","0497b9c900c5b16cb63081d64225341424452c6e325f8ac910276f912c7f3e31","pending","","auto_flags=excess_silence"
"tohsakarin_7be3597d4b2b142c","tohsakarin_7be3597d4b2b142c","audio/processed/tohsakarin_7be3597d4b2b142c.wav","（可恶…这不是又搞砸了吗…！）","4.483","48000","1","-1.000152","-53.502884","40.047149","0.175772","0","0.736342","317.48021","373.213197","892.797714","e6fda75275c33df55fc9e1d911108142aabec8e97b61402459d42b2151042a5f","pending","","auto_flags=none"
"tohsakarin_7bf446c8935816cd","tohsakarin_7bf446c8935816cd","audio/processed/tohsakarin_7bf446c8935816cd.wav","其中一位已经出现——大概就是那个金闪闪吧——至于剩下两位贵人，会在恰当的时机登场……","8.154","48000","1","-1.000152","-92.07608","77.116863","0.282353","0.000008","0.488889","150.698668","297.935493","489.621417","ce5f745d9fdb281c549077e7e09a4dcd6ded8f3e4e4bc38b6bdf05dd0ebbd18c","pending","","auto_flags=none"
"tohsakarin_7bf4558f39d9ee5f","tohsakarin_7bf4558f39d9ee5f","audio/processed/tohsakarin_7bf4558f39d9ee5f.wav","啊等等有杀气","2.171","48000","1","-1.000152","-95.134392","79.184256","0.514706","0","0.078431","247.655272","273.99939","330.580127","5eb3a0f854bbf8729d5cc9a4c9437c568159b85c904262611b5b791fd4237c08","pending","","auto_flags=excess_silence"
"tohsakarin_7d50b70ee9673c1f","tohsakarin_7d50b70ee9673c1f","audio/processed/tohsakarin_7d50b70ee9673c1f.wav","这院里啊是一是塔尔","3.254","48000","1","-0.999854","-240","224.550503","0.434641","0.000006","0.160131","173.107312","223.199429","291.130637","1a8190ea8c42f4606af4839188c0b47f363beb0382e9738908854de603c9bc82","pending","","auto_flags=excess_silence"
"tohsakarin_7d9663317ab4efdf","tohsakarin_7d9663317ab4efdf","audio/processed/tohsakarin_7d9663317ab4efdf.wav","啊！","0.954417","48000","1","-7.683043","-46.949818","16.107061","0.122222","0","0","","","","8e692d5e5058f54b5bf97a8cc60c58e163b829f01b4c9840446a08220262a9ba","pending","","auto_flags=too_short|low_snr_proxy|pitch_unresolved"
"tohsakarin_7daa6c789b112ca8","tohsakarin_7daa6c789b112ca8","audio/processed/tohsakarin_7daa6c789b112ca8.wav","魔力宝石已经见底了，要想施展「跃迁」魔术，完全不够用……","4.931333","48000","1","-1.000152","-61.82365","46.601548","0.241901","0.000004","0.62851","50","182.344498","299.661415","104760788cac55b85c27bb095d4ece67180901bf4e53c13ec1f46370dc9d3d70","pending","","auto_flags=none"
"tohsakarin_7e95f2ae8bf6b2db","tohsakarin_7e95f2ae8bf6b2db","audio/processed/tohsakarin_7e95f2ae8bf6b2db.wav","三对一。我不是从者，对魔术战也颇有心得。","4.618","48000","1","-1.000152","-240","224.94417","0.293303","0.000027","0.524249","149.830708","282.842712","456.832936","6ee3512f723acc6a39c6e810fb0dc1e8b8d2e2d16ce89cfeaab60bc86858772b","pending","","auto_flags=none"
"tohsakarin_7ea75f70dd1ffe72","tohsakarin_7ea75f70dd1ffe72","audio/processed/tohsakarin_7ea75f70dd1ffe72.wav","<size=-2>既能将功补过，我也能取得足够继续旅行的魔力…</size>一石二鸟，我会尽力配合各位的！","7.845","48000","1","-0.999854","-92.321487","77.707946","0.342391","0.000008","0.461957","50","229.078069","366.801617","77c8f594c73af7aeb604521bb0832737a113f9dbfdb926c0293811764f916f32","pending","","auto_flags=none"
"tohsakarin_7ecf674cf7abf6b7","tohsakarin_7ecf674cf7abf6b7","audio/processed/tohsakarin_7ecf674cf7abf6b7.wav","对吧对吧，星球级的破坏力欸，没人能拒绝的。","3.933","48000","1","-1.000152","-86.79744","74.472017","0.224932","0","0.596206","179.211928","328.681609","540.139978","c6eb341fbd41e92db5156aea2dbbca27254dc86c5901f49458a43ebb22cb62e3","pending","","auto_flags=none"
"tohsakarin_7ed413960d2bcaa8","tohsakarin_7ed413960d2bcaa8","audio/processed/tohsakarin_7ed413960d2bcaa8.wav","只是，如此一来，我也欠下了几乎无法偿还的债务呀……","4.989","48000","1","-1.000152","-65.796768","52.57307","0.134615","0","0.602564","175.118722","239.219224","336.358566","b625d8508e62812f76f900a4580545aeaa7484b65d508cf5c65237167929ba1d","pending","","auto_flags=none"
"tohsakarin_7f1f08a3fdc5a880","tohsakarin_7f1f08a3fdc5a880","audio/processed/tohsakarin_7f1f08a3fdc5a880.wav","啊！","0.795","48000","1","-0.999854","-93.434486","81.534906","0.64","0","0","","","","e2612474cdeadeee97cc12fecb722e85ead8ddfd389561f27a42011d428f3142","pending","","auto_flags=too_short|excess_silence|pitch_unresolved"
"tohsakarin_7f3837adc955860c","tohsakarin_7f3837adc955860c","audio/processed/tohsakarin_7f3837adc955860c.wav","原来如此…命途、星神、星穹列车、美梦与圣杯…我完全理解了。","10.705","48000","1","-1.000152","-93.267441","77.38274","0.459163","0.000006","0.311753","152.449702","254.912125","1043.481656","1f0b312074d3ee6919179e6ac6682793ee37a518242d39cef363dd7f05e7bef4","pending","","auto_flags=excess_silence"
"tohsakarin_7fd6756d3756ef1c","tohsakarin_7fd6756d3756ef1c","audio/processed/tohsakarin_7fd6756d3756ef1c.wav","毕竟传闻中的伊石塔尔可是这样的只因为没得到英雄王回应他就派自己的宠物引发了大灾害两人也结下是仇","10.142","48000","1","-1.000152","-91.405594","77.412775","0.242902","0.000023","0.553102","141.421356","239.219224","1092.832205","92e4f065170d92ee58e587602bc97119c1ed68b1982d6db2c2d63beaa08020be","pending","","auto_flags=none"
"tohsakarin_8002c0f08cab9932","tohsakarin_8002c0f08cab9932","audio/processed/tohsakarin_8002c0f08cab9932.wav","帅德小姐你根本不想战斗对不对如果被绑架了就眨眨眼","5.228","48000","1","-1.000152","-93.640488","79.967482","0.327902","0.000008","0.454175","182.344498","282.842712","421.344414","0244476679a9a3da4b0256f447a259ff789bf05278e021048c3a9aedd556ab30","pending","","auto_flags=none"
"tohsakarin_8025cb474c887e5d","tohsakarin_8025cb474c887e5d","audio/processed/tohsakarin_8025cb474c887e5d.wav","本质上是<color=#dbc291ff>在一定范围内附加对施术者有利的法则</color>。只要搞清楚，就能把影响降到最低。","7.574","48000","1","-1.000152","-83.298988","68.865291","0.178622","0.000017","0.571027","138.991822","232.409117","350.237445","07122df939505f70f8c8d090b7ec19f3d81509188a25683d25d3d5bf69cc57b4","pending","","auto_flags=none"
"tohsakarin_8094992d78e2d4cc","tohsakarin_8094992d78e2d4cc","audio/processed/tohsakarin_8094992d78e2d4cc.wav","呃怎怎么就开打了呀伊德利拉又是谁","3.327","48000","1","-1.000152","-71.857727","59.656526","0.221154","0","0.608974","215.596437","475.714588","813.983754","1fe37d36cfcf92ac626501da7279e0d962e25c0594173344b0831134955bc2f3","pending","","auto_flags=none"
"tohsakarin_809f912edf4c8d1b","tohsakarin_809f912edf4c8d1b","audio/processed/tohsakarin_809f912edf4c8d1b.wav","所以你到底为什么会有一家报社","2.927","48000","1","-1.000152","-68.045792","54.828413","0.181818","0.000014","0.603636","227.100886","395.405608","524.763242","9661cb1278a28d0ba33af9723f9e2c424b09da6401ecedc9fe213af0c6636dea","pending","","auto_flags=none"
"tohsakarin_80da45500a30878c","tohsakarin_80da45500a30878c","audio/processed/tohsakarin_80da45500a30878c.wav","哎，果然……","1.738458","48000","1","-2.28616","-60.694748","41.542196","0.619632","0","0.509202","50","50","55.799857","94558b44458f5d41403a752a0fd83dcff9c0164f7b1b73ae11ef0afbe509e3a6","pending","","auto_flags=too_short|excess_silence"
"tohsakarin_81c97d4089ce8b35","tohsakarin_81c97d4089ce8b35","audio/processed/tohsakarin_81c97d4089ce8b35.wav","线人，就在你的报社里？","2.193","48000","1","-1.94662","-61.904182","48.034266","0.145631","0","0.592233","161.514833","307.564179","543.268978","40e05d9cfb2506bf9d6e7efd5d5441db708f138cee8596c5187ce1126288435b","pending","","auto_flags=none"
"tohsakarin_8306a55a2a6d435e","tohsakarin_8306a55a2a6d435e","audio/processed/tohsakarin_8306a55a2a6d435e.wav","他只是想借刀杀人了你这不还是被他骗了吗","3.793","48000","1","-1.000152","-50.129147","36.237617","0.120787","0.000005","0.561798","181.294271","379.736848","716.847714","5f8c6a466a25104245487cf92e60f3b7e56de739400f503e859e41d2c4177ef3","pending","","auto_flags=none"
"tohsakarin_8324dec0395a26f5","tohsakarin_8324dec0395a26f5","audio/processed/tohsakarin_8324dec0395a26f5.wav","啊我也很意外了","1.664","48000","1","-1.000152","-63.282612","50.311534","0.242038","0.000025","0.579618","183.400809","289.453847","1067.871883","04b452ab139a4e0028432520b60708f4d20d926a8dd6efa4eaac74ad6c6b5cea","pending","","auto_flags=too_short"
"tohsakarin_83c5673e9dd30b90","tohsakarin_83c5673e9dd30b90","audio/processed/tohsakarin_83c5673e9dd30b90.wav","行了别这么消沉就算你之前对我出言不逊我也还是愿意大发慈悲把你一起带回去也不是不行哦","9.545354","48000","1","-1.000152","-72.470642","57.332351","0.334078","0.000135","0.644693","50","235.109581","509.824251","f28f8c2f6105e3223c28a49f1ff913bd002ca8ebe3c1a5877da7a6c4ee17c4b5","pending","","auto_flags=none"
"tohsakarin_842f164c735ee405","tohsakarin_842f164c735ee405","audio/processed/tohsakarin_842f164c735ee405.wav","我继承了他的一切。葬礼上，我接受了教会神父的监护。","6.209","48000","1","-1.000152","-240","224.037136","0.38765","0.000017","0.365352","153.332834","210.672207","323.029667","dfc9d1e9edcd497091c4ed5df8695691b9f0812e90b3dd26dc6c4570ac694b04","pending","","auto_flags=excess_silence"
"tohsakarin_8466617ee4bc163e","tohsakarin_8466617ee4bc163e","audio/processed/tohsakarin_8466617ee4bc163e.wav","反倒是附加条款更肉疼——每次必须上贡十枚蕴含十年魔力的宝石——当钱都是大风刮来的嘛。","9.767","48000","1","-1.000152","-93.122627","78.341518","0.244541","0.000051","0.582969","150.698668","251.98421","388.612776","50e3ad02677a869559b18c1da28c71277e63252507324e4dcbca035266ec8368","pending","","auto_flags=none"
"tohsakarin_8521ea5e1db1777f","tohsakarin_8521ea5e1db1777f","audio/processed/tohsakarin_8521ea5e1db1777f.wav","——只可惜，我和{RUBY_B#间桐樱}妹妹{RUBY_E#}从出生起就辜负了他。","4.918021","48000","1","-0.999854","-82.13456","67.808952","0.383117","0","0.415584","50","177.156459","249.089924","f85c3a443e0005e3af477a3d3fbee377c052275c99b98d7ddac29a111bf37c26","pending","","auto_flags=excess_silence"
"tohsakarin_863a77ec28459640","tohsakarin_863a77ec28459640","audio/processed/tohsakarin_863a77ec28459640.wav","哎没完没了","2.133958","48000","1","-1.000152","-56.292309","44.370728","0.129353","0.00002","0.482587","220.635764","256.388816","1099.162918","0e55ad7ed9a265b7ea47b7e8c9c4421437d03194f6885b2f6cf35b1bfdf87d01","pending","","auto_flags=none"
"tohsakarin_86634d5a6e8a81fb","tohsakarin_86634d5a6e8a81fb","audio/processed/tohsakarin_86634d5a6e8a81fb.wav","…总之，为了尽早结束圣杯战争，继续异界之旅，今天也一起秉持优雅，全力以赴吧！","7.082","48000","1","-1.000152","-83.580154","69.265606","0.26506","0.000003","0.528614","179.211928","301.397336","459.479342","e08f2295f8a10854e75400321f0171ce7b2081b9836f6ff5d6dc026ee7dd65bf","pending","","auto_flags=none"
"tohsakarin_866abe32b9804b21","tohsakarin_866abe32b9804b21","audio/processed/tohsakarin_866abe32b9804b21.wav","答案还是愿力圣杯不仅将我的回忆化作现实还融入了他的冒险","5.609667","48000","1","-1.000152","-64.490417","50.612591","0.235741","0.000007","0.610266","50","262.381621","388.612776","358922a912ec85596d71511d484bc43f46a4269e450e1a75f6734e5a415219c8","pending","","auto_flags=none"
"tohsakarin_86e7df55a8a7e654","tohsakarin_86e7df55a8a7e654","audio/processed/tohsakarin_86e7df55a8a7e654.wav","大海","0.73","48000","1","-2.318639","-69.579399","55.868646","0.15942","0","0.681159","358.423857","486.801405","572.258373","025094281707828a15a634f8bc61b050d5a77330b133db46bb70cb0e6e20211c","pending","","auto_flags=too_short"
"tohsakarin_86ec9827dd6f3878","tohsakarin_86ec9827dd6f3878","audio/processed/tohsakarin_86ec9827dd6f3878.wav","最后的胜利，一定掌握在我们手中。","3.399","48000","1","-1.000152","-93.250313","78.739038","0.282132","0.000006","0.476489","154.221083","217.47346","308.442165","1217752147153c554751af6074851be09c7d3412c67dde979a13b34739f95fdd","pending","","auto_flags=none"
"tohsakarin_87299f7276afac34","tohsakarin_87299f7276afac34","audio/processed/tohsakarin_87299f7276afac34.wav","<color=#dbc291ff>为了解决异界之旅能源不足的问题，我们必须回收流入社会的全部财宝。</color>","5.128","48000","1","-0.999854","-55.776451","41.074615","0.112266","0.000008","0.629938","161.514833","260.870414","395.405608","97ac645f7785889458ab6b0c7340adc66c8fd0ea188ad1d25d88c15d896ae199","pending","","auto_flags=none"
"tohsakarin_87b81690030a889d","tohsakarin_87b81690030a889d","audio/processed/tohsakarin_87b81690030a889d.wav","不对远坂凛静","4.392208","48000","1","-1.000152","-61.734959","45.1681","0.373786","0.000024","0.546117","169.153536","210.672207","251.98421","c0db9ed0afb6c4996ea9b356f6eef39000b007f21244f0bfd9998a891195e024","pending","","auto_flags=excess_silence"
"tohsakarin_87dc858e692097c0","tohsakarin_87dc858e692097c0","audio/processed/tohsakarin_87dc858e692097c0.wav","一条能让更多人微笑——哪怕是微笑着分别——那一定不是错误的道路。","6.890688","48000","1","-0.999854","-75.992386","61.402627","0.321484","0","0.616692","50","210.672207","404.647776","c3f7a52ea6c712396575d73b5e0fd816637400474f9079225041f0ddeca8e71a","pending","","auto_flags=none"
"tohsakarin_880e28bb259e98a6","tohsakarin_880e28bb259e98a6","audio/processed/tohsakarin_880e28bb259e98a6.wav","是第四次圣杯战争的亲历者。明明根本没什么天赋，明明祖父给了他「选择是否成为魔术师」的权力，他还是毅然","12.06","48000","1","-0.999854","-88.327591","73.548053","0.276746","0","0.468612","50","218.101547","319.319355","0ac4af68f916bd5f067cd80617ab282f7e5b84dec5473f497bb757410cdb128d","pending","","auto_flags=none"
"tohsakarin_88110b6753289db6","tohsakarin_88110b6753289db6","audio/processed/tohsakarin_88110b6753289db6.wav","海源士我们来了","2.23","48000","1","-2.496654","-73.71701","61.117069","0.219048","0","0.371429","328.676126","587.330551","763.873283","cefb86e7c308467fd95023c6b86883b4bfa0483bb4513edbe0185a410de56135","pending","","auto_flags=none"
"tohsakarin_886afe2a2fbaaeb3","tohsakarin_886afe2a2fbaaeb3","audio/processed/tohsakarin_886afe2a2fbaaeb3.wav","为什么呢？","0.674","48000","1","-1.492391","-73.859589","61.000063","0.203125","0","0.5625","179.211928","216.975617","411.720895","a1c10e88409228a32c43ffa2c63bc941c3939d215df598e609188fa2cee93ea6","pending","","auto_flags=too_short"
"tohsakarin_8881f90c99c8e733","tohsakarin_8881f90c99c8e733","audio/processed/tohsakarin_8881f90c99c8e733.wav","什么意思啊，事到如今还装不熟？","3.119813","48000","1","-1.478238","-67.761917","54.109028","0.153584","0","0.47099","185.531823","264.665965","549.581459","4454a0009f3fbb93510e8d7f834b0ad140e588b1913b165f74851e4e202aa4f2","pending","","auto_flags=none"
"tohsakarin_88e1bdad7525269d","tohsakarin_88e1bdad7525269d","audio/processed/tohsakarin_88e1bdad7525269d.wav","嗯？还有什么话想对我说吗？","2.383","48000","1","-1.000152","-84.479774","70.317019","0.325893","0.000009","0.433036","207.052985","282.842712","503.96842","a98c86eb927a7905b7add43af65be37d62befd1bac671081c583df0700603e27","pending","","auto_flags=none"
"tohsakarin_88ebbdbb17c0ab0d","tohsakarin_88ebbdbb17c0ab0d","audio/processed/tohsakarin_88ebbdbb17c0ab0d.wav","走了trablizer吉尔我们还是去做点更有用的事吧","4.026","48000","1","-1.000152","-61.56633","47.206944","0.198413","0.00001","0.465608","229.739671","352.266349","524.763242","533394e3d4672e3fac024774ed3312c09d8148d4f13083cc30ec2eae2174f2c5","pending","","auto_flags=none"
"tohsakarin_8ab4293f89c66658","tohsakarin_8ab4293f89c66658","audio/processed/tohsakarin_8ab4293f89c66658.wav","如果把匹诺康尼看作魔术阵地说不定会是caaster但考虑到真身不明的译文也可以是阿萨信","8.68","48000","1","-1.000152","-84.228882","69.3172","0.267813","0.000005","0.458231","173.107312","249.089924","402.317176","3b1ddb4648554676fa1b524654a93983a1b2d5adbd4ed8721cc74b6fcf9a7384","pending","","auto_flags=none"
"tohsakarin_8af01656cc4030b4","tohsakarin_8af01656cc4030b4","audio/processed/tohsakarin_8af01656cc4030b4.wav","哼哼，{NICKNAME}还真诚实。","2.202","48000","1","-1.000152","-240","226.556986","0.231884","0","0.468599","166.247579","229.739671","546.416103","48aa1678072a0dc09623bd7e8cea811dfa169f6b9ab47306df5b9dc4b6e2e509","pending","","auto_flags=none"
"tohsakarin_8c550fc947a27edc","tohsakarin_8c550fc947a27edc","audio/processed/tohsakarin_8c550fc947a27edc.wav","用你们的世界观理解相当于是所有命途的起点吧我们想要回到那里而你们的目标是抵达尽头","8.433","48000","1","-1.000152","-85.306549","71.179947","0.241466","0.00002","0.53603","160.584576","282.842712","481.210014","49e94243f12d67271dd4011357ff680cc5d406ae100ec05e6eafe308fe45c29f","pending","","auto_flags=none"
"tohsakarin_8c7642fd8bc53d39","tohsakarin_8c7642fd8bc53d39","audio/processed/tohsakarin_8c7642fd8bc53d39.wav","命途、星神…假如我出生在这片银河，会受到哪位神明瞥视呢？","7.888","48000","1","-0.999854","-93.2528","78.295922","0.321622","0.000003","0.444595","160.584576","239.219224","1002.131551","82de01872f255997b961ab09d4baf8e482486eedb5ec60bd82ee5045093e2b0f","pending","","auto_flags=none"
"tohsakarin_8d7efbdaf2247cfe","tohsakarin_8d7efbdaf2247cfe","audio/processed/tohsakarin_8d7efbdaf2247cfe.wav","很遗憾，我也是其中之一。","2.589146","48000","1","-1.018314","-57.392902","43.563589","0.36214","0","0.432099","177.153504","216.845374","340.266864","455fadb3cc8ef49e1422db1cdc363e871d0215af41aa0871ba9e0d3998d33935","pending","","auto_flags=excess_silence"
"tohsakarin_8e09077007f0d838","tohsakarin_8e09077007f0d838","audio/processed/tohsakarin_8e09077007f0d838.wav","你就是我的从者吗？","2.456","48000","1","-0.999854","-93.344818","79.228569","0.316017","0","0.484848","187.687599","216.220905","340.266864","26d81651ed12ecb202301ef1adb7ac567e8ce1999243495b2c79d3150a065ffc","pending","","auto_flags=none"
"tohsakarin_8e3ed8a9619c59be","tohsakarin_8e3ed8a9619c59be","audio/processed/tohsakarin_8e3ed8a9619c59be.wav","既要做人人向往的优等生又得捍卫魔术的底线不能与同学甚至所有普通人深交这在旁人看来或许压抑苦涩但对我来说其实没什么大不了的","14.647","48000","1","-0.999854","-92.700928","77.208694","0.311499","0.000011","0.412664","123.827636","227.100886","364.688995","eb13f48aac8d090ee1915aa3951c24464e60547fb9f35e5b3dfd95ffd66b471a","pending","","auto_flags=none"
"tohsakarin_8fab151248cbd9b8","tohsakarin_8fab151248cbd9b8","audio/processed/tohsakarin_8fab151248cbd9b8.wav","cber太好了总算有个能正常沟通的从者了","5.286187","48000","1","-1.000152","-72.496292","57.655474","0.274194","0.000035","0.441532","50","271.634489","565.685425","d6ab45fe3a4ee4c19a32b623a43f4f34de857dd2a97451ec2deea79897704014","pending","","auto_flags=none"
"tohsakarin_90c2556c3e61c3fa","tohsakarin_90c2556c3e61c3fa","audio/processed/tohsakarin_90c2556c3e61c3fa.wav","「库兰的猛犬」怎么会在这里？而且，你居然认得我，难道……","6.116","48000","1","-0.999854","-99.283112","84.858876","0.425087","0.000003","0.390244","152.449702","264.674796","454.201772","6d00a617b42bf15bc8bbf55aa43cfb7aa4907e47dc507f35d37a9b749211c516","pending","","auto_flags=excess_silence"
"tohsakarin_90f05564e02d1530","tohsakarin_90f05564e02d1530","audio/processed/tohsakarin_90f05564e02d1530.wav","啊是股压迫感","2.237","48000","1","-1.000152","-240","225.23941","0.37619","0.000009","0.157143","962.420029","996.359698","1037.471644","4a60e5a1cf5b64596b9fff31c4bfff87fdd7a39d4707b7b7984fcf44d083f091","pending","","auto_flags=excess_silence"
"tohsakarin_916f4723519ff891","tohsakarin_916f4723519ff891","audio/processed/tohsakarin_916f4723519ff891.wav","武双修的学者可是珍稀生物，更别提两者都能磨炼到极致了。回头有机会，还得向他好好讨教一番哪。","8.759","48000","1","-1.000152","-99.149651","85.053833","0.206813","0.000033","0.557178","143.064593","270.069989","475.682846","724023c25cf871000bd5111a15cc97bc64ae0970354921823e647307efee07a2","pending","","auto_flags=none"
"tohsakarin_91d0ffd3890297ce","tohsakarin_91d0ffd3890297ce","audio/processed/tohsakarin_91d0ffd3890297ce.wav","行、行吧……","1.438","48000","1","-2.745039","-85.001518","71.267757","0.407407","0","0.148148","232.409117","248.372598","270.069989","daa614478a824fd2f420888310347a0839712c203e8ce4c64e7478b882a25ab7","pending","","auto_flags=too_short|excess_silence"
"tohsakarin_91dbb505a2238563","tohsakarin_91dbb505a2238563","audio/processed/tohsakarin_91dbb505a2238563.wav","就像你下冥界的神话：就算财宝首饰被剥个精光，那再一件一件亲手夺回来，不就是了？","7.483","48000","1","-1.000152","-72.42997","58.396808","0.260684","0.000081","0.609687","50","256.388816","472.943114","32c939202f88873cacc59383a494a73ddb306bf916bd350f14a6007cf8168007","pending","","auto_flags=none"
"tohsakarin_92581f1aa189f5c6","tohsakarin_92581f1aa189f5c6","audio/processed/tohsakarin_92581f1aa189f5c6.wav","我特别感兴趣——你要好好保管，等我回来再一起玩哦？不准偷跑！","5.689979","48000","1","-1.000152","-92.102936","79.021323","0.26779","0.000004","0.44382","131.19081","225.792881","418.917649","015a76143009b237abcc79c303e1e44e7fe94e116019b02e1576924a2ff02e13","pending","","auto_flags=none"
"tohsakarin_926ae9a3c081845f","tohsakarin_926ae9a3c081845f","audio/processed/tohsakarin_926ae9a3c081845f.wav","那肯定就是他的财宝我们被他耍的团团转啊","3.947","48000","1","-0.999854","-92.937881","78.957913","0.266846","0","0.447439","50","246.950317","467.510899","45cda49b34d1784a860831ab3b85465ec084b437eafaf37921e6f88472f5cbac","pending","","auto_flags=none"
"tohsakarin_926d8484c91808ce","tohsakarin_926d8484c91808ce","audio/processed/tohsakarin_926d8484c91808ce.wav","虽然一直不知道这种玩具有什么好玩的，但现在看到了实物，还被愿力赋予了灵魂……","6.943","48000","1","-1.000152","-80.560211","66.312887","0.215054","0","0.569892","156.013045","256.388816","397.69617","b529612bebd7533b97be0f76150ba9bf63e7c2244284a08cf70135ce48b7801f","pending","","auto_flags=none"
"tohsakarin_929ed8f3eaf132c2","tohsakarin_929ed8f3eaf132c2","audio/processed/tohsakarin_929ed8f3eaf132c2.wav","小菜一碟像开机关机接电话挂电话语音输入什么的我一学就会而且你知道吗不需要同时用到鼠标键盘的游戏现在我也可以轻松通关了哟","12.648","48000","1","-1.000152","-76.856995","63.568037","0.200675","0.000007","0.561551","159.659677","330.580127","956.876897","a62b96b6522429e11b65bc82034d757c60b4685e5dff855c7061c2c8c38376a2","pending","","auto_flags=none"
"tohsakarin_92cf1381b583c56a","tohsakarin_92cf1381b583c56a","audio/processed/tohsakarin_92cf1381b583c56a.wav","（有令咒…契约至少成立了。）","5.704","48000","1","-1.000152","-69.587585","50.605265","0.549533","0.000004","0.345794","183.400809","312.02609","1092.832205","9f96d1b4bdca1687ec20fea10e6ef6e658e389028ab6e38f1aebec017d1af505","pending","","auto_flags=excess_silence"
"tohsakarin_92faf3e53384a370","tohsakarin_92faf3e53384a370","audio/processed/tohsakarin_92faf3e53384a370.wav","…有财宝应该就够了！我是和平主义者！","2.84","48000","1","-1.000152","-69.201012","55.400493","0.164794","0","0.576779","188.774863","303.143313","456.832936","f84aba9417ab0f41b6c9a1ab0f058a27abc8b620c2252d86fe218b15ec053cdf","pending","","auto_flags=none"
"tohsakarin_9327a1a182156559","tohsakarin_9327a1a182156559","audio/processed/tohsakarin_9327a1a182156559.wav","哎抱歉主人公没想到会意外把你从开拓至旅途中卷入这种世界还得麻烦你为我停留七天之久","9.291","48000","1","-1.000152","-80.818352","67.125372","0.247706","0","0.469037","156.91682","225.792881","332.495158","e61fae07f272e0352f41d07b6ac76fd2a152c24a3ef8a6edea5c6bdf413f5693","pending","","auto_flags=none"
"tohsakarin_93977896739a1470","tohsakarin_93977896739a1470","audio/processed/tohsakarin_93977896739a1470.wav","啊没什么他们好像选好了在一起转转吧","5.032","48000","1","-1.000152","-89.134483","74.878003","0.364407","0.000021","0.29661","187.687599","301.397336","1025.555266","492f7be199a4f4edeb5d143a6fd0e8baaaf39144d423d2b0170e9b4dd16a8fda","pending","","auto_flags=excess_silence"
"tohsakarin_9410610dbfcf020b","tohsakarin_9410610dbfcf020b","audio/processed/tohsakarin_9410610dbfcf020b.wav","时光飞逝呀…转眼间，居然要出发前往下一站了。","4.883","48000","1","-1.588291","-82.443726","68.688432","0.248908","0","0.572052","50","246.228883","336.358566","d96ecf729af2a326e56b01723f2aff93ed6faf77e0b9faed752d3a7eab5ac90a","pending","","auto_flags=none"
"tohsakarin_94712123f65ec6ea","tohsakarin_94712123f65ec6ea","audio/processed/tohsakarin_94712123f65ec6ea.wav","他已经被抢走了吗","1.977833","48000","1","-1.000152","-72.052078","58.445679","0.290323","0","0.456989","167.210642","296.21951","409.349557","a5f098f23a59889b2fb6eb45860eb33bf54684a7cde5e9a479a7ed0c721da71b","pending","","auto_flags=too_short"
"tohsakarin_9483032131a10019","tohsakarin_9483032131a10019","audio/processed/tohsakarin_9483032131a10019.wav","行知先生他恐怕骗了你","2.598","48000","1","-1.000152","-95.739891","81.026587","0.336066","0","0.45082","154.221083","244.11385","393.128239","ce6380faef04e4b9e817421a3ebaf556b9e9c3c368d370c84fc9fdd3b60e0262","pending","","auto_flags=none"
"tohsakarin_94c9af43c2f066d9","tohsakarin_94c9af43c2f066d9","audio/processed/tohsakarin_94c9af43c2f066d9.wav","无论决战还是战前会议，都让我们以最完美的姿态全力以赴吧！","4.951062","48000","1","-0.999854","-79.604492","66.524921","0.180645","0.000038","0.597849","155.114476","241.998818","433.690748","f78203089bc7bc86ec1f9cbd1bfb8d435c784dfcd8dbbc84ebeba9d362201178","pending","","auto_flags=none"
"tohsakarin_953a8d1f6a516d65","tohsakarin_953a8d1f6a516d65","audio/processed/tohsakarin_953a8d1f6a516d65.wav","d但，多亏了你，还有大家，我才能找到这份<color=#dbc291ff>珍贵的宝藏</color>。","4.967","48000","1","-1.000152","-82.356766","67.380274","0.347639","0.000034","0.493562","50","224.49241","304.899405","09bc4244a10de6172aaf383f3066bb3193fa60e47df90f096741ecaabe94095f","pending","","auto_flags=none"
"tohsakarin_956fa5eee21c162b","tohsakarin_956fa5eee21c162b","audio/processed/tohsakarin_956fa5eee21c162b.wav","你这家伙居然没被阿彻逮住呢","2.781","48000","1","-1.000152","-82.014389","68.862553","0.206897","0","0.532567","152.449702","270.069989","438.729992","79b217d989332199b16a043a85c3443469f7bf5173ef0edaa5d2ae6b8247e1fd","pending","","auto_flags=none"
"tohsakarin_95aecbc24ffd1c0c","tohsakarin_95aecbc24ffd1c0c","audio/processed/tohsakarin_95aecbc24ffd1c0c.wav","嗯我明白了","2.3","48000","1","-0.999854","-93.014305","71.176682","0.532407","0.000045","0.351852","164.338063","207.056439","388.612776","f5e08097ace96eb50342e65a276b123c8d6f696edf383e146d8631f60e54a199","pending","","auto_flags=excess_silence"
"tohsakarin_95f0ddbd175c4717","tohsakarin_95f0ddbd175c4717","audio/processed/tohsakarin_95f0ddbd175c4717.wav","还有，猛虎战士明明是条蛇吧…？！","2.694","48000","1","-1.000152","-62.328037","49.228236","0.189723","0.000023","0.679842","243.400703","400","672.717132","59975220ecb814679b26f2069d5ec0d2c3812e4d12aec7ed52166b8fd4f4a4e7","pending","","auto_flags=none"
"tohsakarin_96b90609e926a6db","tohsakarin_96b90609e926a6db","audio/processed/tohsakarin_96b90609e926a6db.wav","阿赖耶华","2.19","48000","1","-6.745005","-52.945385","21.282887","0.485437","0","0.427184","50","50","53.899109","77e4a5840bd8fd4cf79d5058a142c8d09c0a1dc83602b30031a5b23f8ae476e2","pending","","auto_flags=excess_silence"
"tohsakarin_96db464e3bfd1858","tohsakarin_96db464e3bfd1858","audio/processed/tohsakarin_96db464e3bfd1858.wav","哼，还不错嘛～","1.566208","48000","1","-1.325604","-75.773674","62.009153","0.360544","0","0.360544","315.651659","409.349557","506.887879","467596a473d662e473d18a273cc052e0351624e794ff91c28b56b229b13935dd","pending","","auto_flags=too_short|excess_silence"
"tohsakarin_96ed4fd51faf3860","tohsakarin_96ed4fd51faf3860","audio/processed/tohsakarin_96ed4fd51faf3860.wav","然如此，七对主从必不可少。作为幕后黑手…不，始作俑者…算了，总之，设法控制其他主从，避免影响扩大的重任落在了","14.07","48000","1","-1.000152","-87.779434","73.470728","0.315909","0.00003","0.413636","131.19081","262.381621","1092.832205","42060a54c0dce21812867421be508b94a0e0ab38c0b8699a92f16717f4c7bd0b","pending","","auto_flags=none"
"tohsakarin_9789d4865fc4a960","tohsakarin_9789d4865fc4a960","audio/processed/tohsakarin_9789d4865fc4a960.wav","道歉","0.681","48000","1","-2.939542","-72.75386","59.714478","0.171875","0","0.5","310.228952","397.702804","451.585762","7691f6857bf8b1315401c61380a41e6f06a43bbc164be2da12899223ed82c292","pending","","auto_flags=too_short"
"tohsakarin_978eff5994f15bb7","tohsakarin_978eff5994f15bb7","audio/processed/tohsakarin_978eff5994f15bb7.wav","哈哈","0.394","48000","1","-1.000152","-74.036224","58.216537","0.297297","0","0","","","","d8262aa686f4f71f2bfa4337a6414fc69fa9dc1f498486e776434877f92818b7","pending","","auto_flags=too_short|pitch_unresolved"
"tohsakarin_9849b154cf3c8620","tohsakarin_9849b154cf3c8620","audio/processed/tohsakarin_9849b154cf3c8620.wav","给提上魔术师","1.274","48000","1","-1.000152","-84.848572","72.957741","0.291667","0","0.458333","227.100886","253.44394","317.48021","3a9a2c491c2a71eeeba84825b91858d0355a17cc0da7e23f7e9d0692a6db257e","pending","","auto_flags=too_short"
"tohsakarin_9865c416cdc30f96","tohsakarin_9865c416cdc30f96","audio/processed/tohsakarin_9865c416cdc30f96.wav","他们分得的财宝则是哈迪斯的隐形头盔对于拒绝加入争夺的姐妹可以说是最称心如意的宝贝只可惜两人被火花胁迫成了从犯的从犯","14.67","48000","1","-0.999854","-240","225.388872","0.349564","0.000006","0.413517","50","225.792881","1086.537955","d6fc9a403398ae4639b2b13156d9be4fc0e384241295a1a56a81f91e3ab1c585","pending","","auto_flags=none"
"tohsakarin_9865e35597384207","tohsakarin_9865e35597384207","audio/processed/tohsakarin_9865e35597384207.wav","原来你也会偶尔说这种深刻的话","2.29","48000","1","-1.000152","-34.043102","21.999217","0.060465","0","0.562791","156.013045","286.129186","404.647776","39b6a9739cc7ec7bc85a00ea994a80b0267fc6abfc50bf6c229b4463e1a7e569","pending","","auto_flags=none"
"tohsakarin_9890e4f01e0d05d2","tohsakarin_9890e4f01e0d05d2","audio/processed/tohsakarin_9890e4f01e0d05d2.wav","于是我说：「真的？！我要！」","2.587","48000","1","-0.999854","-93.467705","79.679879","0.440329","0.000008","0.358025","224.49241","308.442165","509.824251","e7237c6e1fd2e45e49a95c785ecb0dba00de882cf4f43d55a4da1976cf2253a7","pending","","auto_flags=excess_silence"
"tohsakarin_98b0319a36287bdf","tohsakarin_98b0319a36287bdf","audio/processed/tohsakarin_98b0319a36287bdf.wav","…学校里有从者！{NICKNAME}，我们快去看看！","2.582896","48000","1","-0.999854","-240","224.619787","0.288066","0.000024","0.312757","196.56412","293.665275","433.690748","d400b259f1221ec95d84e3abfdba73f96941d75237ed1c3b9617378b0989a5c5","pending","","auto_flags=none"
"tohsakarin_98bda3d36f23df28","tohsakarin_98bda3d36f23df28","audio/processed/tohsakarin_98bda3d36f23df28.wav","现在，就让两位圣杯战争的主角一起，轻松通关吧！","4.52","48000","1","-1.000152","-91.1978","76.151113","0.21934","0.000023","0.568396","148.109755","254.912125","423.785238","ec3103dd96814c055691e1ae16af41c873b495fdf54ad29449278190b2233bb3","pending","","auto_flags=none"
"tohsakarin_99464b0b500706df","tohsakarin_99464b0b500706df","audio/processed/tohsakarin_99464b0b500706df.wav","尘埃身为原版家主问候的礼仪自然必不可少","5.24","48000","1","-1.000152","-92.750839","79.218438","0.27439","0.000044","0.550813","147.256706","253.44394","423.785238","78542ff94362595accdc37b3f2dd78b1b35d440ef856f36efd5cd852a4505bfb","pending","","auto_flags=none"
"tohsakarin_99ba0901c88dafa4","tohsakarin_99ba0901c88dafa4","audio/processed/tohsakarin_99ba0901c88dafa4.wav","那可是星球级的破坏力欸！你难道不想体验一次吗？","3.767","48000","1","-1.000152","-86.706627","73.060184","0.161017","0.000006","0.658192","173.107312","324.900959","483.997636","56d58ff3141ca08de87f9c9572e813c29c0ec9be4b29f838cedc909d1f8e5231","pending","","auto_flags=none"
"tohsakarin_9a1a05531eb12de8","tohsakarin_9a1a05531eb12de8","audio/processed/tohsakarin_9a1a05531eb12de8.wav","呃等等","1.032854","48000","1","-1.000152","-93.365356","76.172081","0.670103","0","0.216495","214.354693","284.481204","348.220225","154a57c8957e6ce5c13311e6334f341cf81b718f5dba467e579f76a9301b592d","pending","","auto_flags=too_short|excess_silence"
"tohsakarin_9a3eb7d3fd62432e","tohsakarin_9a3eb7d3fd62432e","audio/processed/tohsakarin_9a3eb7d3fd62432e.wav","嗯说起来他是","2.354146","48000","1","-1.000152","-93.277092","78.56735","0.41629","0","0.316742","187.687599","437.466542","509.824251","371c474594c6e4b4deecc448f2fd3b0a6659a67f81fb00e8d7dabc37cb9eced8","pending","","auto_flags=excess_silence"
"tohsakarin_9a5fb175affee0a8","tohsakarin_9a5fb175affee0a8","audio/processed/tohsakarin_9a5fb175affee0a8.wav","我已经下定决心了。","2.565625","48000","1","-0.999854","-77.697762","60.16172","0.473029","0.000089","0.502075","50","263.901582","373.213197","befc91554879e877a85142bfbee9a329c5bc24c9cde0ea62aff64f21ae11d570","pending","","auto_flags=excess_silence"
"tohsakarin_9b03291ccf97d314","tohsakarin_9b03291ccf97d314","audio/processed/tohsakarin_9b03291ccf97d314.wav","当然，但我们也得搞清楚你的实力——这可直接影响到作战方针哦？","5.206","48000","1","-1.000152","-240","226.117028","0.269939","0.000008","0.570552","156.013045","276.382576","416.504861","8cd84fb1231348e69ab0000163ce58752bb49f1c8b885edc0d2d248796355b6f","pending","","auto_flags=none"
"tohsakarin_9b47f21b968a1af5","tohsakarin_9b47f21b968a1af5","audio/processed/tohsakarin_9b47f21b968a1af5.wav","可是，围绕我们手中这盏圣杯的仪式已经构筑完成…恐怕没办法举行另一场仪式。","7.283771","48000","1","-0.999854","-54.376602","41.281801","0.210835","0","0.576867","50","221.913894","348.220225","dc6ecbae413a3c30cf51fca28c33a23ef4d54b8b8a57184c8febb10400d9c14c","pending","","auto_flags=none"
"tohsakarin_9b87d7ef046c669e","tohsakarin_9b87d7ef046c669e","audio/processed/tohsakarin_9b87d7ef046c669e.wav","谁，我？","1.436","48000","1","-1.000152","-93.123833","80.441253","0.540741","0","0.377778","228.416468","313.833639","704.532699","dcd14480b548e389af216b26651874e44903a55c25fecbabc45d9b6dc433ffa6","pending","","auto_flags=too_short|excess_silence"
"tohsakarin_9c74fc9d82d9b560","tohsakarin_9c74fc9d82d9b560","audio/processed/tohsakarin_9c74fc9d82d9b560.wav","先召唤再说吧","4.040083","48000","1","-1.000152","-65.791512","49.103003","0.501319","0.00001","0.100264","181.294271","233.771048","279.593987","6550a246a93d8203b0b9c01efb5fafd6af5c676fc0a77ba2d585dea380fc578c","pending","","auto_flags=excess_silence"
"tohsakarin_9c7e3da0826843ac","tohsakarin_9c7e3da0826843ac","audio/processed/tohsakarin_9c7e3da0826843ac.wav","自分得了一件特殊财宝——本来还觉得这场圣杯战争有点生拼硬凑，现在彼此厮杀的理由就很充分了","11.355","48000","1","-1.000152","-88.729996","74.007068","0.247887","0.000004","0.532394","155.114476","254.912125","423.785238","22c0e4a769850b950e2c2fc37807205c662a6198009f3797246f2619e4132cc8","pending","","auto_flags=none"
"tohsakarin_9cb10c00aeed2c40","tohsakarin_9cb10c00aeed2c40","audio/processed/tohsakarin_9cb10c00aeed2c40.wav","都说让你看清楚了……","2.753","48000","1","-1.000152","-93.320152","78.486395","0.339768","0.000038","0.420849","150.698668","292.817139","518.735822","6595bcc6bf4357cb3d4ade410fa36131b5638f22cf81c30c119da8a42118c5fd","pending","","auto_flags=none"
"tohsakarin_9d9ea3baf4f45360","tohsakarin_9d9ea3baf4f45360","audio/processed/tohsakarin_9d9ea3baf4f45360.wav","愿你我——愿此行，终抵群星！","4.496","48000","1","-1.000152","-92.476776","76.646232","0.424171","0.000005","0.367299","143.064593","247.655272","414.10597","b137bfb0fb4b0d3b3e0807c9e0dc7a7e4312e3079f0b51f51229418c23a53f1c","pending","","auto_flags=excess_silence"
"tohsakarin_9e0e744704fdf70a","tohsakarin_9e0e744704fdf70a","audio/processed/tohsakarin_9e0e744704fdf70a.wav","当然，这种转移是无意识的。无论主观怎么想，人都会受潜意识驱使——","7.698","48000","1","-1.000152","-92.136909","77.666149","0.362881","0","0.373961","150.698668","230.405105","1080.279957","a07fd32245f47067e848cfb9593a536b8d975b025583b1557d7d0a6549ec6e3c","pending","","auto_flags=excess_silence"
"tohsakarin_9f214aa24b7366f7","tohsakarin_9f214aa24b7366f7","audio/processed/tohsakarin_9f214aa24b7366f7.wav","种荒诞的展开，简直像是在嘲笑我一样——所谓「完美」的应对方案，在这种彻底否定魔术的世界里，根本就是个伪","11.546062","48000","1","-1.000152","-46.408836","32.472353","0.129271","0.000004","0.610342","170.133432","231.070539","515.748123","32899aaf279f395f2cc611c0e62b82445ed40f4e587997fa97f1b68fcaf20d4e","pending","","auto_flags=none"
"tohsakarin_9f30d6d1c333e25b","tohsakarin_9f30d6d1c333e25b","audio/processed/tohsakarin_9f30d6d1c333e25b.wav","一场大祸乱后我们回收了火花的微臣之书这也意味着他并非霞蝶小姐的真正御主","6.948","48000","1","-1.000152","-75.024368","61.239874","0.208589","0.000009","0.604294","135.034995","251.258549","416.504861","09b29efad82e057a9a7d91e6fc899056e8b5070b3200294bd8dce9ed5df37908","pending","","auto_flags=none"
"tohsakarin_9f424394145d2df2","tohsakarin_9f424394145d2df2","audio/processed/tohsakarin_9f424394145d2df2.wav","如大家所见，现场有两位御主、两位从者，各自缔结了契约。","5.202","48000","1","-0.999854","-84.462029","70.722322","0.241803","0.000004","0.536885","151.571657","228.416468","342.23801","47389d4ad9245f1d66b6cb63c29caca06e5bfc34b564e57ea77c9531a85581a7","pending","","auto_flags=none"
"tohsakarin_9f93552e7cfd6776","tohsakarin_9f93552e7cfd6776","audio/processed/tohsakarin_9f93552e7cfd6776.wav","这么宏伟的史诗，提炼出什么宝具好像都说得通。","4.174","48000","1","-1.000152","-85.037117","69.910657","0.19898","0.000015","0.522959","148.109755","220.635764","373.213197","0222e47e5ddf475c2f604d9efdcac82f3844d3ded44b0b6159498118b0446874","pending","","auto_flags=none"
"tohsakarin_9fef90b636999d05","tohsakarin_9fef90b636999d05","audio/processed/tohsakarin_9fef90b636999d05.wav","3这就是巴比伦尼亚神话的创世史诗——","3.232312","48000","1","-1.000152","-36.349453","21.273215","0.059211","0.000019","0.615132","179.211928","233.75545","416.504861","5c1f332cf27f2e67c0f03b4939430798709bdeed3392561e9f1802cbc3ab6f88","pending","","auto_flags=none"
"tohsakarin_a0490ccdaa507985","tohsakarin_a0490ccdaa507985","audio/processed/tohsakarin_a0490ccdaa507985.wav","不过，{NICKNAME}，如果我说要以我们两人的名义，把它送给两位…你会介意吗？","5.94","48000","1","-1.000152","-91.86718","77.935748","0.303411","0.000046","0.59605","153.332834","237.15649","362.588541","057dfb9215519a58580881e751c78e96d515bf67e74f087206684d34abe192fc","pending","","auto_flags=none"
"tohsakarin_a04af1bfbd8e04f7","tohsakarin_a04af1bfbd8e04f7","audio/processed/tohsakarin_a04af1bfbd8e04f7.wav","就这样补充条款以后再说哎契约成立终于可以了无牵挂的出发了","7.717","48000","1","-1.000152","-87.404984","72.536072","0.383978","0.000038","0.483425","155.114476","297.077502","515.748123","7621e5e51a6c999a6fae3a6a3c9d70ffa79e262b1bb1864c991860ad9cd0491e","pending","","auto_flags=excess_silence"
"tohsakarin_a07159906e941e9c","tohsakarin_a07159906e941e9c","audio/processed/tohsakarin_a07159906e941e9c.wav","嗯全雷打的c本很帅气","3.844","48000","1","-0.999854","-93.2687","76.949884","0.387812","0","0.32964","153.332834","323.029667","1086.537955","95399f837463abba9f80a2e43ccaead0fc2b7006677d40660bcc61f4562af8e8","pending","","auto_flags=excess_silence"
"tohsakarin_a0c0af6a83c5addd","tohsakarin_a0c0af6a83c5addd","audio/processed/tohsakarin_a0c0af6a83c5addd.wav","…是<color=#dbc291ff>我自己</color>。","1.105","48000","1","-3.485058","-50.096287","34.841658","0.125","0","0","","","","ba4919d61ace5975a1fdf2d2e89f2bb32f59fef06f694588498635857b503189","pending","","auto_flags=too_short|pitch_unresolved"
"tohsakarin_a0e4513655382f72","tohsakarin_a0e4513655382f72","audio/processed/tohsakarin_a0e4513655382f72.wav","居然在事务所摆酒宴…真不知道他要整什么花活。","4.287854","48000","1","-1.000152","-74.3769","59.547458","0.186567","0.000024","0.450249","155.114476","256.388816","537.029001","672c2f40eef38f6551d3687addf3027b8d4e57db80cdcea5ed3bb19da15eabcd","pending","","auto_flags=none"
"tohsakarin_a13a75521689bc9b","tohsakarin_a13a75521689bc9b","audio/processed/tohsakarin_a13a75521689bc9b.wav","既然你能在没有出媒的情况下响应召唤而来如果不是和我性质相近那就一定和圣杯关系匪浅算是不幸中的万幸","9.858792","48000","1","-1.000152","-58.118118","43.259967","0.228108","0.000011","0.598919","164.338063","270.069989","1043.481656","ba403de52af44b528604b9d2eb8b9fc0c9c24c30b66f1a7a4f80feba944502b2","pending","","auto_flags=none"
"tohsakarin_a1427f1a3cde5a09","tohsakarin_a1427f1a3cde5a09","audio/processed/tohsakarin_a1427f1a3cde5a09.wav","是施术者心中风景的巨献固有结界吗","4.933","48000","1","-0.999854","-93.309975","77.792137","0.315335","0","0.198704","153.332834","263.901582","1099.162918","8dc82a1aae6fab0c51f724b1ad3d846750ed1df7db4af5dc057556733157f7e1","pending","","auto_flags=none"
"tohsakarin_a19422d9505be16b","tohsakarin_a19422d9505be16b","audio/processed/tohsakarin_a19422d9505be16b.wav","但该难过的是伊什塔尔。","3.001625","48000","1","-1.000152","-73.329514","57.20326","0.411348","0.000007","0.609929","50","205.267613","306.665669","9996d6ff0d0f7312c288d91babaf985bafe0008bba201a6fc94c1d96b7547cd6","pending","","auto_flags=excess_silence"
"tohsakarin_a2646163c10bbab5","tohsakarin_a2646163c10bbab5","audio/processed/tohsakarin_a2646163c10bbab5.wav","坂凛，是个魔术师，也是旅行者，正在寻找大源未曾枯竭的世界…呃，总之就是某种很厉害的能源，往返于各个世界线","12.888","48000","1","-1.000152","-92.88768","77.860968","0.365591","0.000008","0.404467","150.698668","232.409117","381.936642","de6b23b7ff228ea22b882dfa094d7d2215c4e5d7af6059bba28c4dec5c89e21b","pending","","auto_flags=excess_silence"
"tohsakarin_a2cb4dead71d3b1d","tohsakarin_a2cb4dead71d3b1d","audio/processed/tohsakarin_a2cb4dead71d3b1d.wav","啊居然用漫画形象蒙混过关把我当笨蛋吗","4.318","48000","1","-1.000152","-72.108582","58.760386","0.212346","0","0.62963","220.635764","441.271529","624.052181","d6aa4242bbae2a564e743dc003380f693ff06a5a4dbaf6878fe217b6eba4b9c9","pending","","auto_flags=none"
"tohsakarin_a2dc82f45764be1b","tohsakarin_a2dc82f45764be1b","audio/processed/tohsakarin_a2dc82f45764be1b.wav","没错。","0.529937","48000","1","-1.000152","-65.782646","52.164756","0.2","0.000157","0.54","168.179283","218.101547","489.621417","8c39ab466e1346820212b97cb5d3cd07a9a3ca3a8bca41114a336a7d053b509d","pending","","auto_flags=too_short"
"tohsakarin_a2e8335efb27d956","tohsakarin_a2e8335efb27d956","audio/processed/tohsakarin_a2e8335efb27d956.wav","嗯……","2.53","48000","1","-7.775333","-92.55217","69.463806","0.453782","0","0.294118","897.969639","1049.526484","1092.832205","dbf1ce1b849c93f19a2ebbc2d7d00fcd33fb0258af78c29c610288f47edfe7a0","pending","","auto_flags=excess_silence"
"tohsakarin_a2f653f7249423c0","tohsakarin_a2f653f7249423c0","audio/processed/tohsakarin_a2f653f7249423c0.wav","…学校里有从者！{NICKNAME}，我们快去看看！","2.582896","48000","1","-0.999854","-240","224.625642","0.288066","0.000024","0.312757","196.56412","294.513412","433.690748","24edec685d44cfd456ecef892ef8f1bf5de43c12a84a787a20011c3621b4239e","pending","","auto_flags=none"
"tohsakarin_a38c6d683e72aec0","tohsakarin_a38c6d683e72aec0","audio/processed/tohsakarin_a38c6d683e72aec0.wav","无谓的浪费和突发意外接连不断…难道远坂家真有什么世代相传的诅咒不成？","6.837","48000","1","-1.000152","-64.937317","51.207849","0.162246","0","0.692668","50","253.44394","404.647776","01de888ed95763073cb3a4ed112dbd0d743af65bcfea18eb0aaade3d18b77b24","pending","","auto_flags=none"
"tohsakarin_a4066f0601e6bc35","tohsakarin_a4066f0601e6bc35","audio/processed/tohsakarin_a4066f0601e6bc35.wav","让我找找，在哪儿呢……","3.562271","48000","1","-1.000152","-73.832428","58.917192","0.314371","0.000006","0.284431","179.211928","256.388816","1086.537955","e5edbd3fdc6c711272d55655df7b43aa7c3580c81c26c21618eba9792f311e93","pending","","auto_flags=none"
"tohsakarin_a46d5b8d17f83c9d","tohsakarin_a46d5b8d17f83c9d","audio/processed/tohsakarin_a46d5b8d17f83c9d.wav","嗯魔力不是艳力只是复制另一场幻造圣杯战争没有任何意义受制于同样的规则凡人想要击败神明可能性微乎其微","12.938542","48000","1","-1.000152","-77.46595","62.704288","0.377576","0.00001","0.60676","50","207.052985","360.500185","7ff1d5f4a72acd9ce74f0bd515846176089811f1c105a897fceac3735b134256","pending","","auto_flags=excess_silence"
"tohsakarin_a475fe3bb992c579","tohsakarin_a475fe3bb992c579","audio/processed/tohsakarin_a475fe3bb992c579.wav","啊，好像还没跟你提起过。其实，我也有个妹妹。","6.534","48000","1","-1.000152","-94.049126","79.837626","0.430669","0","0.256117","169.153536","223.199429","319.319355","184b626236837a821a64ac1c068dc5899bd95659e948176605972cf4cf239e4c","pending","","auto_flags=excess_silence"
"tohsakarin_a47f9b848e986e38","tohsakarin_a47f9b848e986e38","audio/processed/tohsakarin_a47f9b848e986e38.wav","哦说什么了","1.21","48000","1","-0.999854","-92.46199","78.310505","0.377193","0.000069","0.464912","225.792881","350.237445","406.991877","df7586984e99f35b3ac8fef1cdab35e9e509f40e3ee1289da48eef4c86e98e52","pending","","auto_flags=too_short|excess_silence"
"tohsakarin_a48a41013c02dad6","tohsakarin_a48a41013c02dad6","audio/processed/tohsakarin_a48a41013c02dad6.wav","篮球场…？","0.82525","48000","1","-0.999854","-51.512589","36.728272","0.153846","0","0.346154","218.101547","251.98421","310.228952","d87fc50cc89d068d881af4f9a04ff0efb0410e9e693d64dd6cf614dc9584bb36","pending","","auto_flags=too_short"
"tohsakarin_a4befad3286de583","tohsakarin_a4befad3286de583","audio/processed/tohsakarin_a4befad3286de583.wav","如果知道是最后一面我一定会提出珍藏的笑话逗笑他我一遍遍偷偷练习就盼着他板着的脸哪天舒缓下来","10.699","48000","1","-1.000152","-87.397064","73.239597","0.293825","0","0.407371","50","224.49241","317.48021","8b38163ac3920b7034a2b54a5e57190fc27251a8fa16b6df8278aa147a2f00a3","pending","","auto_flags=none"
"tohsakarin_a4c19d7f55f77e53","tohsakarin_a4c19d7f55f77e53","audio/processed/tohsakarin_a4c19d7f55f77e53.wav","真会找借口……","1.528","48000","1","-1.000152","-45.938499","32.230697","0.104167","0","0.576389","50","207.052985","271.634489","3407559cb974f7502ac94b81676703eab187470cca4f47a8b7e9874bf583a067","pending","","auto_flags=too_short"
"tohsakarin_a4fd36518aeddc47","tohsakarin_a4fd36518aeddc47","audio/processed/tohsakarin_a4fd36518aeddc47.wav","何如我所书里黄金一门的冒险之旅意外合上了呢","4.4","48000","1","-1.381984","-62.860397","50.030423","0.157385","0","0.636804","147.256706","215.596437","276.382576","cafafeefef356d1fcb3b2513ad268d0f18211ed0bcfe64e33736d23e792f4fed","pending","","auto_flags=none"
"tohsakarin_a50145a21bf945be","tohsakarin_a50145a21bf945be","audio/processed/tohsakarin_a50145a21bf945be.wav","一定是最能代表你的心神的字符你会选什么","4.03","48000","1","-1.000152","-240","225.508216","0.246032","0.000005","0.55291","143.064593","227.100886","472.943114","df7630522cd1783f016a787c8f9229c8e1b10dbc24f340e0da3a9dd50e57b0d2","pending","","auto_flags=none"
"tohsakarin_a56f67017771eb9c","tohsakarin_a56f67017771eb9c","audio/processed/tohsakarin_a56f67017771eb9c.wav","宣告令咒阿恰解放宝具为这个世界的正义而战吧","6.637875","48000","1","-1.000152","-90.294228","75.870909","0.40931","0.000003","0.306581","233.75545","377.549725","1092.832205","4e91061133cda18cb87fa9e6ae779cb46e1f43c696cbbece9a345ec0952950f7","pending","","auto_flags=excess_silence"
"tohsakarin_a5b9e5155a954e74","tohsakarin_a5b9e5155a954e74","audio/processed/tohsakarin_a5b9e5155a954e74.wav","奖——毕竟，如果不把旅途中每一次迷茫和后悔充分转换成前进的{RUBY_B#魔术宝石}基石{RUBY_E#}，可是很","8.636","48000","1","-0.999854","-75.804459","62.224619","0.214815","0","0.575309","140.606829","255.650471","428.709385","821b1b5a6607b94903a69e384ce07888c10d652cd2a2f07e6d2dcbc6d0868d97","pending","","auto_flags=none"
"tohsakarin_a5e126107ac461a4","tohsakarin_a5e126107ac461a4","audio/processed/tohsakarin_a5e126107ac461a4.wav","今晚我请客！——虽然很想这么说啦……","3.4915","48000","1","-1.000152","-71.299057","57.628782","0.240854","0.000036","0.631098","50","253.44394","373.213197","6f388c6f2d62b492f94934aa0cf2aced3ff6b8b38b0027ce43f136f596849669","pending","","auto_flags=none"
"tohsakarin_a5e8e6e4d2efe3bd","tohsakarin_a5e8e6e4d2efe3bd","audio/processed/tohsakarin_a5e8e6e4d2efe3bd.wav","我的父亲，再也不会回来了。","3.034","48000","1","-0.999854","-86.678276","70.726157","0.368421","0.000027","0.421053","50","175.118722","259.367911","48370fb6c3957c40488c78b5d64529a0f96df2aa2b69a2045b239d79bbd0d9b1","pending","","auto_flags=excess_silence"
"tohsakarin_a65fbf1bd38c92f3","tohsakarin_a65fbf1bd38c92f3","audio/processed/tohsakarin_a65fbf1bd38c92f3.wav","不过，我从一开始就探不出他任何从者的痕迹。","3.625","48000","1","-1.000152","-66.56781","52.900519","0.191176","0","0.579412","152.449702","250.532888","426.240201","0d85cb2474aa671e72189f458fe39fd24ed0b0cb44d3c45355746292856acd71","pending","","auto_flags=none"
"tohsakarin_a72a462b81ce8514","tohsakarin_a72a462b81ce8514","audio/processed/tohsakarin_a72a462b81ce8514.wav","这就是属于我们的权利","1.651521","48000","1","-0.999854","-29.917622","15.726423","0.064516","0","0.632258","201.158588","326.788542","624.052181","532a946e1dc655ed9509996bbdc56565c042f6fb25a149ef45d41e2b4ccf01e7","pending","","auto_flags=too_short|low_snr_proxy"
"tohsakarin_a7e974ae92dafd8e","tohsakarin_a7e974ae92dafd8e","audio/processed/tohsakarin_a7e974ae92dafd8e.wav","夏蝶玻璃西亚谢谢你们","4.802","48000","1","-0.999854","-240","222.193041","0.560976","0.000004","0.223947","50","209.458825","384.149178","58aff096cb7aeb2b9c65bca43d1091ca757e28895ac2a592046ecefd370407e8","pending","","auto_flags=excess_silence"
"tohsakarin_a8695d9c26e26d33","tohsakarin_a8695d9c26e26d33","audio/processed/tohsakarin_a8695d9c26e26d33.wav","知、知道了！总之，随着我们缔结了最后的契约，「幻造圣杯战争」正式打响了。","7.494","48000","1","-1.000152","-94.729996","79.970031","0.29303","0.000006","0.412518","182.344498","257.874062","521.740828","947e936c0471c8982e44fac3cc50abdb8014636500493b0b86ca473a7e0dbd01","pending","","auto_flags=none"
"tohsakarin_a905e24d66f7de33","tohsakarin_a905e24d66f7de33","audio/processed/tohsakarin_a905e24d66f7de33.wav","你感情真好","2.917","48000","1","-0.999854","-92.293999","78.02108","0.437956","0","0.076642","209.458825","297.935493","330.580127","68cdf76653b5e5bb346f4572ec2a9d8d8a360d57bc2e689d52a017295e6c64a8","pending","","auto_flags=excess_silence"
"tohsakarin_a91368c03d5d0930","tohsakarin_a91368c03d5d0930","audio/processed/tohsakarin_a91368c03d5d0930.wav","还有这份珍贵的宝藏——<color=#dbc291ff>我继续旅行的力量。</color>","4.896","48000","1","-2.075931","-93.302788","78.591017","0.371739","0","0.273913","197.702804","249.089924","354.307008","b2bdbd4f8a2a02d007f6efa7f8a9de7a7f45f142008e1bd3b7a6a8f6d2afcbb3","pending","","auto_flags=excess_silence"
"tohsakarin_a976b887d8b8e8f2","tohsakarin_a976b887d8b8e8f2","audio/processed/tohsakarin_a976b887d8b8e8f2.wav","这家伙到了这边也还是一副我会搞定一切放心交给我吧让人不爽的表情摆出一副监护人的样子也是哎一定得找个机会教训他一顿","13.381","48000","1","-1.000152","-86.757225","72.060039","0.277291","0.000011","0.41992","148.109755","254.912125","1086.537955","b86ef78f4aa8147bc3785db70cfe8ef1e8dbdbe1cddd958e6fba0aae7593064c","pending","","auto_flags=none"
"tohsakarin_a9ff531324d712be","tohsakarin_a9ff531324d712be","audio/processed/tohsakarin_a9ff531324d712be.wav","去死地生辉吧","1.631771","48000","1","-1.000152","-42.26659","26.826628","0.084967","0","0.470588","169.153536","236.471557","354.307008","2b80739f71167036610d3db72cd6eb4a92702ece4266ff99aa014d7e75eba0d1","pending","","auto_flags=too_short"
"tohsakarin_aa8ec7b143357eda","tohsakarin_aa8ec7b143357eda","audio/processed/tohsakarin_aa8ec7b143357eda.wav","所以，只要我们抢在大家之前回收王之财宝，就一定能引兔子出洞。","5.697","48000","1","-0.999854","-75.179413","61.28371","0.185047","0.000004","0.560748","163.391545","255.650471","467.510899","4325bef035ba581b101592b7bae0181d646f812000e1309d78fca7431c8de134","pending","","auto_flags=none"
"tohsakarin_aad5827e3f5be011","tohsakarin_aad5827e3f5be011","audio/processed/tohsakarin_aad5827e3f5be011.wav","办法或许还有很多…但最行之有效的，恐怕只有眼前这一个。","6.732667","48000","1","-1.000152","-93.264511","78.822623","0.381329","0.000009","0.414557","50.580972","208.855628","321.169153","9ac50313ea055bd43edb5dfd73a2bdd8cea9433a32aa5953f8551f7fede9c653","pending","","auto_flags=excess_silence"
"tohsakarin_abf052cace713c4b","tohsakarin_abf052cace713c4b","audio/processed/tohsakarin_abf052cace713c4b.wav","身体不自觉地摇起来了…让这片战场成为我们的舞台吧！","5.42","48000","1","-1.000152","-61.301178","46.966092","0.149312","0.000015","0.422397","176.133175","296.21951","521.740828","653169cbce93c521cb6db161057ec4bc56bc27061c18b4b2aed3fadb17c93ae7","pending","","auto_flags=none"
"tohsakarin_ac2fd4807c72f1b3","tohsakarin_ac2fd4807c72f1b3","audio/processed/tohsakarin_ac2fd4807c72f1b3.wav","哼哼，{NICKNAME}还真诚实。","2.203","48000","1","-1.000152","-155.603943","141.602663","0.231884","0","0.47343","167.210642","229.078069","546.416103","eeebaa6fe312825cbcad9f6633e59b6771dd6937372042cfaa31c8370b24cb39","pending","","auto_flags=none"
"tohsakarin_ac41af5803820a46","tohsakarin_ac41af5803820a46","audio/processed/tohsakarin_ac41af5803820a46.wav","真凶是那个主播，火花。她刚才亲口承认了，自己在打宝物的主意，还召开了寻宝大赛呢。","6.76","48000","1","-1.000152","-70.171303","56.45286","0.16877","0.000012","0.582019","170.133432","315.651659","472.943114","ab2048df46537529fbd95fd96db145da04f37164f0b4a9b974505da3e4ac42f4","pending","","auto_flags=none"
"tohsakarin_ac69cfabaa42f568","tohsakarin_ac69cfabaa42f568","audio/processed/tohsakarin_ac69cfabaa42f568.wav","只是，还有个疑点：我和{NICKNAME}什么都没拿到。为什么？","5.758","48000","1","-1.000152","-92.107071","78.363056","0.45","0","0.303704","141.421356","211.282413","1092.832205","bda0530d5e3c9625ced412f149fd5452769ca9837457803307dd47c36961975d","pending","","auto_flags=excess_silence"
"tohsakarin_aceff3ec7edfae5c","tohsakarin_aceff3ec7edfae5c","audio/processed/tohsakarin_aceff3ec7edfae5c.wav","都说不是了……","2.754","48000","1","-1.000152","-76.867851","60.996082","0.293436","0","0.301158","201.158588","288.620282","381.936642","6f394ac9f2eb11aeb8a601f41aba06df61f583d80123ba21d3026383abadb597","pending","","auto_flags=none"
"tohsakarin_acf1332ceca836e8","tohsakarin_acf1332ceca836e8","audio/processed/tohsakarin_acf1332ceca836e8.wav","给鉴别礼物收下吧我的从者","3.943","48000","1","-0.999854","-240","225.848752","0.521622","0.000037","0.340541","50","192.630927","289.453847","cabb2920d344c012b6d6901ef414578e52f88a206c74c7f3feb2b353edccf0e2","pending","","auto_flags=excess_silence"
"tohsakarin_ad197edc78f1f3a5","tohsakarin_ad197edc78f1f3a5","audio/processed/tohsakarin_ad197edc78f1f3a5.wav","…完全没气氛了！但也好，就这样轻松地拿下坏蛋吧！","5.594","48000","1","-1.000152","-93.302658","77.9872","0.367619","0.000034","0.388571","198.848085","303.143313","540.139978","7f0680285a75476028a92c01eccd5debd2e7a7b656df365e20531f81a1d1588e","pending","","auto_flags=excess_silence"
"tohsakarin_ad4d3fe8ab3cb50b","tohsakarin_ad4d3fe8ab3cb50b","audio/processed/tohsakarin_ad4d3fe8ab3cb50b.wav","{NICKNAME}…在说些什么呢？","3.02","48000","1","-1.000152","-89.730995","75.345589","0.204225","0.000007","0.478873","159.659677","224.496155","381.936642","af02c70e8c0b35b4ded49c0505617619d078ef19c43517450f17eed270f561e5","pending","","auto_flags=none"
"tohsakarin_ad6886ca1a28641f","tohsakarin_ad6886ca1a28641f","audio/processed/tohsakarin_ad6886ca1a28641f.wav","与他缔结主从契约与曾经的劲敌友人甚至另一个自己重逢和大家一起为了同一个目标四处奔走为我们以行和将行的旅途把酒言欢","13.376125","48000","1","-0.999854","-76.815399","61.844199","0.258167","0.000008","0.571315","50","216.845374","402.317176","42f34bb28ff0b5bf4d4da9bfd87136f16f112f5bc7b795b6b54bfda38f7d3ca8","pending","","auto_flags=none"
"tohsakarin_ad9e10d7b30f5806","tohsakarin_ad9e10d7b30f5806","audio/processed/tohsakarin_ad9e10d7b30f5806.wav","总之，先盘点下现状吧。","2.249","48000","1","-0.999854","-72.048981","57.380926","0.208531","0.00012","0.516588","181.294271","313.833639","393.128239","bbc38260443e5303e0061b923977d24eaedab0d302128ad9d6ed2a2891344378","pending","","auto_flags=none"
"tohsakarin_adf10a648a0cea33","tohsakarin_adf10a648a0cea33","audio/processed/tohsakarin_adf10a648a0cea33.wav","准备完毕。","0.710438","48000","1","-1.1299","-46.892471","33.612821","0.119403","0","0.641791","185.531823","219.364996","332.495158","1aa2a1ded57e92689fba92058c4952e79ea7b021544a9576a2643c16f4557e43","pending","","auto_flags=too_short"
"tohsakarin_adf9f14b21c7168b","tohsakarin_adf9f14b21c7168b","audio/processed/tohsakarin_adf9f14b21c7168b.wav","但…以他的性格，真会把自己辛辛苦苦搜集来的宝贝这么轻易地散给我们吗？","6.696","48000","1","-0.999854","-83.876038","70.340057","0.227707","0","0.546178","146.40857","229.739671","426.240201","d4bae160a04e921ec12bb82476ab6aef7a7d6ee861fe0dcd22ba9756529ea677","pending","","auto_flags=none"
"tohsakarin_ae19dffe2961ac7e","tohsakarin_ae19dffe2961ac7e","audio/processed/tohsakarin_ae19dffe2961ac7e.wav","呃，谢谢…但看你们快上不来气了，要不尽快说重点…？","5.305","48000","1","-0.999854","-80.947929","65.994395","0.299197","0.000008","0.405622","231.070539","339.286968","492.457765","42851383eb75f34783d4072c005b1092b309035d06b8b747fa344edaf8af0c5a","pending","","auto_flags=none"
"tohsakarin_af1ab181fc278833","tohsakarin_af1ab181fc278833","audio/processed/tohsakarin_af1ab181fc278833.wav","当然啦，我不会这么一走了之。","2.175","48000","1","-2.443112","-76.17408","63.69883","0.161765","0","0.686275","164.338063","326.804897","501.065775","2f7bdaf6d854d8e52f6d7acd67e3ac9788d0b73f85e3bb4ea1cc9d1a6614a10a","pending","","auto_flags=none"
"tohsakarin_af241d5ccc4981e5","tohsakarin_af241d5ccc4981e5","audio/processed/tohsakarin_af241d5ccc4981e5.wav","不会吧","1.079","48000","1","-1.000152","-56.635132","44.997853","0.156863","0","0.401961","214.354693","276.382576","326.783091","ea1eabdffbc379fc8db36f262cce0585786bb7f903ee0c143a7b8217d821637a","pending","","auto_flags=too_short"
"tohsakarin_b06145766ce8390e","tohsakarin_b06145766ce8390e","audio/processed/tohsakarin_b06145766ce8390e.wav","…不一样。或者说，有本质区别。","4.526","48000","1","-0.999854","-91.047295","76.266939","0.454118","0.000005","0.357647","138.191288","232.409117","346.214624","081182d0e5e80d92537245d57b8604ea214b1db669e89de0d74cdabbacf0314a","pending","","auto_flags=excess_silence"
"tohsakarin_b0c62aff0d248365","tohsakarin_b0c62aff0d248365","audio/processed/tohsakarin_b0c62aff0d248365.wav","原来你们就是另一个圣杯的主人…！","3.189667","48000","1","-1.708143","-68.830544","54.742772","0.243333","0","0.716667","50","244.810709","462.141079","406509947c944504ada9c8697c4cc360e673dcde8164653be275da67b03081f3","pending","","auto_flags=none"
"tohsakarin_b0dc7f71e83fb304","tohsakarin_b0dc7f71e83fb304","audio/processed/tohsakarin_b0dc7f71e83fb304.wav","（这都什么跟什么……）","2.18","48000","1","-1.000152","-93.279617","79.446743","0.346341","0.00001","0.453659","250.532888","464.818235","638.638709","8ae80b5fda6e3ceaa488b7570f501b2eded71f7ed0251302edacf6ecf0f57949","pending","","auto_flags=none"
"tohsakarin_b109c22913691655","tohsakarin_b109c22913691655","audio/processed/tohsakarin_b109c22913691655.wav","哎很简单举个例子小蝶小姐你爱玻里西亚吗","6.141","48000","1","-1.000152","-91.209457","76.629318","0.486111","0","0.307292","158.740105","219.364996","321.169153","e3ee31a961c2c46f21542f413e5a496cb4cba2c7a5baf93929515a1ccd7616e4","pending","","auto_flags=excess_silence"
"tohsakarin_b1535fa8e8dc6fa2","tohsakarin_b1535fa8e8dc6fa2","audio/processed/tohsakarin_b1535fa8e8dc6fa2.wav","嗯……","1.002","48000","1","-14.15424","-50.447289","20.990192","0.191489","0","0","","","","aa0696edd7b191e6471b91ec3581d79a40e9d0573c3e53449d8208fbd695413b","pending","","auto_flags=too_short|pitch_unresolved"
"tohsakarin_b15d398f759ef37a","tohsakarin_b15d398f759ef37a","audio/processed/tohsakarin_b15d398f759ef37a.wav","而守叶小姐和lsser分到的是王之臣酿","3.502","48000","1","-1.000152","-67.747803","54.168064","0.130699","0.000006","0.674772","152.449702","219.364996","350.237445","1b619ea0278f64b073f7bd2e57cd42e5720b0e51bf138ea3db0cb210aea26a55","pending","","auto_flags=none"
"tohsakarin_b1953aeed0e9d308","tohsakarin_b1953aeed0e9d308","audio/processed/tohsakarin_b1953aeed0e9d308.wav","你描绘的未来，绝不会实现。","2.366833","48000","1","-1.000152","-75.350319","60.889393","0.207207","0.000009","0.527027","50","243.400703","381.936642","54a8dca75f187c867a3f53da3deea354fe0f1193a1e13b414974c3068e48a0cc","pending","","auto_flags=none"
"tohsakarin_b1c89ef782df4015","tohsakarin_b1c89ef782df4015","audio/processed/tohsakarin_b1c89ef782df4015.wav","帅德小姐你根本不想战斗对不对如果被绑架了就眨眨眼","5.228","48000","1","-1.000152","-93.181549","79.658513","0.327902","0.000024","0.462322","183.400809","282.842712","421.344414","154de7ab1724df147c2aef98408452e1d90f0008df692fe8a2f9b6ddac82aa4c","pending","","auto_flags=none"
"tohsakarin_b26be3f6c03fc74e","tohsakarin_b26be3f6c03fc74e","audio/processed/tohsakarin_b26be3f6c03fc74e.wav","（是从者吗？同样感知不到任何魔力…到底为什么？）","7.283","48000","1","-0.999854","-61.608143","45.760736","0.390922","0.000006","0.254758","163.391545","246.228883","393.128239","258cc6b1012af072468289fecfde9238ac1b269e9b46ee296fa72d5e52c74bdf","pending","","auto_flags=excess_silence"
"tohsakarin_b27c43ba935cad74","tohsakarin_b27c43ba935cad74","audio/processed/tohsakarin_b27c43ba935cad74.wav","他说伊什塔尔正在寻找至珍贵之物，应该就是我们手中的圣杯……","5.247","48000","1","-1.77357","-93.26786","79.068583","0.24187","0","0.497967","162.450479","284.481204","423.785238","fd4cd9ce194fba52a4c9fc19ace8348725529ae8cd339133b2e48c0eef07481f","pending","","auto_flags=none"
"tohsakarin_b2bbb3092d323f8f","tohsakarin_b2bbb3092d323f8f","audio/processed/tohsakarin_b2bbb3092d323f8f.wav","呃还有你吗","1.496","48000","1","-1.000152","-93.080025","79.726639","0.262411","0.000014","0.326241","185.531823","458.171425","595.870985","81d4608f818fdad7d0a4af0792a0b60657b39ff58dda39de96015169627529a9","pending","","auto_flags=too_short"
"tohsakarin_b395d8086ac1d2f0","tohsakarin_b395d8086ac1d2f0","audio/processed/tohsakarin_b395d8086ac1d2f0.wav","等、等一下！配合调查可以，但我想知道，你们是什么时候缔结契约的？","6.38","48000","1","-1.000152","-240","223.768095","0.402337","0.000023","0.422371","148.109755","219.364996","423.785238","6db641306a03df4fe6b9a4a41ddc08a9ddc969c0a73e7b2608d325bf9884f94e","pending","","auto_flags=excess_silence"
"tohsakarin_b397dd4451bcb6dd","tohsakarin_b397dd4451bcb6dd","audio/processed/tohsakarin_b397dd4451bcb6dd.wav","呵呵这我当然也有对错走着瞧吧","3.505","48000","1","-1.000152","-84.119415","70.520464","0.273556","0.00003","0.294833","178.179744","377.549725","609.798809","af55537ea53ccbd84fd8b0f1407117bb8074148449569517995ad5cc8987d14c","pending","","auto_flags=none"
"tohsakarin_b537e5aaab9cd470","tohsakarin_b537e5aaab9cd470","audio/processed/tohsakarin_b537e5aaab9cd470.wav","出人意料的是，向来玩世不恭的王也亲自出马……","3.87675","48000","1","-1.000152","-64.936371","50.567031","0.126374","0.000005","0.662088","50","229.739671","472.943114","2f0aa8f5ebb34905c5f61e7c1a312f60beaf272668aad35da8374cb05764b39a","pending","","auto_flags=none"
"tohsakarin_b56b6b8395a32726","tohsakarin_b56b6b8395a32726","audio/processed/tohsakarin_b56b6b8395a32726.wav","…你是会被这种可爱小动物征服的人设吗？","3.809","48000","1","-0.999854","-79.605423","65.591187","0.178771","0","0.684358","164.338063","253.44394","446.398857","f017a5a0775250c5ed6969c464815e03019a6c4aa9ac40286d4866c70964e591","pending","","auto_flags=none"
"tohsakarin_b59694a121b65590","tohsakarin_b59694a121b65590","audio/processed/tohsakarin_b59694a121b65590.wav","嗯说到这个他是什么职接拿着球棒","7.55","48000","1","-1.000152","-53.814251","37.747978","0.306497","0.000003","0.632768","165.290064","236.471557","467.510899","b6ab32704ff0de0f83a548421a3e26c46d43f7ef28f5ceb6f435407b08855408","pending","","auto_flags=none"
"tohsakarin_b668a94b962875eb","tohsakarin_b668a94b962875eb","audio/processed/tohsakarin_b668a94b962875eb.wav","只靠我们肯定也没问题，对吧？","3.462","48000","1","-1.000152","-87.025513","73.245749","0.233846","0.000024","0.52","178.179744","297.935493","882.543058","50e82c899eda5eb78f12431c5975b027e28cb8baf1943898176bbff8fa7d53a8","pending","","auto_flags=none"
"tohsakarin_b66aa319cb5c9da9","tohsakarin_b66aa319cb5c9da9","audio/processed/tohsakarin_b66aa319cb5c9da9.wav","这个嘛，大概算{RUBY_B#脱胎于传说历史的概念兵器}概念武装{RUBY_E#}吧。","2.578","48000","1","-1.000152","-82.952354","68.825804","0.22314","0.000121","0.595041","153.332834","252.001025","481.210014","5fd425b41fd5cf8034d167adf565ce6921fe6660e7fe6a9f29ed283d71913f77","pending","","auto_flags=none"
"tohsakarin_b6f06470d1a415ca","tohsakarin_b6f06470d1a415ca","audio/processed/tohsakarin_b6f06470d1a415ca.wav","如果会失去什么再想办法夺回来就是正是因为坚信什么都不会失去我才一路走到了这里","7.959","48000","1","-0.999854","-93.157814","77.380437","0.297189","0.000026","0.34672","156.013045","249.089924","423.785238","d896ac8b0667e93fcaa6040d3471a7835ec642776514fc59bf49f506918d2c5a","pending","","auto_flags=none"
"tohsakarin_b75d4245997a97fc","tohsakarin_b75d4245997a97fc","audio/processed/tohsakarin_b75d4245997a97fc.wav","{NICKNAME}…在说些什么呢？","3.04","48000","1","-1.000152","-92.605438","78.156306","0.20979","0.000014","0.482517","160.584576","223.199429","381.936642","0bda7940a0f813df7c1fa3dce01a798177b1aa7b24d94a21bcfadb14a6827801","pending","","auto_flags=none"
"tohsakarin_b78833f856ec67e0","tohsakarin_b78833f856ec67e0","audio/processed/tohsakarin_b78833f856ec67e0.wav","你们不止要抓小偷，而是在侦办一连串围绕圣杯展开的恶性案件——对吗？","5.999","48000","1","-1.000152","-89.947495","75.921034","0.268206","0.000007","0.523979","157.825829","233.75545","334.421283","f54f77d530f9b27853680adb371a51a403a486179bb9ac3b7b9f38386eede77a","pending","","auto_flags=none"
"tohsakarin_b7aea92708940c00","tohsakarin_b7aea92708940c00","audio/processed/tohsakarin_b7aea92708940c00.wav","与他缔结主从契约与曾经的劲敌友人甚至另一个自己重逢和大家一起为了同一个目标四处奔走为我们以行和将行的旅途把酒言欢","13.376125","48000","1","-0.999854","-76.679543","61.762723","0.256574","0.000009","0.569721","50","218.101547","402.317176","08d606951e4638952f161fb46db9afc24f5ca31c28578bf3052c0fe3fd328781","pending","","auto_flags=none"
"tohsakarin_b829e37ccc2e8b37","tohsakarin_b829e37ccc2e8b37","audio/processed/tohsakarin_b829e37ccc2e8b37.wav","啊其实塔尔","1.88","48000","1","-1.848015","-240","225.361931","0.474576","0","0.118644","924.282157","962.420029","1080.279957","a7f69532ace7ea9534cc4982e7f2676fe0118541584102c2520b3506602d26b0","pending","","auto_flags=too_short|excess_silence"
"tohsakarin_b850e477ec5d3227","tohsakarin_b850e477ec5d3227","audio/processed/tohsakarin_b850e477ec5d3227.wav","我会把决心贯彻到底的哈欠","2.44875","48000","1","-1.000152","-81.223099","67.699001","0.213043","0.000068","0.456522","209.458825","304.899405","489.621417","e129c300f61d1e9d7e8817214c3cc3b9d1455c7305715b5ebf28f3c9f7b2f65a","pending","","auto_flags=none"
"tohsakarin_b8a67859501a6a7c","tohsakarin_b8a67859501a6a7c","audio/processed/tohsakarin_b8a67859501a6a7c.wav","啊！","1.139","48000","1","-6.520315","-50.302433","30.145929","0.196262","0","0","","","","cf04c93b38ef305e39a521cdaf3ac5e3f463205d7951aa6a573b3a6ccb66a625","pending","","auto_flags=too_short|pitch_unresolved"
"tohsakarin_b8daf57847b350b5","tohsakarin_b8daf57847b350b5","audio/processed/tohsakarin_b8daf57847b350b5.wav","泥土和青草的味道……","3.44","48000","1","-1.000152","-93.26033","78.636632","0.328173","0","0.260062","156.91682","290.292242","1099.162918","a22ceac31def0914dfb28726765e820a8317611e72f9c4f1d987f567c5a89b4e","pending","","auto_flags=none"
"tohsakarin_b8e495780679b5a0","tohsakarin_b8e495780679b5a0","audio/processed/tohsakarin_b8e495780679b5a0.wav","以原本家的荣誉启示我会全力以赴让事件以最圆满的方式落下帷幕","6.454","48000","1","-1.000152","-80.011993","65.730215","0.212871","0","0.549505","143.064593","220.635764","1061.721394","cae76ccd54555fd47bda06f339ce164e1845e6a4212b1ea7b78be81d383e59a5","pending","","auto_flags=none"
"tohsakarin_b916c7d9d85948c8","tohsakarin_b916c7d9d85948c8","audio/processed/tohsakarin_b916c7d9d85948c8.wav","嗯……","0.268","48000","1","-0.999854","-81.488449","72.350563","0.461538","0","0","","","","7087ed1d73c230215bced2b732b6870889e028bc20ebbafe4b5f22fe0e10d87c","pending","","auto_flags=too_short|excess_silence|pitch_unresolved"
"tohsakarin_b92a419a97c76960","tohsakarin_b92a419a97c76960","audio/processed/tohsakarin_b92a419a97c76960.wav","不过，大杯我们还是收下了。","2.144854","48000","1","-1.000152","-74.801941","63.83301","0.252475","0.000058","0.519802","204.674778","315.651659","428.709385","844af7773d7a8e04030052670d74684f7f6b0f62ec3839517239471b50fc6c6a","pending","","auto_flags=none"
"tohsakarin_b95ec77381cf6f56","tohsakarin_b95ec77381cf6f56","audio/processed/tohsakarin_b95ec77381cf6f56.wav","哼…为了城市治安，我们得加快脚步了。","3.801","48000","1","-1.000152","-93.249458","79.375433","0.422969","0.000071","0.411765","211.892619","284.481204","411.720895","1a5a32b3b36abdd2b94fa89a3388e0f5dfe4eb03c37d2af8bc9b914406f76b9b","pending","","auto_flags=excess_silence"
"tohsakarin_b97b98e0a83c97de","tohsakarin_b97b98e0a83c97de","audio/processed/tohsakarin_b97b98e0a83c97de.wav","呃呃哎我不是这个意思","2.708","48000","1","-0.999854","-71.493195","57.692357","0.275591","0.000015","0.507874","207.052985","292.817139","627.667278","67bc4c58e02e48bc505ef096c172f88b05f1deec7782863a4c1ee4630515482a","pending","","auto_flags=none"
"tohsakarin_ba15af70868951c2","tohsakarin_ba15af70868951c2","audio/processed/tohsakarin_ba15af70868951c2.wav","走了trablizer吉儿我们还是去做点更有用的事吧","4.016","48000","1","-1.000152","-61.901688","47.376956","0.198939","0.000031","0.466844","228.416468","352.266349","524.763242","bcd9fc94396d1d9360f795fb82f2ce2504d4f9a4e876651944dabe2098c50fff","pending","","auto_flags=none"
"tohsakarin_ba3481fd1f861977","tohsakarin_ba3481fd1f861977","audio/processed/tohsakarin_ba3481fd1f861977.wav","啊居然用这种不明所以的直接蒙混过关把我当笨蛋吗","5.14","48000","1","-1.000152","-78.256386","63.72272","0.219917","0.000012","0.59751","207.052985","343.229293","524.763242","1daaa7d428999d619318b2212f248633cb2381178af03a6dd10942cf77d548d3","pending","","auto_flags=none"
"tohsakarin_bad99bf7349f72ae","tohsakarin_bad99bf7349f72ae","audio/processed/tohsakarin_bad99bf7349f72ae.wav","<size=32>敬请欣赏——</size>","1.12","48000","1","-1.956908","-50.018028","34.140091","0.132075","0","0.349057","163.391545","313.833639","416.504861","a92c321bf3b4ed4f5f20ceba00ff80f504b8df3510cdfba961263c1284d16927","pending","","auto_flags=too_short"
"tohsakarin_bc22bc123ba9961e","tohsakarin_bc22bc123ba9961e","audio/processed/tohsakarin_bc22bc123ba9961e.wav","这什么群？","0.402","48000","1","-1.374218","-62.619614","50.484352","0.289474","0","0.421053","350.237445","410.576319","578.907695","951c91cf508f2958c79cb1fd032c30c4fe31eea17c6fd9669464c9d08ca1e5e8","pending","","auto_flags=too_short"
"tohsakarin_bca058ea849b824e","tohsakarin_bca058ea849b824e","audio/processed/tohsakarin_bca058ea849b824e.wav","妹二人与我和樱是那么相似，却又完全不同，简直就像两面镜子对映一般…谢谢她们，带我找回我们最珍贵的","14.799","48000","1","-1.000152","-92.20253","77.513214","0.391931","0.000001","0.403458","50","208.252431","319.319355","cefe8ce4a64007bc29c6fa7b85bad065a5db7ef73ed8cce24da87169810a0d7f","pending","","auto_flags=excess_silence"
"tohsakarin_bd4bf023e62a5bc0","tohsakarin_bd4bf023e62a5bc0","audio/processed/tohsakarin_bd4bf023e62a5bc0.wav","…传说中的大魔女，居然是个小女孩？","3.516","48000","1","-1.000152","-67.722237","52.989922","0.160606","0.000018","0.509091","161.514833","305.782537","492.457765","d25b60bdbb8749bbe9bb2deeb2601c826613bf7886a96253d25da21540b298bf","pending","","auto_flags=none"
"tohsakarin_bd60f15d631b482a","tohsakarin_bd60f15d631b482a","audio/processed/tohsakarin_bd60f15d631b482a.wav","嘘那是我偷偷用的别被他听见要遭惩罚的","4.991","48000","1","-1.000152","-84.830849","69.171821","0.320513","0.000004","0.264957","182.344498","346.214624","464.818235","a45a02c27003511c4cc54950cce58aa11654c656db2245abc1ee7e8c51e6a7e7","pending","","auto_flags=none"
"tohsakarin_be0bccf255a23880","tohsakarin_be0bccf255a23880","audio/processed/tohsakarin_be0bccf255a23880.wav","嗯……","0.876","48000","1","-8.999645","-53.022568","32.928753","0.216867","0","0.289157","181.294271","207.066801","268.514501","6146319af818731a1888517a57996fd20b4b0dbd6389c9ae4a5ff6997687d22f","pending","","auto_flags=too_short"
"tohsakarin_bf4df270b5304bc1","tohsakarin_bf4df270b5304bc1","audio/processed/tohsakarin_bf4df270b5304bc1.wav","哦哎霞蝶小姐居然看出来了","3.92","48000","1","-1.410935","-92.233383","78.032786","0.350543","0","0.304348","166.247579","227.758677","388.612776","009d99fee46c7747bce480786aa847aa14d6b7762fc8ef407d8f2444874dc4c2","pending","","auto_flags=excess_silence"
"tohsakarin_c09c1ab10fb2cf94","tohsakarin_c09c1ab10fb2cf94","audio/processed/tohsakarin_c09c1ab10fb2cf94.wav","别无主神了","1.03375","48000","1","-0.999854","-42.547134","28.476319","0.092784","0","0.597938","169.153536","226.446883","323.029667","99fc66dac7700cedd2d2d970e16300766394a5bf10180860b34a4390dbf3da2b","pending","","auto_flags=too_short"
"tohsakarin_c2172f34c283402c","tohsakarin_c2172f34c283402c","audio/processed/tohsakarin_c2172f34c283402c.wav","啊怎么可能","1.859896","48000","1","-1.000152","-75.5653","60.726624","0.365714","0.000123","0.52","50","336.358566","572.258373","a407dae1768848c0475f16f9c43550729da98fc5063ecfc4230394e3c2592942","pending","","auto_flags=too_short|excess_silence"
"tohsakarin_c23e11710ed3e6d0","tohsakarin_c23e11710ed3e6d0","audio/processed/tohsakarin_c23e11710ed3e6d0.wav","这…和美梦完全不一样。","2.805","48000","1","-1.000152","-87.465027","73.689381","0.296578","0","0.39924","167.210642","227.100886","646.059333","dfb141535790e99e171fe2b38f37057bf35fb2477c210b56de9f5bbcca4b4355","pending","","auto_flags=none"
"tohsakarin_c37e88b5d87a473b","tohsakarin_c37e88b5d87a473b","audio/processed/tohsakarin_c37e88b5d87a473b.wav","宣告令咒lsa解放宝具刺穿女神遮蔽贪欲的双眸吧","7.107687","48000","1","-1.000152","-82.85437","68.751139","0.323838","0.000067","0.502249","50","253.44394","562.427317","a279abe82e6b892429667bbcb8f96d024174a16cf09385a4d8fd9a4f0ffa97c2","pending","","auto_flags=none"
"tohsakarin_c4d024e9fb48bd28","tohsakarin_c4d024e9fb48bd28","audio/processed/tohsakarin_c4d024e9fb48bd28.wav","第二，为了胜利，火花想要借刀背刺女神，这才同意和他见面。","5.698","48000","1","-0.999854","-93.455429","78.778865","0.291589","0.00008","0.542056","130.435207","234.432515","1086.537955","29d2ebb3fa82d8e066503ae373244f7cf7511a17a6f2145376414c420dbc1a74","pending","","auto_flags=none"
"tohsakarin_c52c46c2bd1863f6","tohsakarin_c52c46c2bd1863f6","audio/processed/tohsakarin_c52c46c2bd1863f6.wav","马上就要迈向决战了…大家都已经准备好了，你呢？","4.085521","48000","1","-1.000152","-75.824966","61.982164","0.302083","0.000036","0.541667","50","259.367911","371.063647","e18bb8f489f5b77d93a17f9bf67f8ef4724368febc5e2fa5d64fb56502d87619","pending","","auto_flags=none"
"tohsakarin_c5a7a2dc0a536045","tohsakarin_c5a7a2dc0a536045","audio/processed/tohsakarin_c5a7a2dc0a536045.wav","无论如何，继续回收剩下的财宝吧。将来我们必有一战，绝不能让她占了上风。","6.474","48000","1","-0.999854","-92.735802","78.979653","0.294893","0.000003","0.456343","151.571657","228.416468","384.149178","869da62987f163c878c35ce48b52e9e6616b828a196c0c5a4818e8d248c9ddec","pending","","auto_flags=none"
"tohsakarin_c5c12433103f4c06","tohsakarin_c5c12433103f4c06","audio/processed/tohsakarin_c5c12433103f4c06.wav","阿这看来他也不是心甘情愿为女神拼命的这倒是个好消息","7.146","48000","1","-1.000152","-240","225.69753","0.41194","0","0.326866","152.449702","231.070539","324.900959","8afa9f54cc137c3e0f2b56b7abd0242f0d069dbf4ef6afbf4a33ab4f4632e451","pending","","auto_flags=excess_silence"
"tohsakarin_c5d95c76354bc878","tohsakarin_c5d95c76354bc878","audio/processed/tohsakarin_c5d95c76354bc878.wav","为了理想——就算不是大家口中的「天才」，我也还是想成为独当一面的魔术师。","7.064","48000","1","-1.017419","-240","225.947075","0.325792","0","0.414781","153.332834","218.101547","313.833639","8d69034c833541880e49cc2a4fca11c6eb96c570a87476eb8b7c5ab1fbd2da0e","pending","","auto_flags=none"
"tohsakarin_c5f3504244a0e29c","tohsakarin_c5f3504244a0e29c","audio/processed/tohsakarin_c5f3504244a0e29c.wav","毕竟这是你们第一次来到这片银河，不是吗？","5.474","48000","1","-1.000152","-93.272896","78.947138","0.461089","0","0.367704","164.338063","224.49241","334.421283","b9fd32634f19ad2ed1a9c79d1e25b1a0e78efbaaca42b860d478b3bbe235c10e","pending","","auto_flags=excess_silence"
"tohsakarin_c60a4b24aeaf1b1c","tohsakarin_c60a4b24aeaf1b1c","audio/processed/tohsakarin_c60a4b24aeaf1b1c.wav","搞得好像永别似的……","2.529979","48000","1","-1.000152","-72.834404","58.289247","0.310924","0","0.504202","50","184.997531","289.453847","c660654a86a2de785d81cc9ef4166df306191ed4ce2ae6a8189989e481f21878","pending","","auto_flags=none"
"tohsakarin_c6dac36a4ea04b68","tohsakarin_c6dac36a4ea04b68","audio/processed/tohsakarin_c6dac36a4ea04b68.wav","谁，我？","1.229","48000","1","-1.000152","-82.304321","71.031715","0.439655","0","0.534483","244.810709","344.220575","684.476021","5948d3a09f286421396cd9645047176f3fbae28b10dfdcf6f4428de3439a8bc7","pending","","auto_flags=too_short|excess_silence"
"tohsakarin_c6faa33f0ac9c273","tohsakarin_c6faa33f0ac9c273","audio/processed/tohsakarin_c6faa33f0ac9c273.wav","各位，打起精神吧。接下来我们恐怕有得忙了。","4.347","48000","1","-1.000152","-93.376534","79.075318","0.357843","0.000014","0.473039","154.221083","249.089924","668.842567","0bb69c789a08bf4d2eeda30f82a2300c06f5ec340305e95425b9ae8ea88dacc4","pending","","auto_flags=excess_silence"
"tohsakarin_c71f25bfe97a8621","tohsakarin_c71f25bfe97a8621","audio/processed/tohsakarin_c71f25bfe97a8621.wav","算我一个。","0.691","48000","1","-1.000152","-67.772171","55.495106","0.169231","0","0.538462","192.074589","321.169153","472.943114","71374a0d7d87266b0ec8ba551a92659934d26b76ea1e6164b3cddc6a4bdac0dc","pending","","auto_flags=too_short"
"tohsakarin_c86885daf08516d1","tohsakarin_c86885daf08516d1","audio/processed/tohsakarin_c86885daf08516d1.wav","但我们已经在追回财宝了，干嘛非得陪你玩角色扮演……","3.842","48000","1","-1.000152","-77.267639","63.927511","0.130194","0","0.731302","146.40857","245.519796","559.187974","722ba34cea7a82212d7198f614280cc9fe1ab0bf70abced1bed0294621bf5de7","pending","","auto_flags=none"
"tohsakarin_c90441bf5e1f9cb3","tohsakarin_c90441bf5e1f9cb3","audio/processed/tohsakarin_c90441bf5e1f9cb3.wav","我说话不是很直接吗","1.562","48000","1","-1.000152","-38.124439","23.635657","0.081633","0","0.557823","176.133175","277.18311","426.240201","71c436f501eabc20649992152d800d5cf45c2cdcb3b4d6de0d8faba1593d3d0c","pending","","auto_flags=too_short"
"tohsakarin_c95fe57e35da019a","tohsakarin_c95fe57e35da019a","audio/processed/tohsakarin_c95fe57e35da019a.wav","不对…快躲开，{NICKNAME}…！","0.980458","48000","1","-0.999854","-80.046196","68.310801","0.26087","0.000021","0.456522","326.783091","466.164567","649.801917","14ae6770579cc47b242bea87c1014d36da70d166bebdbc5428947f0f9fb13f4e","pending","","auto_flags=too_short"
"tohsakarin_c9e08bb973688aea","tohsakarin_c9e08bb973688aea","audio/processed/tohsakarin_c9e08bb973688aea.wav","还真是挑了个最宏大的问题……","3.355","48000","1","-1.000152","-80.260178","65.501263","0.311111","0.000056","0.387302","151.571657","323.029667","448.984819","17b4732c37e3c6e016f715ed6783a1046ddda058d017118f423cce6fb55b500e","pending","","auto_flags=none"
"tohsakarin_ca0176edb78acebf","tohsakarin_ca0176edb78acebf","audio/processed/tohsakarin_ca0176edb78acebf.wav","他到底赊了多少账啊！要不是能报销，咱们肯定得刷盘子刷到昏天黑地了。","6.33","48000","1","-1.000152","-86.761307","72.348153","0.218855","0.00002","0.587542","166.247579","286.129186","495.310544","539df327488252805697b2d2bd86886aed2e5007c660792482e95482a7795c16","pending","","auto_flags=none"
"tohsakarin_ca3919d93ffa2ad9","tohsakarin_ca3919d93ffa2ad9","audio/processed/tohsakarin_ca3919d93ffa2ad9.wav","我只是可惜…这下没法轻松通关了啊。","3.275","48000","1","-1.000152","-72.074516","57.47927","0.220779","0","0.405844","178.179744","268.514501","1080.279957","b93b9ae0417897b9a2b6a8aeafb96e1910ce382f1d548ec6914405402d762e6c","pending","","auto_flags=none"
"tohsakarin_ca79add557c052b7","tohsakarin_ca79add557c052b7","audio/processed/tohsakarin_ca79add557c052b7.wav","只是，还有个疑点：我和{NICKNAME}什么都没拿到。为什么？","5.768","48000","1","-0.999854","-91.655594","78.176817","0.449168","0","0.303142","141.421356","210.675722","1099.162918","0a67df362ca3fc8188e837f4de412824958a56b5e9779adc10b0d6f0360db772","pending","","auto_flags=excess_silence"
"tohsakarin_caa64f619efa9e33","tohsakarin_caa64f619efa9e33","audio/processed/tohsakarin_caa64f619efa9e33.wav","——毕竟","0.760646","48000","1","-1.696534","-50.749237","37.163542","0.125","0","0.75","161.514833","188.778012","254.912125","ad7da664712d5608588372008d31099a095727e89bd858b45faf7d8f591c5800","pending","","auto_flags=too_short"
"tohsakarin_cab676b188eba9c9","tohsakarin_cab676b188eba9c9","audio/processed/tohsakarin_cab676b188eba9c9.wav","蓝色看起来可能有点轻浮但其实是个相当可靠的大哥沉着坚韧的战士说来你可能不信我还欠他一条命呢","10.045","48000","1","-1.000152","-83.769615","69.916376","0.216561","0.000004","0.543524","50","253.44394","431.192873","5a7c73db0feb052b00642d0e4efae86bdee437a4f3466ed975ebab26a05bdfc4","pending","","auto_flags=none"
"tohsakarin_caf903d7376edc10","tohsakarin_caf903d7376edc10","audio/processed/tohsakarin_caf903d7376edc10.wav","最后，以防万一……","2.103","48000","1","-1.000152","-84.295151","70.511594","0.393939","0","0.434343","196.56412","277.18311","379.736848","e2674b3e66b888471f95ffdf478bfb981c61bd4b78b8acd610cb0ddbed62a659","pending","","auto_flags=excess_silence"
"tohsakarin_cb49d708be93ac2f","tohsakarin_cb49d708be93ac2f","audio/processed/tohsakarin_cb49d708be93ac2f.wav","金星之护佑古代美索布达米亚风瓤战争与美之女神金星的女主人伊斯塔尔的赐福","8.155","48000","1","-1.000152","-72.995895","58.98645","0.160784","0.000005","0.665359","144.726924","270.069989","438.729992","adda11e0977bc977b692765b76e2c0375149ccabc7f86490ec174fcb308bc3c5","pending","","auto_flags=none"
"tohsakarin_cc8b36ee05ae6bcb","tohsakarin_cc8b36ee05ae6bcb","audio/processed/tohsakarin_cc8b36ee05ae6bcb.wav","啊！","0.49","48000","1","-1.000152","-68.395035","57.033514","0.26087","0","0","","","","5e2d4180a61751ac28933eb7aa7c7d336011880cd39021b5be4736b7ce77f734","pending","","auto_flags=too_short|pitch_unresolved"
"tohsakarin_ccc4ab8c7163afa7","tohsakarin_ccc4ab8c7163afa7","audio/processed/tohsakarin_ccc4ab8c7163afa7.wav","…你也被操控了吗！","2.074646","48000","1","-0.999854","-87.081367","74.624667","0.251282","0","0.610256","189.868424","270.069989","371.063647","7dd67160c646429caeb0d8619e88f0347a9036857d2f044c1a5f68e57ecc5f6c","pending","","auto_flags=none"
"tohsakarin_ccdc937b3abf39c6","tohsakarin_ccdc937b3abf39c6","audio/processed/tohsakarin_ccdc937b3abf39c6.wav","啊！","0.921","48000","1","-4.446169","-61.003807","48.268886","0.264368","0","0.896552","431.192873","748.588395","877.459984","eb68ab2746ddbadfc64cf852372e937480103f0d1dd9513e461a0d721e28b26a","pending","","auto_flags=too_short"
"tohsakarin_cd7a113aa8bf5c16","tohsakarin_cd7a113aa8bf5c16","audio/processed/tohsakarin_cd7a113aa8bf5c16.wav","啊！","0.445","48000","1","-2.381873","-82.143532","63.693707","0.357143","0","0","","","","336297f437bb6093578d8e982255a776f4bdbe63bc52184c16083fc6536f63a5","pending","","auto_flags=too_short|excess_silence|pitch_unresolved"
"tohsakarin_cd816d81b3b4cb5d","tohsakarin_cd816d81b3b4cb5d","audio/processed/tohsakarin_cd816d81b3b4cb5d.wav","堂堂不死神探，不会连这点情报都搞不到吧？","3.841","48000","1","-1.000152","-68.755272","55.337438","0.185596","0.000005","0.518006","176.133175","250.532888","518.735822","8ed4f392275834c43972657a21ade990f2f3b6b43fa98c87cb4d028ec20e722c","pending","","auto_flags=none"
"tohsakarin_cdb462ffb02f2325","tohsakarin_cdb462ffb02f2325","audio/processed/tohsakarin_cdb462ffb02f2325.wav","那应该也是我…","2.285833","48000","1","-1.000152","-45.98576","33.350133","0.106977","0.000036","0.665116","175.118722","319.319355","350.237445","9e9b62f55352a5a224749b24bb07477b0418e2b8bd2a6284f413949c9e9d6592","pending","","auto_flags=none"
"tohsakarin_ce0e0ba7786e4057","tohsakarin_ce0e0ba7786e4057","audio/processed/tohsakarin_ce0e0ba7786e4057.wav","这就是最新进展。现在，就让我感知愿力流向，确定下一个目标吧——","5.916","48000","1","-1.000152","-91.589691","77.288151","0.318919","0","0.475676","148.109755","252.722507","402.317176","a9350d4e341ae21e0c0aa58a8caebbc9047565ccfc674183afab6f672a84990e","pending","","auto_flags=none"
"tohsakarin_ce23688319df123c","tohsakarin_ce23688319df123c","audio/processed/tohsakarin_ce23688319df123c.wav","我已经向大家发誓，会让事件以最圆满的方式落下帷幕……","4.335","48000","1","-1.000152","-76.413948","62.208573","0.149877","0","0.63145","149.830708","235.109581","368.926477","c750c3d7cffe39ac72ebbffbf00b270c224e5e5dfeec313e27ddc8547367d888","pending","","auto_flags=none"
"tohsakarin_ce38f4faea4c8786","tohsakarin_ce38f4faea4c8786","audio/processed/tohsakarin_ce38f4faea4c8786.wav","欸，圆桌骑士？他也是从者？","3.129","48000","1","-0.999854","-90.411789","76.283371","0.380952","0","0.302721","193.187266","292.817139","524.763242","cdb35bcf6e108f93614fd47fb9965f489d2cd95577d0b72cc293329ce35854d9","pending","","auto_flags=excess_silence"
"tohsakarin_ce7ea11d7b9a3b46","tohsakarin_ce7ea11d7b9a3b46","audio/processed/tohsakarin_ce7ea11d7b9a3b46.wav","这是我以防突袭布置的防御术式，当时没来得及回收就匆匆离开了。","5.202208","48000","1","-1.000152","-89.886848","74.832696","0.192623","0.000008","0.588115","50","224.49241","358.423857","33ee73cd18f10caa22c461a37ba91cca00861da5d4db2680c023ea1fb1d53c0d","pending","","auto_flags=none"
"tohsakarin_cf37f7b922f03e71","tohsakarin_cf37f7b922f03e71","audio/processed/tohsakarin_cf37f7b922f03e71.wav","她打着我的旗号，在城里到处滋事…要说谁是黑幕，肯定是她没跑！","6.14","48000","1","-1.000152","-81.591217","66.316661","0.243056","0","0.397569","167.210642","259.367911","400","f904707786e88a37669a56ea54ec92d35113b462a3f8ec9f33449652ecaae82d","pending","","auto_flags=none"
"tohsakarin_cfbf01800386b165","tohsakarin_cfbf01800386b165","audio/processed/tohsakarin_cfbf01800386b165.wav","狗为什么有狗在讲","2.381","48000","1","-1.000152","-93.948227","78.545115","0.4375","0.000009","0.285714","175.118722","357.391672","1099.162918","95e64581a016e7f50cb3b7f3cf0d3e5fe0494d79436616e43ed00abcdc22092f","pending","","auto_flags=excess_silence"
"tohsakarin_d036e31099df478b","tohsakarin_d036e31099df478b","audio/processed/tohsakarin_d036e31099df478b.wav","请不要为有这样的念头苛责自己。","2.160438","48000","1","-1.988177","-31.661259","18.986648","0.049261","0","0.729064","149.830708","249.089924","346.214624","68413d7ce8cb5f23595ba0d284e5688bebbf6fd8809dc1ff0fb6a57649200e30","pending","","auto_flags=none"
"tohsakarin_d1610f224461b2e5","tohsakarin_d1610f224461b2e5","audio/processed/tohsakarin_d1610f224461b2e5.wav","<color=#dbc291ff>…一段故事落幕后，一切物质的得失相抵之后，仿佛凭空诞生的存在。</color>","7.975271","48000","1","-1.000152","-65.613159","51.268497","0.298128","0.000003","0.576203","50","188.774863","1092.832205","072720b9f93aa12fcbd7aae947138f333a9f7d923a72f5e24c98b9210b71fb64","pending","","auto_flags=none"
"tohsakarin_d1c2b8fd7a417ca7","tohsakarin_d1c2b8fd7a417ca7","audio/processed/tohsakarin_d1c2b8fd7a417ca7.wav","是令咒，对吧？","1.105625","48000","1","-1.000152","-73.071594","59.162741","0.240385","0","0.490385","256.388816","377.549725","649.801917","2ec17d0873bff1d930969f37e33670a2fa92e8637537ad5672442f31d9a0b5eb","pending","","auto_flags=too_short"
"tohsakarin_d2931dd2990f30b9","tohsakarin_d2931dd2990f30b9","audio/processed/tohsakarin_d2931dd2990f30b9.wav","没看到遐蝶小姐呢…还没来吗？","2.51","48000","1","-0.999854","-78.149475","64.125813","0.254237","0","0.550847","158.740105","293.665275","459.479342","40a295b90b0bc5a1bd40ceed74542f6c8d5e6808f030a96a4ea00f7807201065","pending","","auto_flags=none"
"tohsakarin_d2ca071db9ece24c","tohsakarin_d2ca071db9ece24c","audio/processed/tohsakarin_d2ca071db9ece24c.wav","所以，现在，我要把你也抱在怀里，安然无恙地带回去——","5.662667","48000","1","-1.000152","-71.301811","57.540834","0.374765","0.00014","0.647834","50","194.306388","384.149178","76d0734069962525caf086628cba68c7167d9c626cc14894d4a55a15585c1ece","pending","","auto_flags=excess_silence"
"tohsakarin_d3ba1564c1521e4b","tohsakarin_d3ba1564c1521e4b","audio/processed/tohsakarin_d3ba1564c1521e4b.wav","要说要挑剑能代表开拓还有你的礼物他一定是最优解","4.75","48000","1","-1.000152","-79.080688","66.212886","0.197309","0.000004","0.587444","157.825829","292.817139","454.201772","f865d2950dc36f46b0b4ffe97ff36fb7ec9da06ee7848a32cff4e85ab70b9621","pending","","auto_flags=none"
"tohsakarin_d3ba5f38160788a3","tohsakarin_d3ba5f38160788a3","audio/processed/tohsakarin_d3ba5f38160788a3.wav","当然，结界魔术而已。","2.012","48000","1","-1.000152","-129.799667","116.244283","0.37037","0","0.439153","135.034995","225.792881","384.149178","de118e41c23d495c081caef814c6eea0be376ac24f54ccdfd6e7e4fe0635848f","pending","","auto_flags=excess_silence"
"tohsakarin_d3bd01e443912173","tohsakarin_d3bd01e443912173","audio/processed/tohsakarin_d3bd01e443912173.wav","呃吓了一跳你们的财宝还真和冥界颇有渊源","6.898","48000","1","-1.000152","-93.672043","78.203039","0.302937","0.000018","0.333849","159.659677","297.935493","1099.162918","a7509d187dec8e78932d6843a668ee2b428ca01098d2783b3b6a0d780dacf310","pending","","auto_flags=none"
"tohsakarin_d3f3f32f646ee06e","tohsakarin_d3f3f32f646ee06e","audio/processed/tohsakarin_d3f3f32f646ee06e.wav","伊斯塔尔","0.821","48000","1","-0.999854","-47.301052","33.034121","0.116883","0","0.155844","1043.481656","1052.566406","1099.162918","06a6687d076cba07f700567a6d16ac0c93192042da53a87fc1591eb61bd24dad","pending","","auto_flags=too_short"
"tohsakarin_d3fcf2456bda0aef","tohsakarin_d3fcf2456bda0aef","audio/processed/tohsakarin_d3fcf2456bda0aef.wav","嗯说到这个他是什么职接拿着球棒","7.544","48000","1","-0.999854","-53.650963","37.690931","0.30791","0","0.642655","165.290064","232.409117","467.510899","aa598a91c44232b3e0c6cb9b3df1670d4998467af314168f9ab0578b3bd0fb8e","pending","","auto_flags=none"
"tohsakarin_d436052a2bce0b71","tohsakarin_d436052a2bce0b71","audio/processed/tohsakarin_d436052a2bce0b71.wav","我拒绝——这条路，我会亲自去开拓！","4.355042","48000","1","-1.000152","-84.16024","68.200542","0.427873","0.000014","0.462103","50","51.465112","575.573432","bd776240b618df4cdc118b933c0e8f7ef6ad8e40a769cfca308077d2614295af","pending","","auto_flags=excess_silence"
"tohsakarin_d45c6a3d39f8a62b","tohsakarin_d45c6a3d39f8a62b","audio/processed/tohsakarin_d45c6a3d39f8a62b.wav","就这样，我目送他迈向了属于魔术师的结局。","4.979","48000","1","-0.999854","-83.453796","69.018647","0.349036","0","0.344754","152.449702","194.306388","257.874062","31c138004e8fcfbb36930a23b284507ad462adaa7677c2aad81a55a85fa3ac99","pending","","auto_flags=none"
"tohsakarin_d5bc2c2bba2565d8","tohsakarin_d5bc2c2bba2565d8","audio/processed/tohsakarin_d5bc2c2bba2565d8.wav","汝为深缠助命徒之行者","2.941271","48000","1","-2.477595","-66.498474","52.471621","0.221014","0","0.59058","50","227.100886","379.736848","f766ef32c4edf298ef373e3021ee7dd69ee477c0a4659f382fc931ff254d2bf0","pending","","auto_flags=none"
"tohsakarin_d6bc866f1f240de9","tohsakarin_d6bc866f1f240de9","audio/processed/tohsakarin_d6bc866f1f240de9.wav","借助这片土地本身的愿力进行从者召唤，或许可以避开仪式原本的限制，就算不需要御主提供魔力支持，也可以令其单","11.940125","48000","1","-0.999854","-53.6884","38.444779","0.209821","0.000002","0.420536","128.937031","221.913894","348.220225","acaf90bf0d5f558fde0dd5afb73381a1674cc1fa9bc2d8d6c766e0282d781fb9","pending","","auto_flags=none"
"tohsakarin_d6e5d3492c4003d8","tohsakarin_d6e5d3492c4003d8","audio/processed/tohsakarin_d6e5d3492c4003d8.wav","和大家好好道过别了吗？","1.45","48000","1","-1.000152","-45.238602","33.896151","0.102941","0.000057","0.683824","180.250093","257.874062","366.801617","d7aa70c7a21cf33299593aa75afa834633f409e3da61a8c45f706bbb6d9da9ba","pending","","auto_flags=too_short"
"tohsakarin_d6f62b23b5b9effa","tohsakarin_d6f62b23b5b9effa","audio/processed/tohsakarin_d6f62b23b5b9effa.wav","大","2.345042","48000","1","-5.684196","-78.130547","57.116093","0.586364","0","0.131818","208.252431","219.364996","250.532888","239210ad45efee5096cc3cc915b677449fa208c2907f3adf0044cd66ede18003","pending","","auto_flags=excess_silence"
"tohsakarin_d7038d6ecd65a56b","tohsakarin_d7038d6ecd65a56b","audio/processed/tohsakarin_d7038d6ecd65a56b.wav","因为这么做很开心什么本质都是为享乐而生的守财奴如果明知有去却不去做不是很亏吗","8.561","48000","1","-0.999854","-90.771332","76.90777","0.286426","0.000032","0.5467","143.064593","323.029667","935.021799","1db9337a01087524e67f8be5ec795a6476909af02223698086a183f7ce430124","pending","","auto_flags=none"
"tohsakarin_d7528865259f9f96","tohsakarin_d7528865259f9f96","audio/processed/tohsakarin_d7528865259f9f96.wav","我们的天赋，注定生来就没有选择的权力。","3.92","48000","1","-1.000152","-87.858406","73.648602","0.255435","0","0.483696","139.796993","201.158588","291.130637","9eda0ff7f17db007ff12e128441e87a3fc36fc6e4a355ecce98387f1071e1e78","pending","","auto_flags=none"
"tohsakarin_d7e5aa80c9a4b7e3","tohsakarin_d7e5aa80c9a4b7e3","audio/processed/tohsakarin_d7e5aa80c9a4b7e3.wav","（…事已至此，清点一下魔力储备吧。）","7.930229","48000","1","-1.000152","-67.460236","50.291683","0.544355","0","0.616935","50","214.354693","274.790729","541ee1177bdc39d0b465fda319982eaceed2ce3e588bdd774b31b8d666eb9da0","pending","","auto_flags=excess_silence"
"tohsakarin_d7e62d8c913eabe9","tohsakarin_d7e62d8c913eabe9","audio/processed/tohsakarin_d7e62d8c913eabe9.wav","…肯定没问题的。","2.695","48000","1","-0.999854","-85.742821","71.733482","0.343874","0","0.351779","223.199429","296.21951","402.317176","9d3d0321e6f3408c4e14a5ac30c9e8dbded2cf6fbbe988fba902e97b14a2606b","pending","","auto_flags=none"
"tohsakarin_d830e29a81d81c81","tohsakarin_d830e29a81d81c81","audio/processed/tohsakarin_d830e29a81d81c81.wav","请放心：我，从踏上这条旅途时起，就已经做好准备了。","5.777","48000","1","-1.000152","-98.661865","84.016885","0.356089","0.000014","0.341328","155.114476","259.367911","373.213197","38a0b2be5fd89a37865fdd0a428c4b5ee44f960c457ca7d3710e1ae8ef43994c","pending","","auto_flags=excess_silence"
"tohsakarin_d90f519e3bbf55e3","tohsakarin_d90f519e3bbf55e3","audio/processed/tohsakarin_d90f519e3bbf55e3.wav","——开个玩笑啦。这么珍贵的礼物，谢谢你。","6.402","48000","1","-1.000152","-88.793831","72.346422","0.532446","0.000026","0.304493","50","210.672207","356.359487","4b8c707e81f8c633c0644918b5fd7aa200ba4e10ce6748125d5cde89c57f8ca8","pending","","auto_flags=excess_silence"
"tohsakarin_d975d99b7ef08035","tohsakarin_d975d99b7ef08035","audio/processed/tohsakarin_d975d99b7ef08035.wav","哼哼，终于用出这招了！","2.477","48000","1","-1.000152","-86.365822","73.823718","0.270386","0","0.39485","216.845374","303.163542","668.842567","06a66af33b7abb85d5ddf5bd3069479699d12aad2f029d9cc2ff661530708e51","pending","","auto_flags=none"
"tohsakarin_da11837565ea28c7","tohsakarin_da11837565ea28c7","audio/processed/tohsakarin_da11837565ea28c7.wav","话是这么说…但实在漫天要价，我还从来没用过这个必杀技呢。","5.592","48000","1","-1.000152","-92.508385","77.740697","0.28","0.000011","0.544762","154.221083","228.416468","411.720895","98fab583af625add87a1b4ec9b1bdf07fde42acabd535fca9ec881b9015db82c","pending","","auto_flags=none"
"tohsakarin_dad270db0e89007d","tohsakarin_dad270db0e89007d","audio/processed/tohsakarin_dad270db0e89007d.wav","他现在可是我的从者哦奉劝你别动什么歪脑筋","3.82","48000","1","-1.000152","-82.029243","69.151275","0.158774","0.000016","0.643454","159.659677","279.593987","467.510899","a85b196f05aec3ac8d5c8f39ade04c2b615d5dc8883215c4f4c364994165fcad","pending","","auto_flags=none"
"tohsakarin_db1213453d3afd75","tohsakarin_db1213453d3afd75","audio/processed/tohsakarin_db1213453d3afd75.wav","不对…快躲开，{NICKNAME}…！","0.971187","48000","1","-1.000152","-79.828667","67.510658","0.271739","0.000043","0.456522","326.783091","464.825989","649.801917","f861a941a7ffdbb3aebeccfbc4b76281b46eff7e02df2b044e5186f6de185e9a","pending","","auto_flags=too_short"
"tohsakarin_db3c968eceec8fd5","tohsakarin_db3c968eceec8fd5","audio/processed/tohsakarin_db3c968eceec8fd5.wav","果将全人类的愿望强加于一身，最后一定会燃烧殆尽…谢谢你，{NICKNAME}，能够陪他一路走到最后。","9.99","48000","1","-1.000152","-93.113876","78.381036","0.388474","0","0.436499","50","202.323888","1099.162918","97943e1d523a6efe6bd34f76de57c3ca33066d87693a1ec65f3cbbad738ebf1f","pending","","auto_flags=excess_silence"
"tohsakarin_dbb69215333bcd31","tohsakarin_dbb69215333bcd31","audio/processed/tohsakarin_dbb69215333bcd31.wav","呃倒是些说吉利也不吉利的话","3.562","48000","1","-2.018891","-84.703316","70.316027","0.329341","0","0.416168","164.338063","228.416468","1013.775759","429787517492b201b496371b293bdf70274505b333531c81675c8d4df41a1c0c","pending","","auto_flags=none"
"tohsakarin_dc2faaa0793f8f4f","tohsakarin_dc2faaa0793f8f4f","audio/processed/tohsakarin_dc2faaa0793f8f4f.wav","如果我出生在这片银河嗯果然还是最想被纯美批示啊呃什么他早就失踪了嗯","12.137","48000","1","-1.000152","-83.634926","69.206032","0.401582","0","0.537786","50","198.848085","492.457765","25d3f9df957c2fb85bbfd298c3867a86eab1a25dc3a3d31f675816a6f4145b36","pending","","auto_flags=excess_silence"
"tohsakarin_dc9bc96eefa8b478","tohsakarin_dc9bc96eefa8b478","audio/processed/tohsakarin_dc9bc96eefa8b478.wav","匹诺康尼之父的遗物，还受到过「同谐」洗礼……","3.7","48000","1","-1.000152","-89.339005","75.043246","0.195965","0","0.524496","147.256706","268.514501","360.500185","18d97e8e1b6c33f2bd638ae2789407f540137dea86352a81f5e460d2a239ed33","pending","","auto_flags=none"
"tohsakarin_dcddcb69b707c393","tohsakarin_dcddcb69b707c393","audio/processed/tohsakarin_dcddcb69b707c393.wav","是精神操控…可火花为什么不让它们把财宝交到自己手里？","5.109","48000","1","-1.000152","-87.535614","73.287045","0.250522","0.000012","0.455115","160.584576","248.372598","404.647776","214d9e990cfb7d2c7a3ac2f8d0ae91be1c7344c5be40fcee6c85f5d8c6f7e59f","pending","","auto_flags=none"
"tohsakarin_dcf338455878b128","tohsakarin_dcf338455878b128","audio/processed/tohsakarin_dcf338455878b128.wav","可是，我们真的能用弑杀泰坦的方法，对付美索不达米亚的神明吗……","5.98","48000","1","-0.999854","-73.154678","59.573092","0.231729","0","0.531194","144.726924","221.274829","354.307008","87911025f0b01dd8f2a6361cfccdac90d2071143f9e3928712174f886184ee85","pending","","auto_flags=none"
"tohsakarin_ddca17c1af90003c","tohsakarin_ddca17c1af90003c","audio/processed/tohsakarin_ddca17c1af90003c.wav","要说要挑剑能代表开拓还有你的礼物他一定是最优解","4.75","48000","1","-1.000152","-79.013374","66.273095","0.199552","0","0.585202","156.013045","292.817139","454.201772","4cabe71c1e974fffea9e4a8668baf20f5d812fdc61a5eb55c9624186b3aca7f0","pending","","auto_flags=none"
"tohsakarin_ddfbd5809a5877aa","tohsakarin_ddfbd5809a5877aa","audio/processed/tohsakarin_ddfbd5809a5877aa.wav","能直接招来星际舰队、甚至「巡猎」光矢的信物吗？难以想象。","5.707","48000","1","-1.678829","-89.900475","75.04711","0.248134","0","0.505597","180.250093","286.129186","509.824251","2013595e95e8001634164d776b02b47defedcd3d8daa13c964dcec5aa7fca25f","pending","","auto_flags=none"
"tohsakarin_de07b77b6189c18d","tohsakarin_de07b77b6189c18d","audio/processed/tohsakarin_de07b77b6189c18d.wav","彻底失控了吗…只能开战了！","4.007","48000","1","-1.000152","-91.276443","74.323208","0.441489","0","0.234043","179.211928","244.814793","379.736848","f36406e29d688f0e5e64fcd766fe5ea55e4ff4e96716f44fefc2da8ad4d96948","pending","","auto_flags=excess_silence"
"tohsakarin_de673ae8a798c545","tohsakarin_de673ae8a798c545","audio/processed/tohsakarin_de673ae8a798c545.wav","接下来恐怕就是动真格了——让我们一起优雅从容地面对吧。","6.326","48000","1","-1.000152","-93.457626","78.814709","0.33165","0.000007","0.385522","176.133175","249.089924","446.398857","3a34894bf9b8813f8adf4ef1e8633ae383a542df2a5c5efcfe78dd7e8838206c","pending","","auto_flags=none"
"tohsakarin_dea16f87134f4fe1","tohsakarin_dea16f87134f4fe1","audio/processed/tohsakarin_dea16f87134f4fe1.wav","是啊，漫天要价。我还从来没用过这个必杀技呢。","4.642","48000","1","-1.000152","-85.914383","70.60421","0.275229","0.000022","0.458716","163.391545","236.471557","448.984819","7f297bc7bb0bfc354c191f763ffed90fae44237f7feaee128f3c9e1e043aaacf","pending","","auto_flags=none"
"tohsakarin_df4c51e2ac580a41","tohsakarin_df4c51e2ac580a41","audio/processed/tohsakarin_df4c51e2ac580a41.wav","…不管了！既然大家都不客气，那我也用令咒迎接你们！","4.393","48000","1","-0.999854","-90.948166","75.937988","0.32767","0.000009","0.458738","194.306388","250.532888","973.602811","db3e6942fdbc74a0ccf968308bce5d0bb44435c2f815f2bc9ec40bfac21d87f9","pending","","auto_flags=none"
"tohsakarin_e071d968faf05285","tohsakarin_e071d968faf05285","audio/processed/tohsakarin_e071d968faf05285.wav","嗯我当然记得了于是我们和线人不死徒取得了联系虽然看起来不靠谱但他带来了一颗重磅炸弹","9.616","48000","1","-0.999854","-89.965233","74.562798","0.331486","0.00003","0.465632","156.013045","250.532888","1099.162918","d5affad26f478e9b8eb5bb4369cf2c0713c9944a6d934f92273f6c1e4f2259a8","pending","","auto_flags=none"
"tohsakarin_e0ee5f84ed330bc1","tohsakarin_e0ee5f84ed330bc1","audio/processed/tohsakarin_e0ee5f84ed330bc1.wav","虽然现在的我还无法完全认同这个观点…但，曾有一个人这样对我说过。","8.365708","48000","1","-1.000152","-68.681549","53.681752","0.429299","0.000025","0.749045","50","159.659677","317.48021","6faa7837a495607b42abcca780332cb469783288fcd95c49c994e8ef0e111b5a","pending","","auto_flags=excess_silence"
"tohsakarin_e122ed5dd73b1f1f","tohsakarin_e122ed5dd73b1f1f","audio/processed/tohsakarin_e122ed5dd73b1f1f.wav","这知道了这不是苦中作乐吗","3.544","48000","1","-1.000152","-90.688133","74.246813","0.261261","0.000018","0.399399","186.606598","270.069989","428.709385","8fefdec4277e09c9f75b9d94cdf59a8ee74d65f8ecc4d877a03f7900a76b3d7e","pending","","auto_flags=none"
"tohsakarin_e2d8f59446111650","tohsakarin_e2d8f59446111650","audio/processed/tohsakarin_e2d8f59446111650.wav","你是谁长得和我一样巴扯又为什么会站在你那边","4.815","48000","1","-1.000152","-93.936218","78.89494","0.358407","0.000013","0.415929","179.211928","291.130637","672.717132","5f807677be0917776596ab47dd10a75b6884694a33372376ce84f354e87acc73","pending","","auto_flags=excess_silence"
"tohsakarin_e2f9e2f1a33644aa","tohsakarin_e2f9e2f1a33644aa","audio/processed/tohsakarin_e2f9e2f1a33644aa.wav","对此，久违挚友的见证之人高举权杖，宣告：","6.229458","48000","1","-1.000152","-76.059792","60.475347","0.37094","0.000007","0.565812","50","183.400809","326.783091","275504cc4eb7a7f77cc487ee08ea315d361029470bfc7fa01caa31c8a444834a","pending","","auto_flags=excess_silence"
"tohsakarin_e3535f0916ed212a","tohsakarin_e3535f0916ed212a","audio/processed/tohsakarin_e3535f0916ed212a.wav","不过，{NICKNAME}，如果我说要以我们两人的名义，把它送给两位…你会介意吗？","5.94","48000","1","-1.000152","-85.430099","71.596357","0.303411","0.000039","0.597846","152.449702","236.471557","358.423857","41e5dc9ae93d295475cb6412de38ba31ecb7d3e8ef0dd79570da30e1859cf13b","pending","","auto_flags=none"
"tohsakarin_e3e9fa9fe2ca6c47","tohsakarin_e3e9fa9fe2ca6c47","audio/processed/tohsakarin_e3e9fa9fe2ca6c47.wav","忠实尽到了监护的义务。他教会我保护自己。虽然变卖家产让学习生活压力倍增，但他至少能让我衣食无忧，这就","11.735","48000","1","-1.000152","-93.231133","78.57323","0.316985","0.000002","0.457766","143.893358","218.101547","381.936642","14dbb52ea7f7fc5837f51ad75e3ad4e807345a7c6825fb96ab1bddda8db3248f","pending","","auto_flags=none"
"tohsakarin_e4096f155bd9112f","tohsakarin_e4096f155bd9112f","audio/processed/tohsakarin_e4096f155bd9112f.wav","所以——只要声音传不到耳朵里，这道结界就不攻自破！","5.579","48000","1","-1.000152","-90.064835","74.633828","0.23855","0","0.532443","147.256706","237.841423","462.141079","44989167ebd5963aeb88eb5e6b1bc69927eea05ab4e63c1a03d0ea4084ef6b5b","pending","","auto_flags=none"
"tohsakarin_e4196cd90fb776bb","tohsakarin_e4196cd90fb776bb","audio/processed/tohsakarin_e4196cd90fb776bb.wav","记好了哦？我的名字，也不是说给随便什么人都可以的——","4.100625","48000","1","-1.000152","-82.566193","69.143002","0.205195","0.000127","0.631169","154.221083","254.912125","503.96842","4cbfd8e566357f746eddb89a54d852892f59d5ce9fda8ca00bdb8996bbc0b26f","pending","","auto_flags=none"
"tohsakarin_e443030caa40681a","tohsakarin_e443030caa40681a","audio/processed/tohsakarin_e443030caa40681a.wav","即便我一直都在把大家推离身边，我还是会坚持走下去，尽全力把大家拥入怀中。","7.092896","48000","1","-0.999854","-69.465462","54.985518","0.234586","0.000041","0.699248","50","224.49241","364.688995","6020c1e7479391fbcb6b75dc76f12ab7048b7997737a774959228249a05ab578","pending","","auto_flags=none"
"tohsakarin_e4c28ef9c086a352","tohsakarin_e4c28ef9c086a352","audio/processed/tohsakarin_e4c28ef9c086a352.wav","<color=#dbc291ff>「生命的跃动」</color>——这就是这片银河赠给我的、最后的答案。","5.783","48000","1","-1.000152","-86.962479","72.873887","0.364641","0","0.488029","50","220.635764","340.266864","9332a3452a87461db2c7df548506424de20ad07f61c95e7bba8e820c37d615a8","pending","","auto_flags=excess_silence"
"tohsakarin_e4e294149966f090","tohsakarin_e4e294149966f090","audio/processed/tohsakarin_e4e294149966f090.wav","还真会说话不过放心我不喜欢阶级分明的关系","5.261","48000","1","-1.000152","-86.151299","71.675615","0.327935","0.00004","0.423077","147.256706","254.912125","521.740828","e63eefff627dc5279d784123c6ea67d70ae485e3960fd33049f60187cd90e303","pending","","auto_flags=none"
"tohsakarin_e503db141b1f03f7","tohsakarin_e503db141b1f03f7","audio/processed/tohsakarin_e503db141b1f03f7.wav","我总觉得朽叶女士身上藏着什么大秘密结果到圣杯战争结束了都没揭释哎也是动画里的关键角色总不能在番外篇透底呀","13.861","48000","1","-1.000152","-84.386398","69.354195","0.273846","0.000015","0.497692","50","250.532888","509.824251","f0a931bfe5a6a0d31b14fe5c9ff672935d6644cb4865776be9505a4b79889620","pending","","auto_flags=none"
"tohsakarin_e56b090d3285eca8","tohsakarin_e56b090d3285eca8","audio/processed/tohsakarin_e56b090d3285eca8.wav","就是这里。希望他们还没走远……","3.041","48000","1","-1.000152","-240","225.416899","0.437063","0","0.328671","154.221083","204.674778","375.375199","e2c12502dbfdd8912ce8d11c0558112f1a69822f7913385669135fc8c400709c","pending","","auto_flags=excess_silence"
"tohsakarin_e5ebb30b6b074d24","tohsakarin_e5ebb30b6b074d24","audio/processed/tohsakarin_e5ebb30b6b074d24.wav","它比世上全部财富加起来都要珍贵千千万万倍。哭泣、欢笑、愤怒、憎恶……","8.852","48000","1","-0.999854","-76.325516","60.854928","0.342169","0.000005","0.561446","50","213.737396","1080.279957","ca7380725ed3ace6404d9decbb15cd71e8e90117c703c1a5cfcdf7595bee94f6","pending","","auto_flags=none"
"tohsakarin_e6378762bf6261c3","tohsakarin_e6378762bf6261c3","audio/processed/tohsakarin_e6378762bf6261c3.wav","因此身为御主我在此向你我的从者正式提出请求无论如何接下来的七天内还请尽可能协助我离开这个世界","13.283","48000","1","-1.000152","-96.205322","81.151928","0.374799","0.000002","0.312199","143.064593","225.792881","990.621088","83a7c169a977fe2843647c8a1a1189da2a3a3fde0c9e95f2cc108519eb39eca1","pending","","auto_flags=excess_silence"
"tohsakarin_e684a1b6da41f210","tohsakarin_e684a1b6da41f210","audio/processed/tohsakarin_e684a1b6da41f210.wav","…现在，该聊聊如何对抗伊什塔尔了。","2.863083","48000","1","-1.000152","-74.220474","60.735037","0.219331","0.000015","0.501859","219.364996","281.213658","1092.832205","e96d55f41a1559e00247631a04fb882d7d3c39ffed06e655d7b0a36e743b811f","pending","","auto_flags=none"
"tohsakarin_e68e34657bde121c","tohsakarin_e68e34657bde121c","audio/processed/tohsakarin_e68e34657bde121c.wav","啊两位莫非对基凯很感兴趣","2.928","48000","1","-1.000152","-65.133049","51.130416","0.170909","0","0.469091","213.1201","304.899405","546.416103","83d8f451a9e948fcb5e6adfac259cc90e5967dbb25677b4e1038d110bce4bb15","pending","","auto_flags=none"
"tohsakarin_e6911dd176376a87","tohsakarin_e6911dd176376a87","audio/processed/tohsakarin_e6911dd176376a87.wav","不愧是天才许多魔术师当然也明白却还是像不懂放弃的傻瓜一样夜以继日的追求一代又一代","10.293167","48000","1","-1.000152","-63.367275","48.848791","0.299482","0.000016","0.420725","50","233.75545","1092.832205","dc3860903924e3de40dc71cb30b1bc32585befe16f362111b3169648f8167462","pending","","auto_flags=none"
"tohsakarin_e6d638fceab78d8e","tohsakarin_e6d638fceab78d8e","audio/processed/tohsakarin_e6d638fceab78d8e.wav","做好心理准备哦？","1.073","48000","1","-1.000152","-50.26199","37.568192","0.108911","0","0.712871","178.179744","236.475502","336.358566","ed6cc900aaa1e5a7a4f191b455ab4e75dae9fde1080606bbf4e05f1538bbe2a3","pending","","auto_flags=too_short"
"tohsakarin_e6ec5a43086d62ff","tohsakarin_e6ec5a43086d62ff","audio/processed/tohsakarin_e6ec5a43086d62ff.wav","奇机为银与铁","1.783208","48000","1","-1.602306","-49.597549","35.775987","0.130952","0","0.494048","215.596437","241.998818","271.634489","dfd862b351da7ec16e1b8faaf230f80b4b5c04be7728c3f6fc60f34f7d15d135","pending","","auto_flags=too_short"
"tohsakarin_e734d32672117094","tohsakarin_e734d32672117094","audio/processed/tohsakarin_e734d32672117094.wav","圣杯里的魔力嘛，确实一滴都不剩了……","4.286","48000","1","-0.999854","-72.534836","56.92814","0.179104","0.00001","0.475124","50","203.495938","371.063647","6ea805497d9efb2ef8214358d251cc54c1a2c1272099810629f83eedb08b5cc5","pending","","auto_flags=none"
"tohsakarin_e74d1133eb543cdc","tohsakarin_e74d1133eb543cdc","audio/processed/tohsakarin_e74d1133eb543cdc.wav","怪不得以新手而言他对魔术的了解未免太深还总找借口玩消失偷偷派旁白暗中观察我们","9.416","48000","1","-1.000152","-93.290588","78.685831","0.297848","0.000007","0.450736","139.796993","221.274829","388.612776","71520b638e216e76ad694075c378cda628df7c103fa1a453f56472cb043d176d","pending","","auto_flags=none"
"tohsakarin_e775a78d85dd7ae8","tohsakarin_e775a78d85dd7ae8","audio/processed/tohsakarin_e775a78d85dd7ae8.wav","啊？！真、真的吗？","1.636688","48000","1","-1.000152","-93.291397","79.155592","0.435065","0.000089","0.207792","379.736848","468.880675","512.777633","722f98f6ee94fc2919e14664ce85be59c3d6d03ae3521b60afa4954242c153e4","pending","","auto_flags=too_short|excess_silence"
"tohsakarin_e7ba09e320b7b5a1","tohsakarin_e7ba09e320b7b5a1","audio/processed/tohsakarin_e7ba09e320b7b5a1.wav","嗯？理由很简单呀。","2.22","48000","1","-1.000152","-92.36721","79.773334","0.521531","0","0.416268","220.635764","289.453847","962.420029","eba7036788a08bae9c00761124a40de9975ae1c4ae1fce5ef6dce5f62edc0152","pending","","auto_flags=excess_silence"
"tohsakarin_e8002d0e95399930","tohsakarin_e8002d0e95399930","audio/processed/tohsakarin_e8002d0e95399930.wav","我望着父亲。记忆中从未开过玩笑的他，正抚摸着我的头。","5.369","48000","1","-0.999854","-82.365761","68.103813","0.27381","0.000008","0.454365","132.715174","218.101547","661.160255","d396444a03841aad58365672496464d5c308e0e7904cef8dc20b44eaa439b511","pending","","auto_flags=none"
"tohsakarin_e81601607a8800ff","tohsakarin_e81601607a8800ff","audio/processed/tohsakarin_e81601607a8800ff.wav","<size=28>挥霍的感觉真是太——爽——啦——！</size>","4.971","48000","1","-1.000152","-55.672802","42.38964","0.147752","0.000004","0.685225","247.655272","443.827789","772.749063","09cee590afe650f12ca2b98a47d4c887ce692f44125280a83069207e7a18042d","pending","","auto_flags=none"
"tohsakarin_e837eb0647097dd5","tohsakarin_e837eb0647097dd5","audio/processed/tohsakarin_e837eb0647097dd5.wav","谢谢你","1.829","48000","1","-1.9702","-92.883453","77.676035","0.581395","0","0.168605","144.726924","173.107312","284.481204","9197f6e644d595ef79c780c21ac44a4bca9075015a149114ed5142caf0fd7f76","pending","","auto_flags=too_short|excess_silence"
"tohsakarin_e876fd4595d63afe","tohsakarin_e876fd4595d63afe","audio/processed/tohsakarin_e876fd4595d63afe.wav","呃哎还真是小叶女士的风格","3.961","48000","1","-1.000152","-87.957977","72.389844","0.298387","0.000011","0.325269","158.740105","243.400703","336.358566","b5ef50fd1b2192ef2d1b24b15ba8158965e024513e9301d31473beacaf3ca547","pending","","auto_flags=none"
"tohsakarin_e8f8ad5c494ff944","tohsakarin_e8f8ad5c494ff944","audio/processed/tohsakarin_e8f8ad5c494ff944.wav","源头是这里，但…这两位怎么看都不像财宝啊？","6.029","48000","1","-1.000152","-85.472618","71.325605","0.250883","0.000021","0.501767","154.221083","303.143313","1099.162918","36b1698a36edf1c3deba0077a49fe9fb3a79a094ba084d36cafd2ba6ff32e35d","pending","","auto_flags=none"
"tohsakarin_e90369fe27c24651","tohsakarin_e90369fe27c24651","audio/processed/tohsakarin_e90369fe27c24651.wav","接下来","0.684","48000","1","-2.223617","-76.776459","62.597149","0.184615","0","0","","","","15da1f9c89a190c88a579e2b7c4e2bf5bd83215e20bff327741308c1b5976991","pending","","auto_flags=too_short|pitch_unresolved"
"tohsakarin_e917b52fc6b87c68","tohsakarin_e917b52fc6b87c68","audio/processed/tohsakarin_e917b52fc6b87c68.wav","我才没那么丢三落四。","1.45625","48000","1","-1.000152","-27.25639","13.262365","0.072993","0","0.781022","182.344498","332.495158","867.381496","37468d7adcb1301567f6f3c0acbcf89ef87e57c8474fb2555bf570c01272ff85","pending","","auto_flags=too_short|low_snr_proxy"
"tohsakarin_ea819bc5e92dc83e","tohsakarin_ea819bc5e92dc83e","audio/processed/tohsakarin_ea819bc5e92dc83e.wav","原来，仪式启动时，圣杯中的愿力不知怎地，全部化作财宝，从天而降……","5.57","48000","1","-1.000152","-73.142754","58.900313","0.179732","0.000019","0.558317","174.110113","260.870414","409.349557","e669a001c5f5574a49b4e125812443c183905673d61a0decd21be8eb673aa5e2","pending","","auto_flags=none"
"tohsakarin_ea9b581aad5c66f6","tohsakarin_ea9b581aad5c66f6","audio/processed/tohsakarin_ea9b581aad5c66f6.wav","（等等…在这里是不是得改下台词…？）","4.094771","48000","1","-1.000152","-59.644173","43.559238","0.382812","0","0.361979","203.495938","240.605007","1099.162918","51b40208223dd3b2cfe192e9ec1750dbf73aa07a841f3036ae7118f22b362585","pending","","auto_flags=excess_silence"
"tohsakarin_eac773746cc788fd","tohsakarin_eac773746cc788fd","audio/processed/tohsakarin_eac773746cc788fd.wav","让我们一起优雅从容的面对吧就算我们都深受各自神明青睐自己的人生也还是要亲手开拓对吧","9.334","48000","1","-1.000152","-93.1754","78.82325","0.28653","0.000004","0.439498","157.825829","291.130637","467.510899","494298e0a2a4d2ee79f60df24841cd3969d984b13b30fbe30f8303605406bd99","pending","","auto_flags=none"
"tohsakarin_ead033f5ecbfbde2","tohsakarin_ead033f5ecbfbde2","audio/processed/tohsakarin_ead033f5ecbfbde2.wav","惭的家伙，口口声声说自己能瞬间结束圣杯战争，结果夹着尾巴跑了…看来是和我一样，也在虚张声势呢。","10.508","48000","1","-1.000152","-83.468994","68.927588","0.255578","0.000002","0.489858","148.967746","273.208051","1099.162918","5279e56a7e9281123ddbce0214ad44645709aac5eb007cdd6feac4d3f356202b","pending","","auto_flags=none"
"tohsakarin_eb1e20772943393e","tohsakarin_eb1e20772943393e","audio/processed/tohsakarin_eb1e20772943393e.wav","但，很可惜…圣杯已经没办法实现愿望了，至少这场圣杯战争不行。","6.875","48000","1","-1.535304","-82.131691","68.313271","0.299225","0","0.443411","50","211.892619","340.266864","bfb0cd4a99908ca154ba7b54321740085235fcfde08441b13f18516484f50c57","pending","","auto_flags=none"
"tohsakarin_eb795c7c9ef31e1c","tohsakarin_eb795c7c9ef31e1c","audio/processed/tohsakarin_eb795c7c9ef31e1c.wav","一定要抽到最完美的卡！","1.654833","48000","1","-0.999854","-37.876007","23.565266","0.057692","0.000076","0.589744","171.119005","231.739828","486.801405","16f019e5a98e9fffe7f7d893bf04843115f753a875c581baf9f81f9effb038b2","pending","","auto_flags=too_short"
"tohsakarin_ebe6caea6f315e8b","tohsakarin_ebe6caea6f315e8b","audio/processed/tohsakarin_ebe6caea6f315e8b.wav","啊看到这些宝石了吗这可是原版家的招牌特技哦只要预先注入魔力我就能随时随地使出各种魔术然后眼睁睁看着作为容器的名贵宝石碎掉哼哼哼哼哼","16.83","48000","1","-1.000152","-89.012268","74.826437","0.296578","0.000007","0.550697","139.796993","253.44394","518.735822","b1980eaf061ec41edad6af9ff3ae5660183dd20f70762b3388bd0bf9b8ca5c89","pending","","auto_flags=too_long"
"tohsakarin_ebfa18079741adb4","tohsakarin_ebfa18079741adb4","audio/processed/tohsakarin_ebfa18079741adb4.wav","啊小几百传说中的神明啊","4.707","48000","1","-2.20788","-93.17334","77.925911","0.432127","0","0.273756","168.179283","215.596437","276.382576","5e6cbdfa91945dc4c3343d4439f6b2e8763a5dcadd3bac371c913ca1d3a69966","pending","","auto_flags=excess_silence"
"tohsakarin_eca3039a110dbc1c","tohsakarin_eca3039a110dbc1c","audio/processed/tohsakarin_eca3039a110dbc1c.wav","所以，我就稍微任性了一把——","2.644","48000","1","-1.000152","-75.0093","61.068289","0.197581","0","0.576613","50","232.409117","512.777633","f7986016ed69f47d90be55d412c2b104883a4c20b0515e81be631430b6056c33","pending","","auto_flags=none"
"tohsakarin_ed10f6fc19b3c9e5","tohsakarin_ed10f6fc19b3c9e5","audio/processed/tohsakarin_ed10f6fc19b3c9e5.wav","坂家是圣杯战争仪式的联合创始者，虽然历史不算悠久，也是当地豪门。只是因为我经营不善，现在没那么「豪」了。","12.111","48000","1","-1.000152","-78.926331","63.853729","0.24912","0.000012","0.584507","50","233.75545","1043.481656","6b1f95b9c266fb7b1b3cf6ec5942404a6a2668b92b1f6a68305a2c7c2f1478e2","pending","","auto_flags=none"
"tohsakarin_edf6bacd522dc644","tohsakarin_edf6bacd522dc644","audio/processed/tohsakarin_edf6bacd522dc644.wav","那你呢堂堂金星女神不也一直在靠阿雀和火花像个缩头乌龟一样躲在幕后吗","7.808792","48000","1","-0.999854","-69.711136","56.442843","0.219645","0.000056","0.728513","50","292.817139","530.860697","216f68b7d4ce1a58ac346e974e3b479d85aeefb822e9bfbcf5237fd3d06a7b8a","pending","","auto_flags=none"
"tohsakarin_ee1c51a4eaf1fadd","tohsakarin_ee1c51a4eaf1fadd","audio/processed/tohsakarin_ee1c51a4eaf1fadd.wav","而且，你居然还是这片宇宙的主人公…真让人安心。","4.8","48000","1","-1.000152","-82.206696","67.987029","0.248337","0","0.501109","154.221083","233.75545","366.801617","d8313cf90716c37eaac164a28a25d1b4fe547af6eed759cded657a4be541fea3","pending","","auto_flags=none"
"tohsakarin_ee96c50d991538c2","tohsakarin_ee96c50d991538c2","audio/processed/tohsakarin_ee96c50d991538c2.wav","你还是不行吗也不是第一次了","5.418","48000","1","-0.999854","-93.133743","76.203993","0.570866","0","0.110236","155.114476","214.354693","297.935493","403c51630c9aa09189b1790703f88426982c839c61d3e611982ba490bafef045","pending","","auto_flags=excess_silence"
"tohsakarin_eeba8f6458f363ad","tohsakarin_eeba8f6458f363ad","audio/processed/tohsakarin_eeba8f6458f363ad.wav","所以…这次要是真遇上{RUBY_B#英雄王}他{RUBY_E#}，肯定会爆发大战的。","4.79","48000","1","-0.999854","-93.222824","78.580592","0.36","0.000004","0.315556","150.698668","219.364996","1061.721394","8d1a9318f3883b5dc0f8981fa8753adf49b8fdd076f02dbb8b25a1112c96c5aa","pending","","auto_flags=excess_silence"
"tohsakarin_ef1b6bdfcde9befc","tohsakarin_ef1b6bdfcde9befc","audio/processed/tohsakarin_ef1b6bdfcde9befc.wav","我正有此意。如果交换学识就能和解，再好不过。也请两位多指教。","5.730604","48000","1","-0.999854","-92.359718","78.214596","0.299257","0.000015","0.434944","157.825829","288.620282","443.827789","10281717bc6998d168a41ff0958ca7bccef84dbe5a32010d92e360f23655ca20","pending","","auto_flags=none"
"tohsakarin_ef20a6defcafc466","tohsakarin_ef20a6defcafc466","audio/processed/tohsakarin_ef20a6defcafc466.wav","这可是你说的：从一开始，我就被这场圣杯战争排除在外——","6.360188","48000","1","-1.000152","-77.891945","64.077637","0.331658","0.000013","0.41206","158.740105","310.228952","627.667278","3c8d5ad54c59acc9f8f49e24da36952c27c3b5daee34e5438627160e5568facb","pending","","auto_flags=none"
"tohsakarin_ef78b3249a7f489d","tohsakarin_ef78b3249a7f489d","audio/processed/tohsakarin_ef78b3249a7f489d.wav","重逢？可我们从来没见过啊……","3.08","48000","1","-1.000152","-92.37104","78.046499","0.314879","0.000101","0.467128","153.332834","263.901582","704.532699","6ceb8317c570c1c8970fa8a3ac7302e9d71d3f1053eba797b805e5c61b720ed2","pending","","auto_flags=none"
"tohsakarin_efbe5f472bccfc5d","tohsakarin_efbe5f472bccfc5d","audio/processed/tohsakarin_efbe5f472bccfc5d.wav","宝石已经被人为破坏，不能作为魔术礼装使用了。","3.531792","48000","1","-1.000152","-69.473846","55.083172","0.213855","0.000006","0.71988","50","201.158588","270.069989","5631936d0ffbecfda7ec5e511c8956db7cc6a613aa627c3c8021d3f702fcb824","pending","","auto_flags=none"
"tohsakarin_efc51f499fdf3229","tohsakarin_efc51f499fdf3229","audio/processed/tohsakarin_efc51f499fdf3229.wav","神秘哪有那么好当","1.828","48000","1","-2.098178","-45.703522","32.348314","0.104651","0","0.406977","197.702804","284.481204","549.581459","2466c6e540bc22ec310842bb391bae26c3dac7fa0ee9a5d3a98ee30841c8aa46","pending","","auto_flags=too_short"
"tohsakarin_f009488e4c58453e","tohsakarin_f009488e4c58453e","audio/processed/tohsakarin_f009488e4c58453e.wav","（这样的话，离开这里的仪式也好、魔术道具储备也罢，我都可以尽情向对方求助…吗？）","9.983521","48000","1","-0.999854","-55.940029","41.158998","0.272436","0.000013","0.5","50","232.409117","301.397336","f135c6e46dd56b46af0c6455b01946a2be405c22edba13cfda4055bf07023061","pending","","auto_flags=none"
"tohsakarin_f0cf63868e381858","tohsakarin_f0cf63868e381858","audio/processed/tohsakarin_f0cf63868e381858.wav","这是…古代美索不达米亚的楔形文字。","3.944","48000","1","-2.356107","-91.26442","76.500537","0.264865","0","0.386486","186.606598","241.998818","979.242835","01ea77ba578cc81e26755a7cd5cae9caaa2c730fdc877620ce50deb07a171ee8","pending","","auto_flags=none"
"tohsakarin_f132efabbe72e33e","tohsakarin_f132efabbe72e33e","audio/processed/tohsakarin_f132efabbe72e33e.wav","当然——你也不可以松懈哦？","2.014","48000","1","-1.000152","-85.749458","73.135628","0.328042","0.000021","0.608466","228.416468","296.21951","436.203093","2b424c628b044935536346d8bfbd282cb6bf875689be05eebd95e48848d55c1c","pending","","auto_flags=none"
"tohsakarin_f1cfbdc9f336c069","tohsakarin_f1cfbdc9f336c069","audio/processed/tohsakarin_f1cfbdc9f336c069.wav","所以，你的意思是……","2.547","48000","1","-2.32418","-81.155304","66.91477","0.217573","0","0.627615","185.531823","229.739671","321.169153","d55cb524ee10d2797b1a02bad5ede18c2269b39dd1363d30c00b991637254c55","pending","","auto_flags=none"
"tohsakarin_f1eca33e17415da2","tohsakarin_f1eca33e17415da2","audio/processed/tohsakarin_f1eca33e17415da2.wav","啊！","1.18","48000","1","-8.316767","-88.60643","67.377651","0.513514","0","0.099099","50.289647","51.168695","57.434918","728762123bea7e8928fa6f0034497ccecbff7a1bb7eadc32b9291cb8a08459b6","pending","","auto_flags=too_short|excess_silence"
"tohsakarin_f21247b856ba1204","tohsakarin_f21247b856ba1204","audio/processed/tohsakarin_f21247b856ba1204.wav","啊嗯感觉烦心事都被一口气吹走了","5.823","48000","1","-1.000152","-86.789856","71.77284","0.245421","0.000004","0.300366","236.471557","311.127521","478.438449","56b8cec359297a9e76ef0fcbab8ab5327946c4104f0e4c2cc8bf96d55d65b96d","pending","","auto_flags=none"
"tohsakarin_f22ac5063dc3b318","tohsakarin_f22ac5063dc3b318","audio/processed/tohsakarin_f22ac5063dc3b318.wav","造的哦动感就可以吧","3.166","48000","1","-1.000152","-240","226.666798","0.393939","0.000026","0.316498","200","429.965474","1092.832205","2e23576c02f13afb2f4f21cbf2707936cba45079b68ff5e262cb8c5b802aa12d","pending","","auto_flags=excess_silence"
"tohsakarin_f2717128cf1319d8","tohsakarin_f2717128cf1319d8","audio/processed/tohsakarin_f2717128cf1319d8.wav","但，只要能够作为宝具发动，我们就能短暂实现比肩「第二法」的奇迹。","5.764521","48000","1","-0.999854","-70.21936","55.547987","0.280961","0.000051","0.632163","50","220.00038","342.23801","9276aa55ba69cc6e8a7369e3922800f863e8117e1a732cb75dd87e72990669b2","pending","","auto_flags=none"
"tohsakarin_f371cb6c3411c1e9","tohsakarin_f371cb6c3411c1e9","audio/processed/tohsakarin_f371cb6c3411c1e9.wav","就像伊什塔尔下冥界的神话：就算财宝首饰被剥个精光，那再一件一件亲手夺回来，不就是了？","7.829354","48000","1","-1.000152","-68.596489","54.22609","0.243537","0.000021","0.6","50","256.388816","431.192873","c73bb9f1b2630c1c3c318b60378151a854f707d4bca598e8f9c83c3478f6f837","pending","","auto_flags=none"
"tohsakarin_f373e52144cdd748","tohsakarin_f373e52144cdd748","audio/processed/tohsakarin_f373e52144cdd748.wav","啊花海","2.152","48000","1","-1.644486","-240","222.689846","0.415842","0","0","","","","81551c29b9e9e330cd757d8bfd656b744799db46b7aa4da297998ed5751ac069","pending","","auto_flags=excess_silence|pitch_unresolved"
"tohsakarin_f38eb0e0581c5f22","tohsakarin_f38eb0e0581c5f22","audio/processed/tohsakarin_f38eb0e0581c5f22.wav","身为幻造生命神性反成了他的镣亢要想维系自己的存在他需要的愿力比通常幻造种要多得多堪称天文数字","10.875479","48000","1","-1.000152","-67.44207","52.785437","0.251961","0.000069","0.618627","50","200","393.128239","79165c8e04454dc0113419eba46883fe779e0e4a5bac574116c005155d6ee293","pending","","auto_flags=none"
"tohsakarin_f3a6fd3bb8893cd7","tohsakarin_f3a6fd3bb8893cd7","audio/processed/tohsakarin_f3a6fd3bb8893cd7.wav","你应该没办法维持现界了才对……","1.981","48000","1","-2.251053","-30.183338","17.180447","0.043011","0","0.801075","227.100886","377.549725","527.803164","11d62b16d3518a6b41aa26660caf7f1baaef6ae73f105707367d1b24fd43fd7c","pending","","auto_flags=too_short|low_snr_proxy"
"tohsakarin_f455435b4d44b823","tohsakarin_f455435b4d44b823","audio/processed/tohsakarin_f455435b4d44b823.wav","种荒诞的展开，简直像是在嘲笑我一样——所谓「完美」的应对方案，在这种彻底否定魔术的世界里，根本就是个伪","10.982","48000","1","-1.000152","-52.354698","38.090316","0.127184","0.000002","0.652427","175.118722","225.792881","540.139978","e866e815fc3e7fd85f8402812b9d10676459c0cdee6b1225fa814d6c82500037","pending","","auto_flags=none"
"tohsakarin_f49aef7dde926be3","tohsakarin_f49aef7dde926be3","audio/processed/tohsakarin_f49aef7dde926be3.wav","毕竟，魔术师就是一群妄想{RUBY_B#抵达根源}创造新秩序{RUBY_E#}，僭越神明的狂人哪。","7.448354","48000","1","-0.999854","-84.694954","70.099619","0.257511","0","0.469242","50","248.372598","428.709385","c2099003aa49c9bfe6e94f95ed40efe8606dd37597dd7ee11b245900c3ad3e72","pending","","auto_flags=none"
"tohsakarin_f4b794f2029c9cf4","tohsakarin_f4b794f2029c9cf4","audio/processed/tohsakarin_f4b794f2029c9cf4.wav","我不知道啊，怎么回事？","1.074521","48000","1","-2.481474","-71.548164","57.219343","0.366337","0","0.445545","50","246.228883","330.580127","e07c06c1c6757e1fb1c4b49b09d1f182a994b515e7cd6f3e5854d313c07fe124","pending","","auto_flags=too_short|excess_silence"
"tohsakarin_f51e4bf0ba0a7b0a","tohsakarin_f51e4bf0ba0a7b0a","audio/processed/tohsakarin_f51e4bf0ba0a7b0a.wav","哼，哪里的话……","1.467","48000","1","-1.000152","-84.634712","71.065398","0.376812","0.000057","0.355072","201.158588","334.421283","533.935942","15d721e6b3b4697a59f8e12aa8e4dac9fd00dbd675ae7217ff56b799fb988fc9","pending","","auto_flags=too_short|excess_silence"
"tohsakarin_f53e3724fe2b0cdf","tohsakarin_f53e3724fe2b0cdf","audio/processed/tohsakarin_f53e3724fe2b0cdf.wav","不可以直接和宝具可直接影响到作战方针哦","4.825","48000","1","-1.000152","-81.527344","67.407423","0.203091","0.000009","0.655629","162.450479","244.810709","375.375199","19a22da2df65d967c2dcc79fa1bd407a468efd6a81baa4f857c7ea912293c6a0","pending","","auto_flags=none"
"tohsakarin_f5c2e5f732ffa041","tohsakarin_f5c2e5f732ffa041","audio/processed/tohsakarin_f5c2e5f732ffa041.wav","我是岭远坂凛当年阿恰的御主忘了吗","4.472","48000","1","-1.000152","-93.181961","80.447903","0.292857","0","0.561905","174.110113","315.651659","503.96842","75c11f4fd6287683cf7e1a4296eb299a9720f53f0c84844817573d199d970b0f","pending","","auto_flags=none"
"tohsakarin_f5dd28bf2980a5ca","tohsakarin_f5dd28bf2980a5ca","audio/processed/tohsakarin_f5dd28bf2980a5ca.wav","凶什么那也太贵了我们片场请不起的啦","4.53","48000","1","-1.000152","-73.435608","59.024519","0.214118","0.000046","0.517647","162.450479","267.741236","572.258373","e991e1af938aa1f6cf019a2da21404fa7e3c968166fc5a833907b4d5aee19096","pending","","auto_flags=none"
"tohsakarin_f6a133ca041d8626","tohsakarin_f6a133ca041d8626","audio/processed/tohsakarin_f6a133ca041d8626.wav","切让他溜走了可恶","3.206","48000","1","-0.999854","-64.58194","50.143195","0.169435","0.000013","0.242525","200","304.899405","503.96842","f48fc70aa74374ef1957ecff50b6a1e3ee96bfefda3d3f2d3e3eddf714c2dd0c","pending","","auto_flags=none"
"tohsakarin_f6dd8fb342d375fa","tohsakarin_f6dd8fb342d375fa","audio/processed/tohsakarin_f6dd8fb342d375fa.wav","这么说…倒也没错。","2.283","48000","1","-1.000152","-240","224.805861","0.344186","0.000009","0.511628","162.450479","216.845374","472.943114","023b2f799a124cf5b65edce5d04baba1f815b9ccc0f4ea894c1dd0d63608df56","pending","","auto_flags=none"
"tohsakarin_f77a146482e8e6fa","tohsakarin_f77a146482e8e6fa","audio/processed/tohsakarin_f77a146482e8e6fa.wav","啊可是一样很喜欢来着","2.718","48000","1","-0.999854","-92.364075","78.805957","0.309804","0","0.32549","188.774863","294.513412","416.504861","ab56414850f2c52fbed54e47bc5ec522198996575fa01d5de91fac7bef36222b","pending","","auto_flags=none"
"tohsakarin_f79e719204a2d4eb","tohsakarin_f79e719204a2d4eb","audio/processed/tohsakarin_f79e719204a2d4eb.wav","嗯总是些根本说不出口的画面","3.065","48000","1","-2.494535","-93.31337","78.987988","0.253472","0","0.510417","273.208051","409.349557","609.798809","d91c729fce5652ac56d0200a10f64e39a3691f4d7e86cf705e0fab279f79895a","pending","","auto_flags=none"
"tohsakarin_f7aac10da408268c","tohsakarin_f7aac10da408268c","audio/processed/tohsakarin_f7aac10da408268c.wav","抱歉，{NICKNAME}，最后一枚运势签我就收下了。就当是为我们一起求的吧？","5.831","48000","1","-1.000152","-86.394768","72.421636","0.276051","0.000032","0.480804","171.119005","326.783091","492.457765","650c6f9b85f91a66f6fc1ff5b03efd6284b89463d992a32b8e6dc4526134a870","pending","","auto_flags=none"
"tohsakarin_f7d329c0665bca6d","tohsakarin_f7d329c0665bca6d","audio/processed/tohsakarin_f7d329c0665bca6d.wav","根源这是所有魔术师追求的终极真理记载一切事物的起因过程终结的存在魔术的本质和命途没有区别都是对某种概念的实践和重现","13.296","48000","1","-1.000152","-93.189774","78.494667","0.248597","0.000002","0.548516","142.240602","270.069989","441.271529","4e18bcf90410383d126bfd6797b6671a9369c6c2923d0d55a15b858d1c007bed","pending","","auto_flags=none"
"tohsakarin_f85539701f74e319","tohsakarin_f85539701f74e319","audio/processed/tohsakarin_f85539701f74e319.wav","要对付castter了呀啊心情沉重起来了","5.475","48000","1","-1.000152","-78.824409","64.218135","0.321012","0.000015","0.311284","169.153536","256.388816","967.995271","17a5147dcccd921b3be1e101b09974fa5e1fd4be72ed8221d525f1794c89c5c1","pending","","auto_flags=none"
"tohsakarin_f85b7172dca01da7","tohsakarin_f85b7172dca01da7","audio/processed/tohsakarin_f85b7172dca01da7.wav","这就是独属于我的，一段故事落幕后，一切物质的得失相抵之后，仿佛凭空诞生的存在——","7.564","48000","1","-0.999854","-75.583229","61.184796","0.170423","0.000003","0.592958","50","220.635764","352.266349","248f37defa71eebd5677826b672211407bc8ff4b6353cbc85ec1ff922eb37797","pending","","auto_flags=none"
"tohsakarin_faac67989d275847","tohsakarin_faac67989d275847","audio/processed/tohsakarin_faac67989d275847.wav","如果从过去选一枚<color=#dbc291ff>最珍贵的</color>结晶——","2.675","48000","1","-0.999854","-30.954418","17.054031","0.035857","0","0.756972","148.109755","226.446883","448.984819","e6fc082afaff080cd02382e1be85538816e9606c9f2ed20f280a9593919e60ec","pending","","auto_flags=low_snr_proxy"
"tohsakarin_fabde21c4b4beac2","tohsakarin_fabde21c4b4beac2","audio/processed/tohsakarin_fabde21c4b4beac2.wav","我一定会以牙还牙的…！","1.788208","48000","1","-1.000152","-40.933224","28.658094","0.083333","0.000047","0.642857","202.323888","304.021359","509.824251","d4137bd18ae2a03e240fe747e624b82414a18a3977d96c6d88801c652878515e","pending","","auto_flags=too_short"
"tohsakarin_fc9e475ec28522c1","tohsakarin_fc9e475ec28522c1","audio/processed/tohsakarin_fc9e475ec28522c1.wav","猫当然是猫猫就是世界上最最最可爱的呃你说平时的兴趣爱好嗯力量训练在吗","11.679","48000","1","-1.000152","-85.406883","69.552044","0.396347","0.000005","0.497717","50","235.109581","503.96842","bcf9e8eaa31ac50b5e686c8dfc5f6720b9e0fe01061bb1030607e5f87489ead2","pending","","auto_flags=excess_silence"
"tohsakarin_fca180b6cf272992","tohsakarin_fca180b6cf272992","audio/processed/tohsakarin_fca180b6cf272992.wav","<color=#dbc291ff>这么说…之前在天台上袭击我的人，不是金闪闪，而是你…？</color>","5.453","48000","1","-0.999854","-86.112556","70.537101","0.300781","0.000004","0.423828","148.967746","250.532888","518.735822","e11eb4e730bedd8de1328495db5304e10a5d9719fcad5d7aa25f9f622971b4f9","pending","","auto_flags=none"
"tohsakarin_fd1205553b0bcbae","tohsakarin_fd1205553b0bcbae","audio/processed/tohsakarin_fd1205553b0bcbae.wav","再说了，远在其他宇宙，就算我们变成玩具，她也根本玩不过来啦。","5.594","48000","1","-1.000152","-92.33284","79.230526","0.215238","0.000011","0.649524","145.565318","251.98421","451.585762","bf2c77d3de3a16985eb88fd62993e7ebf284941f961dba23f84697f95351fef2","pending","","auto_flags=none"
"tohsakarin_fd8ee399181890fa","tohsakarin_fd8ee399181890fa","audio/processed/tohsakarin_fd8ee399181890fa.wav","重新点亮了这枚承载着「转换」之力的红宝石吊坠。","3.644","48000","1","-1.000152","-38.258373","24.573388","0.093567","0.000006","0.716374","145.565318","214.354693","286.129186","170cc9d02ba927f67eae105ea6a6d7ab030e7575888723c735b058df8d28e8b9","pending","","auto_flags=none"
"tohsakarin_feac1f37227eb7d2","tohsakarin_feac1f37227eb7d2","audio/processed/tohsakarin_feac1f37227eb7d2.wav","诶哪来的好","1.405792","48000","1","-2.660732","-93.172928","82.936005","0.363636","0","0.712121","426.240201","601.058752","800","baa965f0d9c5f53c1321d5b09988f4561a019bd0bbd12570b775d4befa5b9e8c","pending","","auto_flags=too_short|excess_silence"
"tohsakarin_ff021f0bded5f4c5","tohsakarin_ff021f0bded5f4c5","audio/processed/tohsakarin_ff021f0bded5f4c5.wav","事关重大…要好好梳理头绪才行。","2.702","48000","1","-0.999854","-79.433594","65.567586","0.177165","0.000046","0.200787","221.913894","342.23801","388.612776","4922aeccce1761b88985a0d82d7bfe50851a5ad8e5c0bdfafd8ac17fc7bb24e0","pending","","auto_flags=none"
"tohsakarin_ff845981ec96b4c0","tohsakarin_ff845981ec96b4c0","audio/processed/tohsakarin_ff845981ec96b4c0.wav","作为报答…也让你看看我的秘密武器好了。","4.025","48000","1","-1.000152","-93.497742","78.85843","0.328042","0.000041","0.44709","182.344498","282.842712","400","49fe15526007a48c4c08bafc3d99120c33eabf12c15c06c444dca4d26fd7699c","pending","","auto_flags=none"
"tohsakarin_ffaa7509a6052547","tohsakarin_ffaa7509a6052547","audio/processed/tohsakarin_ffaa7509a6052547.wav","「分裂大地吧。」","1.313729","48000","1","-1.080529","-51.048389","37.84544","0.137097","0","0.556452","216.845374","306.665669","371.063647","f44c9b2e5716df51ba91847b26da530c3cf82cb7a258cc41d2ae973bcb7299fc","pending","","auto_flags=too_short"
"tohsakarin_ffd54348ccff61a4","tohsakarin_ffd54348ccff61a4","audio/processed/tohsakarin_ffd54348ccff61a4.wav","不是，我是说——你到底为什么会有一家报社？！","3.635","48000","1","-1.000152","-78.209351","66.066567","0.243402","0","0.542522","236.471557","381.936642","1086.537955","59335f0683498ae66d58e0769a643e895bc1fe21065c282ab2af497a7e7d807c","pending","","auto_flags=none"
