"source_id","audio_relpath","transcript","source_reference","usage_rights","speaker","scene","notes"
"tohsakarin_2ebc3d25dba26058","audio/raw/TohsakaRin_CN/ogg/voice/archive/tohsakarin/archive_tohsakarin_1.ogg","契约完成别担心我不喜欢那种阶级分明的关系至少对绝大多数人是这样了记好了吗我的从者","StarRailVoice/TohsakaRin_CN/ogg/voice/archive/tohsakarin/archive_tohsakarin_1.ogg","local_research_only; game_asset; do_not_redistribute","TohsakaRin_CN","archive","transcript_source=asr_fallback; match=none; confidence=0.000; review_required=true"
"tohsakarin_5a7248a8bc9f6466","audio/raw/TohsakaRin_CN/ogg/voice/archive/tohsakarin/archive_tohsakarin_10.ogg","不为自己而活，就无法理解「幸福」的含义——所以，无论未来会变成什么样，都按自己的心意，放开手脚前进吧！","StarRailVoice/TohsakaRin_CN/ogg/voice/archive/tohsakarin/archive_tohsakarin_10.ogg","local_research_only; game_asset; do_not_redistribute","TohsakaRin_CN","archive","transcript_source=game_text; match=fuzzy; confidence=0.955; review_required=true"
"tohsakarin_dc2faaa0793f8f4f","audio/raw/TohsakaRin_CN/ogg/voice/archive/tohsakarin/archive_tohsakarin_11.ogg","如果我出生在这片银河嗯果然还是最想被纯美批示啊呃什么他早就失踪了嗯","StarRailVoice/TohsakaRin_CN/ogg/voice/archive/tohsakarin/archive_tohsakarin_11.ogg","local_research_only; game_asset; do_not_redistribute","TohsakaRin_CN","archive","transcript_source=asr_fallback; match=fuzzy; confidence=0.844; review_required=true"
"tohsakarin_1ce6dcb890d97308","audio/raw/TohsakaRin_CN/ogg/voice/archive/tohsakarin/archive_tohsakarin_12.ogg","在我经历过的那场圣杯战争里，我们也曾缔结主从契约…骑士王的宝剑永远令人安心。","StarRailVoice/TohsakaRin_CN/ogg/voice/archive/tohsakarin/archive_tohsakarin_12.ogg","local_research_only; game_asset; do_not_redistribute","TohsakaRin_CN","archive","transcript_source=game_text; match=fuzzy; confidence=0.971; review_required=true"
"tohsakarin_cab676b188eba9c9","audio/raw/TohsakaRin_CN/ogg/voice/archive/tohsakarin/archive_tohsakarin_13.ogg","蓝色看起来可能有点轻浮但其实是个相当可靠的大哥沉着坚韧的战士说来你可能不信我还欠他一条命呢","StarRailVoice/TohsakaRin_CN/ogg/voice/archive/tohsakarin/archive_tohsakarin_13.ogg","local_research_only; game_asset; do_not_redistribute","TohsakaRin_CN","archive","transcript_source=asr_fallback; match=fuzzy; confidence=0.727; review_required=true"
"tohsakarin_a976b887d8b8e8f2","audio/raw/TohsakaRin_CN/ogg/voice/archive/tohsakarin/archive_tohsakarin_14.ogg","这家伙到了这边也还是一副我会搞定一切放心交给我吧让人不爽的表情摆出一副监护人的样子也是哎一定得找个机会教训他一顿","StarRailVoice/TohsakaRin_CN/ogg/voice/archive/tohsakarin/archive_tohsakarin_14.ogg","local_research_only; game_asset; do_not_redistribute","TohsakaRin_CN","archive","transcript_source=asr_fallback; match=fuzzy; confidence=0.880; review_required=true"
"tohsakarin_2ed02a7f9869e73b","audio/raw/TohsakaRin_CN/ogg/voice/archive/tohsakarin/archive_tohsakarin_15.ogg","无论在历史书里还是那场圣杯战争中金闪闪都是独一档的麻烦制造者哎要是让他知道我接受了伊什塔尔的赐福就更完蛋了","StarRailVoice/TohsakaRin_CN/ogg/voice/archive/tohsakarin/archive_tohsakarin_15.ogg","local_research_only; game_asset; do_not_redistribute","TohsakaRin_CN","archive","transcript_source=asr_fallback; match=fuzzy; confidence=0.860; review_required=true"
"tohsakarin_59485c97121d6644","audio/raw/TohsakaRin_CN/ogg/voice/archive/tohsakarin/archive_tohsakarin_16.ogg","虽然喜欢看人类遇到麻烦但也无法放任不管就是因为这样才会赐福于我吧哎呀说到底果然是善神嘛","StarRailVoice/TohsakaRin_CN/ogg/voice/archive/tohsakarin/archive_tohsakarin_16.ogg","local_research_only; game_asset; do_not_redistribute","TohsakaRin_CN","archive","transcript_source=asr_fallback; match=none; confidence=0.000; review_required=true"
"tohsakarin_db3c968eceec8fd5","audio/raw/TohsakaRin_CN/ogg/voice/archive/tohsakarin/archive_tohsakarin_17.ogg","果将全人类的愿望强加于一身，最后一定会燃烧殆尽…谢谢你，{NICKNAME}，能够陪他一路走到最后。","StarRailVoice/TohsakaRin_CN/ogg/voice/archive/tohsakarin/archive_tohsakarin_17.ogg","local_research_only; game_asset; do_not_redistribute","TohsakaRin_CN","archive","transcript_source=game_text; match=fuzzy; confidence=0.986; review_required=true"
"tohsakarin_bca058ea849b824e","audio/raw/TohsakaRin_CN/ogg/voice/archive/tohsakarin/archive_tohsakarin_18.ogg","妹二人与我和樱是那么相似，却又完全不同，简直就像两面镜子对映一般…谢谢她们，带我找回我们最珍贵的","StarRailVoice/TohsakaRin_CN/ogg/voice/archive/tohsakarin/archive_tohsakarin_18.ogg","local_research_only; game_asset; do_not_redistribute","TohsakaRin_CN","archive","transcript_source=game_text; match=fuzzy; confidence=0.901; review_required=true"
"tohsakarin_3e5dbae2413bad57","audio/raw/TohsakaRin_CN/ogg/voice/archive/tohsakarin/archive_tohsakarin_19.ogg","哎还真是被侦探大哥狠狠算计了一番啊在头脑和不考虑他人心情这方面倒是和那个英雄王如出一辙呢","StarRailVoice/TohsakaRin_CN/ogg/voice/archive/tohsakarin/archive_tohsakarin_19.ogg","local_research_only; game_asset; do_not_redistribute","TohsakaRin_CN","archive","transcript_source=asr_fallback; match=none; confidence=0.000; review_required=true"
"tohsakarin_99464b0b500706df","audio/raw/TohsakaRin_CN/ogg/voice/archive/tohsakarin/archive_tohsakarin_2.ogg","尘埃身为原版家主问候的礼仪自然必不可少","StarRailVoice/TohsakaRin_CN/ogg/voice/archive/tohsakarin/archive_tohsakarin_2.ogg","local_research_only; game_asset; do_not_redistribute","TohsakaRin_CN","archive","transcript_source=asr_fallback; match=fuzzy; confidence=0.789; review_required=true"
"tohsakarin_e503db141b1f03f7","audio/raw/TohsakaRin_CN/ogg/voice/archive/tohsakarin/archive_tohsakarin_20.ogg","我总觉得朽叶女士身上藏着什么大秘密结果到圣杯战争结束了都没揭释哎也是动画里的关键角色总不能在番外篇透底呀","StarRailVoice/TohsakaRin_CN/ogg/voice/archive/tohsakarin/archive_tohsakarin_20.ogg","local_research_only; game_asset; do_not_redistribute","TohsakaRin_CN","archive","transcript_source=asr_fallback; match=fuzzy; confidence=0.860; review_required=true"
"tohsakarin_5fe0791c5b9bafee","audio/raw/TohsakaRin_CN/ogg/voice/archive/tohsakarin/archive_tohsakarin_21.ogg","黑塔女士举银河瞩目的天才在致石命途上一往无前的佼佼者天哪她简直就是理想中的我","StarRailVoice/TohsakaRin_CN/ogg/voice/archive/tohsakarin/archive_tohsakarin_21.ogg","local_research_only; game_asset; do_not_redistribute","TohsakaRin_CN","archive","transcript_source=asr_fallback; match=none; confidence=0.000; review_required=true"
"tohsakarin_916f4723519ff891","audio/raw/TohsakaRin_CN/ogg/voice/archive/tohsakarin/archive_tohsakarin_22.ogg","武双修的学者可是珍稀生物，更别提两者都能磨炼到极致了。回头有机会，还得向他好好讨教一番哪。","StarRailVoice/TohsakaRin_CN/ogg/voice/archive/tohsakarin/archive_tohsakarin_22.ogg","local_research_only; game_asset; do_not_redistribute","TohsakaRin_CN","archive","transcript_source=game_text; match=fuzzy; confidence=0.940; review_required=true"
"tohsakarin_439b6914ced96176","audio/raw/TohsakaRin_CN/ogg/voice/archive/tohsakarin/archive_tohsakarin_3.ogg","那就明天见咯——就算我们都深受各自神明青睐，自己的人生也还是要亲手开拓，对吧？","StarRailVoice/TohsakaRin_CN/ogg/voice/archive/tohsakarin/archive_tohsakarin_3.ogg","local_research_only; game_asset; do_not_redistribute","TohsakaRin_CN","archive","transcript_source=game_text; match=fuzzy; confidence=0.971; review_required=true"
"tohsakarin_ed10f6fc19b3c9e5","audio/raw/TohsakaRin_CN/ogg/voice/archive/tohsakarin/archive_tohsakarin_4.ogg","坂家是圣杯战争仪式的联合创始者，虽然历史不算悠久，也是当地豪门。只是因为我经营不善，现在没那么「豪」了。","StarRailVoice/TohsakaRin_CN/ogg/voice/archive/tohsakarin/archive_tohsakarin_4.ogg","local_research_only; game_asset; do_not_redistribute","TohsakaRin_CN","archive","transcript_source=game_text; match=fuzzy; confidence=0.967; review_required=true"
"tohsakarin_3f0b3d032173cd14","audio/raw/TohsakaRin_CN/ogg/voice/archive/tohsakarin/archive_tohsakarin_5.ogg","圣杯战争是在遥远的过去三位魔术名家为了各自崇高的理想创造的杰作可惜事与愿违但我仍会为自己的理想沿前人道路不断前进哼毕竟我是岩版家主嘛","StarRailVoice/TohsakaRin_CN/ogg/voice/archive/tohsakarin/archive_tohsakarin_5.ogg","local_research_only; game_asset; do_not_redistribute","TohsakaRin_CN","archive","transcript_source=asr_fallback; match=fuzzy; confidence=0.862; review_required=true"
"tohsakarin_ebe6caea6f315e8b","audio/raw/TohsakaRin_CN/ogg/voice/archive/tohsakarin/archive_tohsakarin_6.ogg","啊看到这些宝石了吗这可是原版家的招牌特技哦只要预先注入魔力我就能随时随地使出各种魔术然后眼睁睁看着作为容器的名贵宝石碎掉哼哼哼哼哼","StarRailVoice/TohsakaRin_CN/ogg/voice/archive/tohsakarin/archive_tohsakarin_6.ogg","local_research_only; game_asset; do_not_redistribute","TohsakaRin_CN","archive","transcript_source=asr_fallback; match=fuzzy; confidence=0.804; review_required=true"
"tohsakarin_929ed8f3eaf132c2","audio/raw/TohsakaRin_CN/ogg/voice/archive/tohsakarin/archive_tohsakarin_7.ogg","小菜一碟像开机关机接电话挂电话语音输入什么的我一学就会而且你知道吗不需要同时用到鼠标键盘的游戏现在我也可以轻松通关了哟","StarRailVoice/TohsakaRin_CN/ogg/voice/archive/tohsakarin/archive_tohsakarin_7.ogg","local_research_only; game_asset; do_not_redistribute","TohsakaRin_CN","archive","transcript_source=asr_fallback; match=fuzzy; confidence=0.843; review_required=true"
"tohsakarin_fc9e475ec28522c1","audio/raw/TohsakaRin_CN/ogg/voice/archive/tohsakarin/archive_tohsakarin_8.ogg","猫当然是猫猫就是世界上最最最可爱的呃你说平时的兴趣爱好嗯力量训练在吗","StarRailVoice/TohsakaRin_CN/ogg/voice/archive/tohsakarin/archive_tohsakarin_8.ogg","local_research_only; game_asset; do_not_redistribute","TohsakaRin_CN","archive","transcript_source=asr_fallback; match=fuzzy; confidence=0.839; review_required=true"
"tohsakarin_a38c6d683e72aec0","audio/raw/TohsakaRin_CN/ogg/voice/archive/tohsakarin/archive_tohsakarin_9.ogg","无谓的浪费和突发意外接连不断…难道远坂家真有什么世代相传的诅咒不成？","StarRailVoice/TohsakaRin_CN/ogg/voice/archive/tohsakarin/archive_tohsakarin_9.ogg","local_research_only; game_asset; do_not_redistribute","TohsakaRin_CN","archive","transcript_source=game_text; match=fuzzy; confidence=0.938; review_required=true"
"tohsakarin_4b8cb6b181f45b91","audio/raw/TohsakaRin_CN/ogg/voice/chapterfate02/0/tohsakarin/chapterfate02_0_tohsakarin_101.ogg","（潜伏了这么多天，连圣杯都偷来了，但还是不知道要怎么离开……）","StarRailVoice/TohsakaRin_CN/ogg/voice/chapterfate02/0/tohsakarin/chapterfate02_0_tohsakarin_101.ogg","local_research_only; game_asset; do_not_redistribute","TohsakaRin_CN","chapterfate02-0","transcript_source=game_text; match=exact; confidence=1.000; review_required=false"
"tohsakarin_19fde8aa8bf012ee","audio/raw/TohsakaRin_CN/ogg/voice/chapterfate02/0/tohsakarin/chapterfate02_0_tohsakarin_102.ogg","（真想不到，居然会来到一个完全和魔术毫无瓜葛的世界……）","StarRailVoice/TohsakaRin_CN/ogg/voice/chapterfate02/0/tohsakarin/chapterfate02_0_tohsakarin_102.ogg","local_research_only; game_asset; do_not_redistribute","TohsakaRin_CN","chapterfate02-0","transcript_source=game_text; match=exact; confidence=1.000; review_required=false"
"tohsakarin_9f214aa24b7366f7","audio/raw/TohsakaRin_CN/ogg/voice/chapterfate02/0/tohsakarin/chapterfate02_0_tohsakarin_103.ogg","种荒诞的展开，简直像是在嘲笑我一样——所谓「完美」的应对方案，在这种彻底否定魔术的世界里，根本就是个伪","StarRailVoice/TohsakaRin_CN/ogg/voice/chapterfate02/0/tohsakarin/chapterfate02_0_tohsakarin_103.ogg","local_research_only; game_asset; do_not_redistribute","TohsakaRin_CN","chapterfate02-0","transcript_source=game_text; match=fuzzy; confidence=0.957; review_required=true"
"tohsakarin_18d3fc98e16e14cc","audio/raw/TohsakaRin_CN/ogg/voice/chapterfate02/0/tohsakarin/chapterfate02_0_tohsakarin_104.ogg","哎","StarRailVoice/TohsakaRin_CN/ogg/voice/chapterfate02/0/tohsakarin/chapterfate02_0_tohsakarin_104.ogg","local_research_only; game_asset; do_not_redistribute","TohsakaRin_CN","chapterfate02-0","transcript_source=game_text; match=exact; confidence=1.000; review_required=false"
"tohsakarin_87b81690030a889d","audio/raw/TohsakaRin_CN/ogg/voice/chapterfate02/0/tohsakarin/chapterfate02_0_tohsakarin_105.ogg","不对远坂凛静","StarRailVoice/TohsakaRin_CN/ogg/voice/chapterfate02/0/tohsakarin/chapterfate02_0_tohsakarin_105.ogg","local_research_only; game_asset; do_not_redistribute","TohsakaRin_CN","chapterfate02-0","transcript_source=asr_fallback; match=fuzzy; confidence=0.833; review_required=true"
"tohsakarin_2a4cf887d1c19a9a","audio/raw/TohsakaRin_CN/ogg/voice/chapterfate02/0/tohsakarin/chapterfate02_0_tohsakarin_106.ogg","（「任何时候都要秉持优雅」……）","StarRailVoice/TohsakaRin_CN/ogg/voice/chapterfate02/0/tohsakarin/chapterfate02_0_tohsakarin_106.ogg","local_research_only; game_asset; do_not_redistribute","TohsakaRin_CN","chapterfate02-0","transcript_source=game_text; match=exact; confidence=1.000; review_required=false"
"tohsakarin_d7e5aa80c9a4b7e3","audio/raw/TohsakaRin_CN/ogg/voice/chapterfate02/0/tohsakarin/chapterfate02_0_tohsakarin_107.ogg","（…事已至此，清点一下魔力储备吧。）","StarRailVoice/TohsakaRin_CN/ogg/voice/chapterfate02/0/tohsakarin/chapterfate02_0_tohsakarin_107.ogg","local_research_only; game_asset; do_not_redistribute","TohsakaRin_CN","chapterfate02-0","transcript_source=game_text; match=fuzzy; confidence=0.923; review_required=true"
"tohsakarin_7daa6c789b112ca8","audio/raw/TohsakaRin_CN/ogg/voice/chapterfate02/0/tohsakarin/chapterfate02_0_tohsakarin_108.ogg","魔力宝石已经见底了，要想施展「跃迁」魔术，完全不够用……","StarRailVoice/TohsakaRin_CN/ogg/voice/chapterfate02/0/tohsakarin/chapterfate02_0_tohsakarin_108.ogg","local_research_only; game_asset; do_not_redistribute","TohsakaRin_CN","chapterfate02-0","transcript_source=game_text; match=exact; confidence=1.000; review_required=false"
"tohsakarin_d6bc866f1f240de9","audio/raw/TohsakaRin_CN/ogg/voice/chapterfate02/0/tohsakarin/chapterfate02_0_tohsakarin_109.ogg","借助这片土地本身的愿力进行从者召唤，或许可以避开仪式原本的限制，就算不需要御主提供魔力支持，也可以令其单","StarRailVoice/TohsakaRin_CN/ogg/voice/chapterfate02/0/tohsakarin/chapterfate02_0_tohsakarin_109.ogg","local_research_only; game_asset; do_not_redistribute","TohsakaRin_CN","chapterfate02-0","transcript_source=game_text; match=fuzzy; confidence=0.932; review_required=true"
"tohsakarin_f009488e4c58453e","audio/raw/TohsakaRin_CN/ogg/voice/chapterfate02/0/tohsakarin/chapterfate02_0_tohsakarin_111.ogg","（这样的话，离开这里的仪式也好、魔术道具储备也罢，我都可以尽情向对方求助…吗？）","StarRailVoice/TohsakaRin_CN/ogg/voice/chapterfate02/0/tohsakarin/chapterfate02_0_tohsakarin_111.ogg","local_research_only; game_asset; do_not_redistribute","TohsakaRin_CN","chapterfate02-0","transcript_source=game_text; match=exact; confidence=1.000; review_required=false"
"tohsakarin_4a4456967aeb7ee1","audio/raw/TohsakaRin_CN/ogg/voice/chapterfate02/0/tohsakarin/chapterfate02_0_tohsakarin_112.ogg","——然后，","StarRailVoice/TohsakaRin_CN/ogg/voice/chapterfate02/0/tohsakarin/chapterfate02_0_tohsakarin_112.ogg","local_research_only; game_asset; do_not_redistribute","TohsakaRin_CN","chapterfate02-0","transcript_source=game_text; match=exact; confidence=1.000; review_required=false"
"tohsakarin_9c74fc9d82d9b560","audio/raw/TohsakaRin_CN/ogg/voice/chapterfate02/0/tohsakarin/chapterfate02_0_tohsakarin_113.ogg","先召唤再说吧","StarRailVoice/TohsakaRin_CN/ogg/voice/chapterfate02/0/tohsakarin/chapterfate02_0_tohsakarin_113.ogg","local_research_only; game_asset; do_not_redistribute","TohsakaRin_CN","chapterfate02-0","transcript_source=game_text; match=exact; confidence=1.000; review_required=false"
"tohsakarin_adf10a648a0cea33","audio/raw/TohsakaRin_CN/ogg/voice/chapterfate02/0/tohsakarin/chapterfate02_0_tohsakarin_114.ogg","准备完毕。","StarRailVoice/TohsakaRin_CN/ogg/voice/chapterfate02/0/tohsakarin/chapterfate02_0_tohsakarin_114.ogg","local_research_only; game_asset; do_not_redistribute","TohsakaRin_CN","chapterfate02-0","transcript_source=game_text; match=exact; confidence=1.000; review_required=false"
"tohsakarin_2903d86ccab7772a","audio/raw/TohsakaRin_CN/ogg/voice/chapterfate02/0/tohsakarin/chapterfate02_0_tohsakarin_115.ogg","播唱良好","StarRailVoice/TohsakaRin_CN/ogg/voice/chapterfate02/0/tohsakarin/chapterfate02_0_tohsakarin_115.ogg","local_research_only; game_asset; do_not_redistribute","TohsakaRin_CN","chapterfate02-0","transcript_source=asr_fallback; match=none; confidence=0.000; review_required=true"
"tohsakarin_5a5d7673c08f92ad","audio/raw/TohsakaRin_CN/ogg/voice/chapterfate02/0/tohsakarin/chapterfate02_0_tohsakarin_116.ogg","虽然不是最佳时机，但就这样吧——","StarRailVoice/TohsakaRin_CN/ogg/voice/chapterfate02/0/tohsakarin/chapterfate02_0_tohsakarin_116.ogg","local_research_only; game_asset; do_not_redistribute","TohsakaRin_CN","chapterfate02-0","transcript_source=game_text; match=exact; confidence=1.000; review_required=false"
"tohsakarin_eb795c7c9ef31e1c","audio/raw/TohsakaRin_CN/ogg/voice/chapterfate02/0/tohsakarin/chapterfate02_0_tohsakarin_117.ogg","一定要抽到最完美的卡！","StarRailVoice/TohsakaRin_CN/ogg/voice/chapterfate02/0/tohsakarin/chapterfate02_0_tohsakarin_117.ogg","local_research_only; game_asset; do_not_redistribute","TohsakaRin_CN","chapterfate02-0","transcript_source=game_text; match=exact; confidence=1.000; review_required=false"
"tohsakarin_e6ec5a43086d62ff","audio/raw/TohsakaRin_CN/ogg/voice/chapterfate02/0/tohsakarin/chapterfate02_0_tohsakarin_118.ogg","奇机为银与铁","StarRailVoice/TohsakaRin_CN/ogg/voice/chapterfate02/0/tohsakarin/chapterfate02_0_tohsakarin_118.ogg","local_research_only; game_asset; do_not_redistribute","TohsakaRin_CN","chapterfate02-0","transcript_source=asr_fallback; match=none; confidence=0.000; review_required=true"
"tohsakarin_391cf84a105b8b16","audio/raw/TohsakaRin_CN/ogg/voice/chapterfate02/0/tohsakarin/chapterfate02_0_tohsakarin_119.ogg","齐楚为实以契约之大功","StarRailVoice/TohsakaRin_CN/ogg/voice/chapterfate02/0/tohsakarin/chapterfate02_0_tohsakarin_119.ogg","local_research_only; game_asset; do_not_redistribute","TohsakaRin_CN","chapterfate02-0","transcript_source=asr_fallback; match=none; confidence=0.000; review_required=true"
"tohsakarin_ea9b581aad5c66f6","audio/raw/TohsakaRin_CN/ogg/voice/chapterfate02/0/tohsakarin/chapterfate02_0_tohsakarin_120.ogg","（等等…在这里是不是得改下台词…？）","StarRailVoice/TohsakaRin_CN/ogg/voice/chapterfate02/0/tohsakarin/chapterfate02_0_tohsakarin_120.ogg","local_research_only; game_asset; do_not_redistribute","TohsakaRin_CN","chapterfate02-0","transcript_source=game_text; match=exact; confidence=1.000; review_required=false"
"tohsakarin_40463a112e8a0c5f","audio/raw/TohsakaRin_CN/ogg/voice/chapterfate02/0/tohsakarin/chapterfate02_0_tohsakarin_121.ogg","「在此起誓：我乃成就世间一切善行之人，我乃摧毁世间一切恶行之人——」","StarRailVoice/TohsakaRin_CN/ogg/voice/chapterfate02/0/tohsakarin/chapterfate02_0_tohsakarin_121.ogg","local_research_only; game_asset; do_not_redistribute","TohsakaRin_CN","chapterfate02-0","transcript_source=game_text; match=exact; confidence=1.000; review_required=false"
"tohsakarin_d5bc2c2bba2565d8","audio/raw/TohsakaRin_CN/ogg/voice/chapterfate02/0/tohsakarin/chapterfate02_0_tohsakarin_122.ogg","汝为深缠助命徒之行者","StarRailVoice/TohsakaRin_CN/ogg/voice/chapterfate02/0/tohsakarin/chapterfate02_0_tohsakarin_122.ogg","local_research_only; game_asset; do_not_redistribute","TohsakaRin_CN","chapterfate02-0","transcript_source=asr_fallback; match=none; confidence=0.000; review_required=true"
"tohsakarin_5779862376c58359","audio/raw/TohsakaRin_CN/ogg/voice/chapterfate02/0/tohsakarin/chapterfate02_0_tohsakarin_123.ogg","（虽然不知道这只圣杯到底是真是假，但似乎能对愿力产生反应。）","StarRailVoice/TohsakaRin_CN/ogg/voice/chapterfate02/0/tohsakarin/chapterfate02_0_tohsakarin_123.ogg","local_research_only; game_asset; do_not_redistribute","TohsakaRin_CN","chapterfate02-0","transcript_source=game_text; match=fuzzy; confidence=0.962; review_required=true"
"tohsakarin_399ec7f9c9743842","audio/raw/TohsakaRin_CN/ogg/voice/chapterfate02/0/tohsakarin/chapterfate02_0_tohsakarin_124.ogg","先祖为我原本家仙师修拜因傲骨","StarRailVoice/TohsakaRin_CN/ogg/voice/chapterfate02/0/tohsakarin/chapterfate02_0_tohsakarin_124.ogg","local_research_only; game_asset; do_not_redistribute","TohsakaRin_CN","chapterfate02-0","transcript_source=asr_fallback; match=none; confidence=0.000; review_required=true"
"tohsakarin_f1eca33e17415da2","audio/raw/TohsakaRin_CN/ogg/voice/chapterfate02/1/tohsakarin/chapterfate02_1_tohsakarin_101.ogg","啊！","StarRailVoice/TohsakaRin_CN/ogg/voice/chapterfate02/1/tohsakarin/chapterfate02_1_tohsakarin_101.ogg","local_research_only; game_asset; do_not_redistribute","TohsakaRin_CN","chapterfate02-1","transcript_source=game_text; match=exact; confidence=1.000; review_required=false"
"tohsakarin_4c5dc146460241c5","audio/raw/TohsakaRin_CN/ogg/voice/chapterfate02/1/tohsakarin/chapterfate02_1_tohsakarin_102.ogg","原力只够维持七天时间还算充裕接下来就看对方能提供什么样的支持了","StarRailVoice/TohsakaRin_CN/ogg/voice/chapterfate02/1/tohsakarin/chapterfate02_1_tohsakarin_102.ogg","local_research_only; game_asset; do_not_redistribute","TohsakaRin_CN","chapterfate02-1","transcript_source=asr_fallback; match=fuzzy; confidence=0.857; review_required=true"
"tohsakarin_d3fcf2456bda0aef","audio/raw/TohsakaRin_CN/ogg/voice/chapterfate02/1/tohsakarin/chapterfate02_1_tohsakarin_103_f.ogg","嗯说到这个他是什么职接拿着球棒","StarRailVoice/TohsakaRin_CN/ogg/voice/chapterfate02/1/tohsakarin/chapterfate02_1_tohsakarin_103_f.ogg","local_research_only; game_asset; do_not_redistribute","TohsakaRin_CN","chapterfate02-1","transcript_source=asr_fallback; match=fuzzy; confidence=0.828; review_required=true"
"tohsakarin_b59694a121b65590","audio/raw/TohsakaRin_CN/ogg/voice/chapterfate02/1/tohsakarin/chapterfate02_1_tohsakarin_103_m.ogg","嗯说到这个他是什么职接拿着球棒","StarRailVoice/TohsakaRin_CN/ogg/voice/chapterfate02/1/tohsakarin/chapterfate02_1_tohsakarin_103_m.ogg","local_research_only; game_asset; do_not_redistribute","TohsakaRin_CN","chapterfate02-1","transcript_source=asr_fallback; match=fuzzy; confidence=0.828; review_required=true"
"tohsakarin_50b79557f339b03f","audio/raw/TohsakaRin_CN/ogg/voice/chapterfate02/1/tohsakarin/chapterfate02_1_tohsakarin_104.ogg","等等话说回来如果召唤仪式完全由怨力构成那是不是意味着被召唤的从者压根提供不了任何魔术方面的援助","StarRailVoice/TohsakaRin_CN/ogg/voice/chapterfate02/1/tohsakarin/chapterfate02_1_tohsakarin_104.ogg","local_research_only; game_asset; do_not_redistribute","TohsakaRin_CN","chapterfate02-1","transcript_source=asr_fallback; match=none; confidence=0.000; review_required=true"
"tohsakarin_a2e8335efb27d956","audio/raw/TohsakaRin_CN/ogg/voice/chapterfate02/1/tohsakarin/chapterfate02_1_tohsakarin_105.ogg","嗯……","StarRailVoice/TohsakaRin_CN/ogg/voice/chapterfate02/1/tohsakarin/chapterfate02_1_tohsakarin_105.ogg","local_research_only; game_asset; do_not_redistribute","TohsakaRin_CN","chapterfate02-1","transcript_source=game_text; match=exact; confidence=1.000; review_required=false"
"tohsakarin_132c6167c7741eb9","audio/raw/TohsakaRin_CN/ogg/voice/chapterfate02/1/tohsakarin/chapterfate02_1_tohsakarin_106.ogg","试问，","StarRailVoice/TohsakaRin_CN/ogg/voice/chapterfate02/1/tohsakarin/chapterfate02_1_tohsakarin_106.ogg","local_research_only; game_asset; do_not_redistribute","TohsakaRin_CN","chapterfate02-1","transcript_source=game_text; match=exact; confidence=1.000; review_required=false"
"tohsakarin_8e09077007f0d838","audio/raw/TohsakaRin_CN/ogg/voice/chapterfate02/1/tohsakarin/chapterfate02_1_tohsakarin_107.ogg","你就是我的从者吗？","StarRailVoice/TohsakaRin_CN/ogg/voice/chapterfate02/1/tohsakarin/chapterfate02_1_tohsakarin_107.ogg","local_research_only; game_asset; do_not_redistribute","TohsakaRin_CN","chapterfate02-1","transcript_source=game_text; match=exact; confidence=1.000; review_required=false"
"tohsakarin_1456457971f60f73","audio/raw/TohsakaRin_CN/ogg/voice/chapterfate02/1/tohsakarin/chapterfate02_1_tohsakarin_108.ogg","嗯……","StarRailVoice/TohsakaRin_CN/ogg/voice/chapterfate02/1/tohsakarin/chapterfate02_1_tohsakarin_108.ogg","local_research_only; game_asset; do_not_redistribute","TohsakaRin_CN","chapterfate02-1","transcript_source=game_text; match=exact; confidence=1.000; review_required=false"
"tohsakarin_92cf1381b583c56a","audio/raw/TohsakaRin_CN/ogg/voice/chapterfate02/1/tohsakarin/chapterfate02_1_tohsakarin_109.ogg","（有令咒…契约至少成立了。）","StarRailVoice/TohsakaRin_CN/ogg/voice/chapterfate02/1/tohsakarin/chapterfate02_1_tohsakarin_109.ogg","local_research_only; game_asset; do_not_redistribute","TohsakaRin_CN","chapterfate02-1","transcript_source=game_text; match=fuzzy; confidence=0.952; review_required=true"
"tohsakarin_2070276c043c9124","audio/raw/TohsakaRin_CN/ogg/voice/chapterfate02/1/tohsakarin/chapterfate02_1_tohsakarin_110.ogg","啊失礼了请允许我重新自我介绍一下","StarRailVoice/TohsakaRin_CN/ogg/voice/chapterfate02/1/tohsakarin/chapterfate02_1_tohsakarin_110.ogg","local_research_only; game_asset; do_not_redistribute","TohsakaRin_CN","chapterfate02-1","transcript_source=asr_fallback; match=none; confidence=0.000; review_required=true"
"tohsakarin_a2646163c10bbab5","audio/raw/TohsakaRin_CN/ogg/voice/chapterfate02/1/tohsakarin/chapterfate02_1_tohsakarin_111.ogg","坂凛，是个魔术师，也是旅行者，正在寻找大源未曾枯竭的世界…呃，总之就是某种很厉害的能源，往返于各个世界线","StarRailVoice/TohsakaRin_CN/ogg/voice/chapterfate02/1/tohsakarin/chapterfate02_1_tohsakarin_111.ogg","local_research_only; game_asset; do_not_redistribute","TohsakaRin_CN","chapterfate02-1","transcript_source=game_text; match=fuzzy; confidence=0.917; review_required=true"
"tohsakarin_1f47035a59bbe752","audio/raw/TohsakaRin_CN/ogg/voice/chapterfate02/1/tohsakarin/chapterfate02_1_tohsakarin_112.ogg","遗憾的是现在的我遇到了一些困难不得不启动圣杯","StarRailVoice/TohsakaRin_CN/ogg/voice/chapterfate02/1/tohsakarin/chapterfate02_1_tohsakarin_112.ogg","local_research_only; game_asset; do_not_redistribute","TohsakaRin_CN","chapterfate02-1","transcript_source=asr_fallback; match=fuzzy; confidence=0.722; review_required=true"
"tohsakarin_a13a75521689bc9b","audio/raw/TohsakaRin_CN/ogg/voice/chapterfate02/1/tohsakarin/chapterfate02_1_tohsakarin_113.ogg","既然你能在没有出媒的情况下响应召唤而来如果不是和我性质相近那就一定和圣杯关系匪浅算是不幸中的万幸","StarRailVoice/TohsakaRin_CN/ogg/voice/chapterfate02/1/tohsakarin/chapterfate02_1_tohsakarin_113.ogg","local_research_only; game_asset; do_not_redistribute","TohsakaRin_CN","chapterfate02-1","transcript_source=asr_fallback; match=none; confidence=0.000; review_required=true"
"tohsakarin_e775a78d85dd7ae8","audio/raw/TohsakaRin_CN/ogg/voice/chapterfate02/1/tohsakarin/chapterfate02_1_tohsakarin_114.ogg","啊？！真、真的吗？","StarRailVoice/TohsakaRin_CN/ogg/voice/chapterfate02/1/tohsakarin/chapterfate02_1_tohsakarin_114.ogg","local_research_only; game_asset; do_not_redistribute","TohsakaRin_CN","chapterfate02-1","transcript_source=game_text; match=exact; confidence=1.000; review_required=false"
"tohsakarin_3d20c184070b7f29","audio/raw/TohsakaRin_CN/ogg/voice/chapterfate02/1/tohsakarin/chapterfate02_1_tohsakarin_115.ogg","啊不为什么","StarRailVoice/TohsakaRin_CN/ogg/voice/chapterfate02/1/tohsakarin/chapterfate02_1_tohsakarin_115.ogg","local_research_only; game_asset; do_not_redistribute","TohsakaRin_CN","chapterfate02-1","transcript_source=asr_fallback; match=fuzzy; confidence=0.800; review_required=true"
"tohsakarin_ccdc937b3abf39c6","audio/raw/TohsakaRin_CN/ogg/voice/chapterfate02/1/tohsakarin/chapterfate02_1_tohsakarin_116.ogg","啊！","StarRailVoice/TohsakaRin_CN/ogg/voice/chapterfate02/1/tohsakarin/chapterfate02_1_tohsakarin_116.ogg","local_research_only; game_asset; do_not_redistribute","TohsakaRin_CN","chapterfate02-1","transcript_source=game_text; match=exact; confidence=1.000; review_required=false"
"tohsakarin_51fff572fa428daf","audio/raw/TohsakaRin_CN/ogg/voice/chapterfate02/1/tohsakarin/chapterfate02_1_tohsakarin_117.ogg","<size=36>为什么会这样啊——？！</size>","StarRailVoice/TohsakaRin_CN/ogg/voice/chapterfate02/1/tohsakarin/chapterfate02_1_tohsakarin_117.ogg","local_research_only; game_asset; do_not_redistribute","TohsakaRin_CN","chapterfate02-1","transcript_source=game_text; match=exact; confidence=1.000; review_required=false"
"tohsakarin_7f3837adc955860c","audio/raw/TohsakaRin_CN/ogg/voice/chapterfate02/1/tohsakarin/chapterfate02_1_tohsakarin_118.ogg","原来如此…命途、星神、星穹列车、美梦与圣杯…我完全理解了。","StarRailVoice/TohsakaRin_CN/ogg/voice/chapterfate02/1/tohsakarin/chapterfate02_1_tohsakarin_118.ogg","local_research_only; game_asset; do_not_redistribute","TohsakaRin_CN","chapterfate02-1","transcript_source=game_text; match=exact; confidence=1.000; review_required=false"
"tohsakarin_ee1c51a4eaf1fadd","audio/raw/TohsakaRin_CN/ogg/voice/chapterfate02/1/tohsakarin/chapterfate02_1_tohsakarin_119.ogg","而且，你居然还是这片宇宙的主人公…真让人安心。","StarRailVoice/TohsakaRin_CN/ogg/voice/chapterfate02/1/tohsakarin/chapterfate02_1_tohsakarin_119.ogg","local_research_only; game_asset; do_not_redistribute","TohsakaRin_CN","chapterfate02-1","transcript_source=game_text; match=exact; confidence=1.000; review_required=false"
"tohsakarin_9327a1a182156559","audio/raw/TohsakaRin_CN/ogg/voice/chapterfate02/1/tohsakarin/chapterfate02_1_tohsakarin_120.ogg","哎抱歉主人公没想到会意外把你从开拓至旅途中卷入这种世界还得麻烦你为我停留七天之久","StarRailVoice/TohsakaRin_CN/ogg/voice/chapterfate02/1/tohsakarin/chapterfate02_1_tohsakarin_120.ogg","local_research_only; game_asset; do_not_redistribute","TohsakaRin_CN","chapterfate02-1","transcript_source=asr_fallback; match=none; confidence=0.000; review_required=true"
"tohsakarin_116a47a9c57547d8","audio/raw/TohsakaRin_CN/ogg/voice/chapterfate02/1/tohsakarin/chapterfate02_1_tohsakarin_121.ogg","如果一切顺利，还请允许我等到事件解决，再将赔礼与谢礼一并奉上。","StarRailVoice/TohsakaRin_CN/ogg/voice/chapterfate02/1/tohsakarin/chapterfate02_1_tohsakarin_121.ogg","local_research_only; game_asset; do_not_redistribute","TohsakaRin_CN","chapterfate02-1","transcript_source=game_text; match=exact; confidence=1.000; review_required=false"
"tohsakarin_7bf4558f39d9ee5f","audio/raw/TohsakaRin_CN/ogg/voice/chapterfate02/1/tohsakarin/chapterfate02_1_tohsakarin_122.ogg","啊等等有杀气","StarRailVoice/TohsakaRin_CN/ogg/voice/chapterfate02/1/tohsakarin/chapterfate02_1_tohsakarin_122.ogg","local_research_only; game_asset; do_not_redistribute","TohsakaRin_CN","chapterfate02-1","transcript_source=asr_fallback; match=fuzzy; confidence=0.833; review_required=true"
"tohsakarin_26497398b8ac48f6","audio/raw/TohsakaRin_CN/ogg/voice/chapterfate02/1/tohsakarin/chapterfate02_1_tohsakarin_123.ogg","…你也听到了吗？","StarRailVoice/TohsakaRin_CN/ogg/voice/chapterfate02/1/tohsakarin/chapterfate02_1_tohsakarin_123.ogg","local_research_only; game_asset; do_not_redistribute","TohsakaRin_CN","chapterfate02-1","transcript_source=game_text; match=fuzzy; confidence=0.923; review_required=true"
"tohsakarin_cfbf01800386b165","audio/raw/TohsakaRin_CN/ogg/voice/chapterfate02/1/tohsakarin/chapterfate02_1_tohsakarin_124.ogg","狗为什么有狗在讲","StarRailVoice/TohsakaRin_CN/ogg/voice/chapterfate02/1/tohsakarin/chapterfate02_1_tohsakarin_124.ogg","local_research_only; game_asset; do_not_redistribute","TohsakaRin_CN","chapterfate02-1","transcript_source=asr_fallback; match=fuzzy; confidence=0.875; review_required=true"
"tohsakarin_21b947870b46b494","audio/raw/TohsakaRin_CN/ogg/voice/chapterfate02/1/tohsakarin/chapterfate02_1_tohsakarin_125.ogg","嗯他们是你的粉丝","StarRailVoice/TohsakaRin_CN/ogg/voice/chapterfate02/1/tohsakarin/chapterfate02_1_tohsakarin_125.ogg","local_research_only; game_asset; do_not_redistribute","TohsakaRin_CN","chapterfate02-1","transcript_source=asr_fallback; match=fuzzy; confidence=0.750; review_required=true"
"tohsakarin_754ce377d4c41a42","audio/raw/TohsakaRin_CN/ogg/voice/chapterfate02/1/tohsakarin/chapterfate02_1_tohsakarin_127.ogg","等、等等，是不是有什么误会？！要是用{RUBY_B#Gandr}阴炁弹{RUBY_E#}的话，恐怕会伤到它们……","StarRailVoice/TohsakaRin_CN/ogg/voice/chapterfate02/1/tohsakarin/chapterfate02_1_tohsakarin_127.ogg","local_research_only; game_asset; do_not_redistribute","TohsakaRin_CN","chapterfate02-1","transcript_source=game_text; match=fuzzy; confidence=0.923; review_required=true"
"tohsakarin_df4c51e2ac580a41","audio/raw/TohsakaRin_CN/ogg/voice/chapterfate02/1/tohsakarin/chapterfate02_1_tohsakarin_128.ogg","…不管了！既然大家都不客气，那我也用令咒迎接你们！","StarRailVoice/TohsakaRin_CN/ogg/voice/chapterfate02/1/tohsakarin/chapterfate02_1_tohsakarin_128.ogg","local_research_only; game_asset; do_not_redistribute","TohsakaRin_CN","chapterfate02-1","transcript_source=game_text; match=exact; confidence=1.000; review_required=false"
"tohsakarin_863a77ec28459640","audio/raw/TohsakaRin_CN/ogg/voice/chapterfate02/1/tohsakarin/chapterfate02_1_tohsakarin_129.ogg","哎没完没了","StarRailVoice/TohsakaRin_CN/ogg/voice/chapterfate02/1/tohsakarin/chapterfate02_1_tohsakarin_129.ogg","local_research_only; game_asset; do_not_redistribute","TohsakaRin_CN","chapterfate02-1","transcript_source=asr_fallback; match=fuzzy; confidence=0.889; review_required=true"
"tohsakarin_177873d67a10a57a","audio/raw/TohsakaRin_CN/ogg/voice/chapterfate02/1/tohsakarin/chapterfate02_1_tohsakarin_130.ogg","大狗狗？！这也太超规格了吧！","StarRailVoice/TohsakaRin_CN/ogg/voice/chapterfate02/1/tohsakarin/chapterfate02_1_tohsakarin_130.ogg","local_research_only; game_asset; do_not_redistribute","TohsakaRin_CN","chapterfate02-1","transcript_source=game_text; match=exact; confidence=1.000; review_required=false"
"tohsakarin_6ceda5ccfb114343","audio/raw/TohsakaRin_CN/ogg/voice/chapterfate02/1/tohsakarin/chapterfate02_1_tohsakarin_131.ogg","等等小谷异样的魔术波动","StarRailVoice/TohsakaRin_CN/ogg/voice/chapterfate02/1/tohsakarin/chapterfate02_1_tohsakarin_131.ogg","local_research_only; game_asset; do_not_redistribute","TohsakaRin_CN","chapterfate02-1","transcript_source=asr_fallback; match=fuzzy; confidence=0.818; review_required=true"
"tohsakarin_029977e786d9f5ac","audio/raw/TohsakaRin_CN/ogg/voice/chapterfate02/1/tohsakarin/chapterfate02_1_tohsakarin_132.ogg","啊小心","StarRailVoice/TohsakaRin_CN/ogg/voice/chapterfate02/1/tohsakarin/chapterfate02_1_tohsakarin_132.ogg","local_research_only; game_asset; do_not_redistribute","TohsakaRin_CN","chapterfate02-1","transcript_source=asr_fallback; match=fuzzy; confidence=0.800; review_required=true"
"tohsakarin_717d91dea8766a7d","audio/raw/TohsakaRin_CN/ogg/voice/chapterfate02/1/tohsakarin/chapterfate02_1_tohsakarin_133.ogg","哼你真是那个蓝cer酷秋林","StarRailVoice/TohsakaRin_CN/ogg/voice/chapterfate02/1/tohsakarin/chapterfate02_1_tohsakarin_133.ogg","local_research_only; game_asset; do_not_redistribute","TohsakaRin_CN","chapterfate02-1","transcript_source=asr_fallback; match=none; confidence=0.000; review_required=true"
"tohsakarin_b26be3f6c03fc74e","audio/raw/TohsakaRin_CN/ogg/voice/chapterfate02/1/tohsakarin/chapterfate02_1_tohsakarin_134.ogg","（是从者吗？同样感知不到任何魔力…到底为什么？）","StarRailVoice/TohsakaRin_CN/ogg/voice/chapterfate02/1/tohsakarin/chapterfate02_1_tohsakarin_134.ogg","local_research_only; game_asset; do_not_redistribute","TohsakaRin_CN","chapterfate02-1","transcript_source=game_text; match=exact; confidence=1.000; review_required=false"
"tohsakarin_342945ee7cdff257","audio/raw/TohsakaRin_CN/ogg/voice/chapterfate02/1/tohsakarin/chapterfate02_1_tohsakarin_135.ogg","不对劲如果拉萨也在这里那就意味着","StarRailVoice/TohsakaRin_CN/ogg/voice/chapterfate02/1/tohsakarin/chapterfate02_1_tohsakarin_135.ogg","local_research_only; game_asset; do_not_redistribute","TohsakaRin_CN","chapterfate02-1","transcript_source=asr_fallback; match=fuzzy; confidence=0.778; review_required=true"
"tohsakarin_b395d8086ac1d2f0","audio/raw/TohsakaRin_CN/ogg/voice/chapterfate02/1/tohsakarin/chapterfate02_1_tohsakarin_136.ogg","等、等一下！配合调查可以，但我想知道，你们是什么时候缔结契约的？","StarRailVoice/TohsakaRin_CN/ogg/voice/chapterfate02/1/tohsakarin/chapterfate02_1_tohsakarin_136.ogg","local_research_only; game_asset; do_not_redistribute","TohsakaRin_CN","chapterfate02-1","transcript_source=game_text; match=exact; confidence=1.000; review_required=false"
"tohsakarin_355332002761f071","audio/raw/TohsakaRin_CN/ogg/voice/chapterfate02/1/tohsakarin/chapterfate02_1_tohsakarin_137.ogg","果然","StarRailVoice/TohsakaRin_CN/ogg/voice/chapterfate02/1/tohsakarin/chapterfate02_1_tohsakarin_137.ogg","local_research_only; game_asset; do_not_redistribute","TohsakaRin_CN","chapterfate02-1","transcript_source=game_text; match=exact; confidence=1.000; review_required=false"
"tohsakarin_9f424394145d2df2","audio/raw/TohsakaRin_CN/ogg/voice/chapterfate02/1/tohsakarin/chapterfate02_1_tohsakarin_138.ogg","如大家所见，现场有两位御主、两位从者，各自缔结了契约。","StarRailVoice/TohsakaRin_CN/ogg/voice/chapterfate02/1/tohsakarin/chapterfate02_1_tohsakarin_138.ogg","local_research_only; game_asset; do_not_redistribute","TohsakaRin_CN","chapterfate02-1","transcript_source=game_text; match=fuzzy; confidence=0.957; review_required=true"
"tohsakarin_249bb58bd40e2c3b","audio/raw/TohsakaRin_CN/ogg/voice/chapterfate02/1/tohsakarin/chapterfate02_1_tohsakarin_139.ogg","但说到圣杯战争御主与从者本应是七组也就是十四名竞争者才对吧","StarRailVoice/TohsakaRin_CN/ogg/voice/chapterfate02/1/tohsakarin/chapterfate02_1_tohsakarin_139.ogg","local_research_only; game_asset; do_not_redistribute","TohsakaRin_CN","chapterfate02-1","transcript_source=asr_fallback; match=fuzzy; confidence=0.897; review_required=true"
"tohsakarin_65578df14efe3161","audio/raw/TohsakaRin_CN/ogg/voice/chapterfate02/1/tohsakarin/chapterfate02_1_tohsakarin_142.ogg","嗯恐怕就在昨晚接触到圣杯的我意外用怨力把脑海中的人和尸变成了现实而后圣杯在整个二象乐园里挑了七对主从打响了新的圣杯战争","StarRailVoice/TohsakaRin_CN/ogg/voice/chapterfate02/1/tohsakarin/chapterfate02_1_tohsakarin_142.ogg","local_research_only; game_asset; do_not_redistribute","TohsakaRin_CN","chapterfate02-1","transcript_source=asr_fallback; match=fuzzy; confidence=0.864; review_required=true"
"tohsakarin_b78833f856ec67e0","audio/raw/TohsakaRin_CN/ogg/voice/chapterfate02/1/tohsakarin/chapterfate02_1_tohsakarin_143.ogg","你们不止要抓小偷，而是在侦办一连串围绕圣杯展开的恶性案件——对吗？","StarRailVoice/TohsakaRin_CN/ogg/voice/chapterfate02/1/tohsakarin/chapterfate02_1_tohsakarin_143.ogg","local_research_only; game_asset; do_not_redistribute","TohsakaRin_CN","chapterfate02-1","transcript_source=game_text; match=fuzzy; confidence=0.966; review_required=true"
"tohsakarin_c90441bf5e1f9cb3","audio/raw/TohsakaRin_CN/ogg/voice/chapterfate02/1/tohsakarin/chapterfate02_1_tohsakarin_144.ogg","我说话不是很直接吗","StarRailVoice/TohsakaRin_CN/ogg/voice/chapterfate02/1/tohsakarin/chapterfate02_1_tohsakarin_144.ogg","local_research_only; game_asset; do_not_redistribute","TohsakaRin_CN","chapterfate02-1","transcript_source=asr_fallback; match=fuzzy; confidence=0.889; review_required=true"
"tohsakarin_44170fc79eca29aa","audio/raw/TohsakaRin_CN/ogg/voice/chapterfate02/1/tohsakarin/chapterfate02_1_tohsakarin_145.ogg","就这么定了！","StarRailVoice/TohsakaRin_CN/ogg/voice/chapterfate02/1/tohsakarin/chapterfate02_1_tohsakarin_145.ogg","local_research_only; game_asset; do_not_redistribute","TohsakaRin_CN","chapterfate02-1","transcript_source=game_text; match=exact; confidence=1.000; review_required=false"
"tohsakarin_7570adce94a2452d","audio/raw/TohsakaRin_CN/ogg/voice/chapterfate02/1/tohsakarin/chapterfate02_1_tohsakarin_146.ogg","朱波是奶茶吗","StarRailVoice/TohsakaRin_CN/ogg/voice/chapterfate02/1/tohsakarin/chapterfate02_1_tohsakarin_146.ogg","local_research_only; game_asset; do_not_redistribute","TohsakaRin_CN","chapterfate02-1","transcript_source=asr_fallback; match=none; confidence=0.000; review_required=true"
"tohsakarin_068c93d77305d09c","audio/raw/TohsakaRin_CN/ogg/voice/chapterfate02/1/tohsakarin/chapterfate02_1_tohsakarin_147.ogg","放心交给我们吧，朽叶小姐。","StarRailVoice/TohsakaRin_CN/ogg/voice/chapterfate02/1/tohsakarin/chapterfate02_1_tohsakarin_147.ogg","local_research_only; game_asset; do_not_redistribute","TohsakaRin_CN","chapterfate02-1","transcript_source=game_text; match=fuzzy; confidence=0.909; review_required=true"
"tohsakarin_01ff919ddc80157f","audio/raw/TohsakaRin_CN/ogg/voice/chapterfate02/1/tohsakarin/chapterfate02_1_tohsakarin_148.ogg","状况不算太糟……","StarRailVoice/TohsakaRin_CN/ogg/voice/chapterfate02/1/tohsakarin/chapterfate02_1_tohsakarin_148.ogg","local_research_only; game_asset; do_not_redistribute","TohsakaRin_CN","chapterfate02-1","transcript_source=game_text; match=exact; confidence=1.000; review_required=false"
"tohsakarin_54302fa4e46e3d96","audio/raw/TohsakaRin_CN/ogg/voice/chapterfate02/1/tohsakarin/chapterfate02_1_tohsakarin_149.ogg","现在，我们哪怕没有契约，也是共犯了。","StarRailVoice/TohsakaRin_CN/ogg/voice/chapterfate02/1/tohsakarin/chapterfate02_1_tohsakarin_149.ogg","local_research_only; game_asset; do_not_redistribute","TohsakaRin_CN","chapterfate02-1","transcript_source=game_text; match=exact; confidence=1.000; review_required=false"
"tohsakarin_e4e294149966f090","audio/raw/TohsakaRin_CN/ogg/voice/chapterfate02/1/tohsakarin/chapterfate02_1_tohsakarin_150.ogg","还真会说话不过放心我不喜欢阶级分明的关系","StarRailVoice/TohsakaRin_CN/ogg/voice/chapterfate02/1/tohsakarin/chapterfate02_1_tohsakarin_150.ogg","local_research_only; game_asset; do_not_redistribute","TohsakaRin_CN","chapterfate02-1","transcript_source=asr_fallback; match=fuzzy; confidence=0.750; review_required=true"
"tohsakarin_669fee0c56070e11","audio/raw/TohsakaRin_CN/ogg/voice/chapterfate02/1/tohsakarin/chapterfate02_1_tohsakarin_151.ogg","拒绝也没用。不过放心，我不喜欢阶级分明的关系。","StarRailVoice/TohsakaRin_CN/ogg/voice/chapterfate02/1/tohsakarin/chapterfate02_1_tohsakarin_151.ogg","local_research_only; game_asset; do_not_redistribute","TohsakaRin_CN","chapterfate02-1","transcript_source=game_text; match=exact; confidence=1.000; review_required=false"
"tohsakarin_351120056002c56e","audio/raw/TohsakaRin_CN/ogg/voice/chapterfate02/1/tohsakarin/chapterfate02_1_tohsakarin_152.ogg","哦说起来我都忘记问了该怎么称呼你我直接不明的从者","StarRailVoice/TohsakaRin_CN/ogg/voice/chapterfate02/1/tohsakarin/chapterfate02_1_tohsakarin_152.ogg","local_research_only; game_asset; do_not_redistribute","TohsakaRin_CN","chapterfate02-1","transcript_source=asr_fallback; match=fuzzy; confidence=0.851; review_required=true"
"tohsakarin_ba3481fd1f861977","audio/raw/TohsakaRin_CN/ogg/voice/chapterfate02/1/tohsakarin/chapterfate02_1_tohsakarin_153.ogg","啊居然用这种不明所以的直接蒙混过关把我当笨蛋吗","StarRailVoice/TohsakaRin_CN/ogg/voice/chapterfate02/1/tohsakarin/chapterfate02_1_tohsakarin_153.ogg","local_research_only; game_asset; do_not_redistribute","TohsakaRin_CN","chapterfate02-1","transcript_source=asr_fallback; match=fuzzy; confidence=0.826; review_required=true"
"tohsakarin_33e733f3b580c74c","audio/raw/TohsakaRin_CN/ogg/voice/chapterfate02/1/tohsakarin/chapterfate02_1_tohsakarin_154.ogg","啊居然用绰号蒙混过关把我当笨蛋吗","StarRailVoice/TohsakaRin_CN/ogg/voice/chapterfate02/1/tohsakarin/chapterfate02_1_tohsakarin_154.ogg","local_research_only; game_asset; do_not_redistribute","TohsakaRin_CN","chapterfate02-1","transcript_source=asr_fallback; match=fuzzy; confidence=0.875; review_required=true"
"tohsakarin_a2cb4dead71d3b1d","audio/raw/TohsakaRin_CN/ogg/voice/chapterfate02/1/tohsakarin/chapterfate02_1_tohsakarin_155.ogg","啊居然用漫画形象蒙混过关把我当笨蛋吗","StarRailVoice/TohsakaRin_CN/ogg/voice/chapterfate02/1/tohsakarin/chapterfate02_1_tohsakarin_155.ogg","local_research_only; game_asset; do_not_redistribute","TohsakaRin_CN","chapterfate02-1","transcript_source=asr_fallback; match=fuzzy; confidence=0.889; review_required=true"
"tohsakarin_45602fe2a5d44d1a","audio/raw/TohsakaRin_CN/ogg/voice/chapterfate02/1/tohsakarin/chapterfate02_1_tohsakarin_156.ogg","哎，没办法…虽然很在意，但凡事都得一步一个脚印。","StarRailVoice/TohsakaRin_CN/ogg/voice/chapterfate02/1/tohsakarin/chapterfate02_1_tohsakarin_156.ogg","local_research_only; game_asset; do_not_redistribute","TohsakaRin_CN","chapterfate02-1","transcript_source=game_text; match=fuzzy; confidence=0.950; review_required=true"
"tohsakarin_98bda3d36f23df28","audio/raw/TohsakaRin_CN/ogg/voice/chapterfate02/1/tohsakarin/chapterfate02_1_tohsakarin_158.ogg","现在，就让两位圣杯战争的主角一起，轻松通关吧！","StarRailVoice/TohsakaRin_CN/ogg/voice/chapterfate02/1/tohsakarin/chapterfate02_1_tohsakarin_158.ogg","local_research_only; game_asset; do_not_redistribute","TohsakaRin_CN","chapterfate02-1","transcript_source=game_text; match=exact; confidence=1.000; review_required=false"
"tohsakarin_f1cfbdc9f336c069","audio/raw/TohsakaRin_CN/ogg/voice/chapterfate02/1/tohsakarin/chapterfate02_1_tohsakarin_159.ogg","所以，你的意思是……","StarRailVoice/TohsakaRin_CN/ogg/voice/chapterfate02/1/tohsakarin/chapterfate02_1_tohsakarin_159.ogg","local_research_only; game_asset; do_not_redistribute","TohsakaRin_CN","chapterfate02-1","transcript_source=game_text; match=exact; confidence=1.000; review_required=false"
"tohsakarin_81c97d4089ce8b35","audio/raw/TohsakaRin_CN/ogg/voice/chapterfate02/1/tohsakarin/chapterfate02_1_tohsakarin_160.ogg","线人，就在你的报社里？","StarRailVoice/TohsakaRin_CN/ogg/voice/chapterfate02/1/tohsakarin/chapterfate02_1_tohsakarin_160.ogg","local_research_only; game_asset; do_not_redistribute","TohsakaRin_CN","chapterfate02-1","transcript_source=game_text; match=exact; confidence=1.000; review_required=false"
"tohsakarin_ffd54348ccff61a4","audio/raw/TohsakaRin_CN/ogg/voice/chapterfate02/1/tohsakarin/chapterfate02_1_tohsakarin_161.ogg","不是，我是说——你到底为什么会有一家报社？！","StarRailVoice/TohsakaRin_CN/ogg/voice/chapterfate02/1/tohsakarin/chapterfate02_1_tohsakarin_161.ogg","local_research_only; game_asset; do_not_redistribute","TohsakaRin_CN","chapterfate02-1","transcript_source=game_text; match=exact; confidence=1.000; review_required=false"
"tohsakarin_809f912edf4c8d1b","audio/raw/TohsakaRin_CN/ogg/voice/chapterfate02/1/tohsakarin/chapterfate02_1_tohsakarin_162.ogg","所以你到底为什么会有一家报社","StarRailVoice/TohsakaRin_CN/ogg/voice/chapterfate02/1/tohsakarin/chapterfate02_1_tohsakarin_162.ogg","local_research_only; game_asset; do_not_redistribute","TohsakaRin_CN","chapterfate02-1","transcript_source=asr_fallback; match=fuzzy; confidence=0.774; review_required=true"
"tohsakarin_feac1f37227eb7d2","audio/raw/TohsakaRin_CN/ogg/voice/chapterfate02/1/tohsakarin/chapterfate02_1_tohsakarin_163.ogg","诶哪来的好","StarRailVoice/TohsakaRin_CN/ogg/voice/chapterfate02/1/tohsakarin/chapterfate02_1_tohsakarin_163.ogg","local_research_only; game_asset; do_not_redistribute","TohsakaRin_CN","chapterfate02-1","transcript_source=asr_fallback; match=fuzzy; confidence=0.750; review_required=true"
"tohsakarin_1c85dd60cfce4fa9","audio/raw/TohsakaRin_CN/ogg/voice/chapterfate02/1/tohsakarin/chapterfate02_1_tohsakarin_164.ogg","「旁白」？谁家好人会给宠物起这么个名字？","StarRailVoice/TohsakaRin_CN/ogg/voice/chapterfate02/1/tohsakarin/chapterfate02_1_tohsakarin_164.ogg","local_research_only; game_asset; do_not_redistribute","TohsakaRin_CN","chapterfate02-1","transcript_source=game_text; match=exact; confidence=1.000; review_required=false"
"tohsakarin_c6dac36a4ea04b68","audio/raw/TohsakaRin_CN/ogg/voice/chapterfate02/1/tohsakarin/chapterfate02_1_tohsakarin_165.ogg","谁，我？","StarRailVoice/TohsakaRin_CN/ogg/voice/chapterfate02/1/tohsakarin/chapterfate02_1_tohsakarin_165.ogg","local_research_only; game_asset; do_not_redistribute","TohsakaRin_CN","chapterfate02-1","transcript_source=game_text; match=exact; confidence=1.000; review_required=false"
"tohsakarin_3165114fc3055e2f","audio/raw/TohsakaRin_CN/ogg/voice/chapterfate02/1/tohsakarin/chapterfate02_1_tohsakarin_166.ogg","我没有！这是误会。","StarRailVoice/TohsakaRin_CN/ogg/voice/chapterfate02/1/tohsakarin/chapterfate02_1_tohsakarin_166.ogg","local_research_only; game_asset; do_not_redistribute","TohsakaRin_CN","chapterfate02-1","transcript_source=game_text; match=exact; confidence=1.000; review_required=false"
"tohsakarin_ac41af5803820a46","audio/raw/TohsakaRin_CN/ogg/voice/chapterfate02/1/tohsakarin/chapterfate02_1_tohsakarin_167.ogg","真凶是那个主播，火花。她刚才亲口承认了，自己在打宝物的主意，还召开了寻宝大赛呢。","StarRailVoice/TohsakaRin_CN/ogg/voice/chapterfate02/1/tohsakarin/chapterfate02_1_tohsakarin_167.ogg","local_research_only; game_asset; do_not_redistribute","TohsakaRin_CN","chapterfate02-1","transcript_source=game_text; match=fuzzy; confidence=0.971; review_required=true"
"tohsakarin_cd816d81b3b4cb5d","audio/raw/TohsakaRin_CN/ogg/voice/chapterfate02/1/tohsakarin/chapterfate02_1_tohsakarin_168.ogg","堂堂不死神探，不会连这点情报都搞不到吧？","StarRailVoice/TohsakaRin_CN/ogg/voice/chapterfate02/1/tohsakarin/chapterfate02_1_tohsakarin_168.ogg","local_research_only; game_asset; do_not_redistribute","TohsakaRin_CN","chapterfate02-1","transcript_source=game_text; match=exact; confidence=1.000; review_required=false"
"tohsakarin_5e9d538a9218568c","audio/raw/TohsakaRin_CN/ogg/voice/chapterfate02/1/tohsakarin/chapterfate02_1_tohsakarin_169.ogg","…他真是线人？我看不像侦探，倒像诈骗犯。","StarRailVoice/TohsakaRin_CN/ogg/voice/chapterfate02/1/tohsakarin/chapterfate02_1_tohsakarin_169.ogg","local_research_only; game_asset; do_not_redistribute","TohsakaRin_CN","chapterfate02-1","transcript_source=game_text; match=fuzzy; confidence=0.938; review_required=true"
"tohsakarin_05ae8f75816f1976","audio/raw/TohsakaRin_CN/ogg/voice/chapterfate02/1/tohsakarin/chapterfate02_1_tohsakarin_170.ogg","就是说啊……","StarRailVoice/TohsakaRin_CN/ogg/voice/chapterfate02/1/tohsakarin/chapterfate02_1_tohsakarin_170.ogg","local_research_only; game_asset; do_not_redistribute","TohsakaRin_CN","chapterfate02-1","transcript_source=game_text; match=exact; confidence=1.000; review_required=false"
"tohsakarin_5b59716c029cbedf","audio/raw/TohsakaRin_CN/ogg/voice/chapterfate02/1/tohsakarin/chapterfate02_1_tohsakarin_171.ogg","想都不要想。","StarRailVoice/TohsakaRin_CN/ogg/voice/chapterfate02/1/tohsakarin/chapterfate02_1_tohsakarin_171.ogg","local_research_only; game_asset; do_not_redistribute","TohsakaRin_CN","chapterfate02-1","transcript_source=game_text; match=exact; confidence=1.000; review_required=false"
"tohsakarin_f0cf63868e381858","audio/raw/TohsakaRin_CN/ogg/voice/chapterfate02/1/tohsakarin/chapterfate02_1_tohsakarin_172.ogg","这是…古代美索不达米亚的楔形文字。","StarRailVoice/TohsakaRin_CN/ogg/voice/chapterfate02/1/tohsakarin/chapterfate02_1_tohsakarin_172.ogg","local_research_only; game_asset; do_not_redistribute","TohsakaRin_CN","chapterfate02-1","transcript_source=game_text; match=exact; confidence=1.000; review_required=false"
"tohsakarin_728cbd7e4ad835d9","audio/raw/TohsakaRin_CN/ogg/voice/chapterfate02/1/tohsakarin/chapterfate02_1_tohsakarin_173.ogg","难道…<color=#dbc291ff>英雄王吉尔伽美什</color>也被召唤了？","StarRailVoice/TohsakaRin_CN/ogg/voice/chapterfate02/1/tohsakarin/chapterfate02_1_tohsakarin_173.ogg","local_research_only; game_asset; do_not_redistribute","TohsakaRin_CN","chapterfate02-1","transcript_source=game_text; match=exact; confidence=1.000; review_required=false"
"tohsakarin_54b1ff549d86eac2","audio/raw/TohsakaRin_CN/ogg/voice/chapterfate02/1/tohsakarin/chapterfate02_1_tohsakarin_174.ogg","…真是他。难道，昨晚那场黄金雨是他搞的鬼？","StarRailVoice/TohsakaRin_CN/ogg/voice/chapterfate02/1/tohsakarin/chapterfate02_1_tohsakarin_174.ogg","local_research_only; game_asset; do_not_redistribute","TohsakaRin_CN","chapterfate02-1","transcript_source=game_text; match=exact; confidence=1.000; review_required=false"
"tohsakarin_adf9f14b21c7168b","audio/raw/TohsakaRin_CN/ogg/voice/chapterfate02/1/tohsakarin/chapterfate02_1_tohsakarin_175.ogg","但…以他的性格，真会把自己辛辛苦苦搜集来的宝贝这么轻易地散给我们吗？","StarRailVoice/TohsakaRin_CN/ogg/voice/chapterfate02/1/tohsakarin/chapterfate02_1_tohsakarin_175.ogg","local_research_only; game_asset; do_not_redistribute","TohsakaRin_CN","chapterfate02-1","transcript_source=game_text; match=fuzzy; confidence=0.968; review_required=true"
"tohsakarin_011e6363d4098514","audio/raw/TohsakaRin_CN/ogg/voice/chapterfate02/1/tohsakarin/chapterfate02_1_tohsakarin_176.ogg","侦探先生，方便问问您的客户有什么特征吗？","StarRailVoice/TohsakaRin_CN/ogg/voice/chapterfate02/1/tohsakarin/chapterfate02_1_tohsakarin_176.ogg","local_research_only; game_asset; do_not_redistribute","TohsakaRin_CN","chapterfate02-1","transcript_source=game_text; match=exact; confidence=1.000; review_required=false"
"tohsakarin_af241d5ccc4981e5","audio/raw/TohsakaRin_CN/ogg/voice/chapterfate02/1/tohsakarin/chapterfate02_1_tohsakarin_177.ogg","不会吧","StarRailVoice/TohsakaRin_CN/ogg/voice/chapterfate02/1/tohsakarin/chapterfate02_1_tohsakarin_177.ogg","local_research_only; game_asset; do_not_redistribute","TohsakaRin_CN","chapterfate02-1","transcript_source=game_text; match=exact; confidence=1.000; review_required=false"
"tohsakarin_64765fb74687a11e","audio/raw/TohsakaRin_CN/ogg/voice/chapterfate02/1/tohsakarin/chapterfate02_1_tohsakarin_178.ogg","这个嘛，倒是简单。","StarRailVoice/TohsakaRin_CN/ogg/voice/chapterfate02/1/tohsakarin/chapterfate02_1_tohsakarin_178.ogg","local_research_only; game_asset; do_not_redistribute","TohsakaRin_CN","chapterfate02-1","transcript_source=game_text; match=exact; confidence=1.000; review_required=false"
"tohsakarin_124501b03e983227","audio/raw/TohsakaRin_CN/ogg/voice/chapterfate02/1/tohsakarin/chapterfate02_1_tohsakarin_179.ogg","不愧是我的从者。","StarRailVoice/TohsakaRin_CN/ogg/voice/chapterfate02/1/tohsakarin/chapterfate02_1_tohsakarin_179.ogg","local_research_only; game_asset; do_not_redistribute","TohsakaRin_CN","chapterfate02-1","transcript_source=game_text; match=exact; confidence=1.000; review_required=false"
"tohsakarin_4c52c1a9c3d413c3","audio/raw/TohsakaRin_CN/ogg/voice/chapterfate02/1/tohsakarin/chapterfate02_1_tohsakarin_180.ogg","不愧是我的从者。","StarRailVoice/TohsakaRin_CN/ogg/voice/chapterfate02/1/tohsakarin/chapterfate02_1_tohsakarin_180.ogg","local_research_only; game_asset; do_not_redistribute","TohsakaRin_CN","chapterfate02-1","transcript_source=game_text; match=fuzzy; confidence=0.933; review_required=true"
"tohsakarin_f6dd8fb342d375fa","audio/raw/TohsakaRin_CN/ogg/voice/chapterfate02/1/tohsakarin/chapterfate02_1_tohsakarin_181.ogg","这么说…倒也没错。","StarRailVoice/TohsakaRin_CN/ogg/voice/chapterfate02/1/tohsakarin/chapterfate02_1_tohsakarin_181.ogg","local_research_only; game_asset; do_not_redistribute","TohsakaRin_CN","chapterfate02-1","transcript_source=game_text; match=exact; confidence=1.000; review_required=false"
"tohsakarin_78aa5fe651d53456","audio/raw/TohsakaRin_CN/ogg/voice/chapterfate02/1/tohsakarin/chapterfate02_1_tohsakarin_182_f.ogg","答案还是愿力圣杯不仅将我的回忆化作现实还融入了他的冒险","StarRailVoice/TohsakaRin_CN/ogg/voice/chapterfate02/1/tohsakarin/chapterfate02_1_tohsakarin_182_f.ogg","local_research_only; game_asset; do_not_redistribute","TohsakaRin_CN","chapterfate02-1","transcript_source=asr_fallback; match=fuzzy; confidence=0.852; review_required=true"
"tohsakarin_866abe32b9804b21","audio/raw/TohsakaRin_CN/ogg/voice/chapterfate02/1/tohsakarin/chapterfate02_1_tohsakarin_182_m.ogg","答案还是愿力圣杯不仅将我的回忆化作现实还融入了他的冒险","StarRailVoice/TohsakaRin_CN/ogg/voice/chapterfate02/1/tohsakarin/chapterfate02_1_tohsakarin_182_m.ogg","local_research_only; game_asset; do_not_redistribute","TohsakaRin_CN","chapterfate02-1","transcript_source=asr_fallback; match=fuzzy; confidence=0.852; review_required=true"
"tohsakarin_ca79add557c052b7","audio/raw/TohsakaRin_CN/ogg/voice/chapterfate02/1/tohsakarin/chapterfate02_1_tohsakarin_183_f.ogg","只是，还有个疑点：我和{NICKNAME}什么都没拿到。为什么？","StarRailVoice/TohsakaRin_CN/ogg/voice/chapterfate02/1/tohsakarin/chapterfate02_1_tohsakarin_183_f.ogg","local_research_only; game_asset; do_not_redistribute","TohsakaRin_CN","chapterfate02-1","transcript_source=game_text; match=fuzzy; confidence=0.973; review_required=true"
"tohsakarin_ac69cfabaa42f568","audio/raw/TohsakaRin_CN/ogg/voice/chapterfate02/1/tohsakarin/chapterfate02_1_tohsakarin_183_m.ogg","只是，还有个疑点：我和{NICKNAME}什么都没拿到。为什么？","StarRailVoice/TohsakaRin_CN/ogg/voice/chapterfate02/1/tohsakarin/chapterfate02_1_tohsakarin_183_m.ogg","local_research_only; game_asset; do_not_redistribute","TohsakaRin_CN","chapterfate02-1","transcript_source=game_text; match=fuzzy; confidence=0.973; review_required=true"
"tohsakarin_138e61cb45a2c2d7","audio/raw/TohsakaRin_CN/ogg/voice/chapterfate02/1/tohsakarin/chapterfate02_1_tohsakarin_184.ogg","邮邮箱你们现在还在即兴吗","StarRailVoice/TohsakaRin_CN/ogg/voice/chapterfate02/1/tohsakarin/chapterfate02_1_tohsakarin_184.ogg","local_research_only; game_asset; do_not_redistribute","TohsakaRin_CN","chapterfate02-1","transcript_source=asr_fallback; match=fuzzy; confidence=0.783; review_required=true"
"tohsakarin_91d0ffd3890297ce","audio/raw/TohsakaRin_CN/ogg/voice/chapterfate02/1/tohsakarin/chapterfate02_1_tohsakarin_185.ogg","行、行吧……","StarRailVoice/TohsakaRin_CN/ogg/voice/chapterfate02/1/tohsakarin/chapterfate02_1_tohsakarin_185.ogg","local_research_only; game_asset; do_not_redistribute","TohsakaRin_CN","chapterfate02-1","transcript_source=game_text; match=exact; confidence=1.000; review_required=false"
"tohsakarin_14b84ddcf024c0f1","audio/raw/TohsakaRin_CN/ogg/voice/chapterfate02/1/tohsakarin/chapterfate02_1_tohsakarin_186.ogg","啊，圣杯…把财宝中的愿力回收了？","StarRailVoice/TohsakaRin_CN/ogg/voice/chapterfate02/1/tohsakarin/chapterfate02_1_tohsakarin_186.ogg","local_research_only; game_asset; do_not_redistribute","TohsakaRin_CN","chapterfate02-1","transcript_source=game_text; match=exact; confidence=1.000; review_required=false"
"tohsakarin_92faf3e53384a370","audio/raw/TohsakaRin_CN/ogg/voice/chapterfate02/1/tohsakarin/chapterfate02_1_tohsakarin_187.ogg","…有财宝应该就够了！我是和平主义者！","StarRailVoice/TohsakaRin_CN/ogg/voice/chapterfate02/1/tohsakarin/chapterfate02_1_tohsakarin_187.ogg","local_research_only; game_asset; do_not_redistribute","TohsakaRin_CN","chapterfate02-1","transcript_source=game_text; match=exact; confidence=1.000; review_required=false"
"tohsakarin_1a33551e4146c34c","audio/raw/TohsakaRin_CN/ogg/voice/chapterfate02/1/tohsakarin/chapterfate02_1_tohsakarin_188_f.ogg","别、别听{M#他}{F#她}瞎说！我们自愿放弃拒绝的权利！","StarRailVoice/TohsakaRin_CN/ogg/voice/chapterfate02/1/tohsakarin/chapterfate02_1_tohsakarin_188_f.ogg","local_research_only; game_asset; do_not_redistribute","TohsakaRin_CN","chapterfate02-1","transcript_source=game_text; match=fuzzy; confidence=0.970; review_required=true"
"tohsakarin_38cf92c28b97d0db","audio/raw/TohsakaRin_CN/ogg/voice/chapterfate02/1/tohsakarin/chapterfate02_1_tohsakarin_188_m.ogg","别、别听{M#他}{F#她}瞎说！我们自愿放弃拒绝的权利！","StarRailVoice/TohsakaRin_CN/ogg/voice/chapterfate02/1/tohsakarin/chapterfate02_1_tohsakarin_188_m.ogg","local_research_only; game_asset; do_not_redistribute","TohsakaRin_CN","chapterfate02-1","transcript_source=game_text; match=fuzzy; confidence=0.970; review_required=true"
"tohsakarin_7ea75f70dd1ffe72","audio/raw/TohsakaRin_CN/ogg/voice/chapterfate02/1/tohsakarin/chapterfate02_1_tohsakarin_189.ogg","<size=-2>既能将功补过，我也能取得足够继续旅行的魔力…</size>一石二鸟，我会尽力配合各位的！","StarRailVoice/TohsakaRin_CN/ogg/voice/chapterfate02/1/tohsakarin/chapterfate02_1_tohsakarin_189.ogg","local_research_only; game_asset; do_not_redistribute","TohsakaRin_CN","chapterfate02-1","transcript_source=game_text; match=exact; confidence=1.000; review_required=false"
"tohsakarin_28b06f1e185d25c7","audio/raw/TohsakaRin_CN/ogg/voice/chapterfate02/1/tohsakarin/chapterfate02_1_tohsakarin_190_f.ogg","{NICKNAME}，这边！一起来梳理下现状吧。","StarRailVoice/TohsakaRin_CN/ogg/voice/chapterfate02/1/tohsakarin/chapterfate02_1_tohsakarin_190_f.ogg","local_research_only; game_asset; do_not_redistribute","TohsakaRin_CN","chapterfate02-1","transcript_source=game_text; match=fuzzy; confidence=0.957; review_required=true"
"tohsakarin_0a9fd0f46ade81f8","audio/raw/TohsakaRin_CN/ogg/voice/chapterfate02/1/tohsakarin/chapterfate02_1_tohsakarin_190_m.ogg","{NICKNAME}，这边！一起来梳理下现状吧。","StarRailVoice/TohsakaRin_CN/ogg/voice/chapterfate02/1/tohsakarin/chapterfate02_1_tohsakarin_190_m.ogg","local_research_only; game_asset; do_not_redistribute","TohsakaRin_CN","chapterfate02-1","transcript_source=game_text; match=fuzzy; confidence=0.957; review_required=true"
"tohsakarin_54d5c9ab5d6515ad","audio/raw/TohsakaRin_CN/ogg/voice/chapterfate02/1/tohsakarin/chapterfate02_1_tohsakarin_191.ogg","从哪里开始呢……","StarRailVoice/TohsakaRin_CN/ogg/voice/chapterfate02/1/tohsakarin/chapterfate02_1_tohsakarin_191.ogg","local_research_only; game_asset; do_not_redistribute","TohsakaRin_CN","chapterfate02-1","transcript_source=game_text; match=fuzzy; confidence=0.923; review_required=true"
"tohsakarin_237c2ba4678cfa2a","audio/raw/TohsakaRin_CN/ogg/voice/chapterfate02/1/tohsakarin/chapterfate02_1_tohsakarin_192.ogg","f虽然来到了完全陌生的世界，但在机缘巧合下，我与这片银河的主角相","StarRailVoice/TohsakaRin_CN/ogg/voice/chapterfate02/1/tohsakarin/chapterfate02_1_tohsakarin_192.ogg","local_research_only; game_asset; do_not_redistribute","TohsakaRin_CN","chapterfate02-1","transcript_source=game_text; match=fuzzy; confidence=0.951; review_required=true"
"tohsakarin_a8695d9c26e26d33","audio/raw/TohsakaRin_CN/ogg/voice/chapterfate02/1/tohsakarin/chapterfate02_1_tohsakarin_193.ogg","知、知道了！总之，随着我们缔结了最后的契约，「幻造圣杯战争」正式打响了。","StarRailVoice/TohsakaRin_CN/ogg/voice/chapterfate02/1/tohsakarin/chapterfate02_1_tohsakarin_193.ogg","local_research_only; game_asset; do_not_redistribute","TohsakaRin_CN","chapterfate02-1","transcript_source=game_text; match=fuzzy; confidence=0.949; review_required=true"
"tohsakarin_96ed4fd51faf3860","audio/raw/TohsakaRin_CN/ogg/voice/chapterfate02/1/tohsakarin/chapterfate02_1_tohsakarin_194.ogg","然如此，七对主从必不可少。作为幕后黑手…不，始作俑者…算了，总之，设法控制其他主从，避免影响扩大的重任落在了","StarRailVoice/TohsakaRin_CN/ogg/voice/chapterfate02/1/tohsakarin/chapterfate02_1_tohsakarin_194.ogg","local_research_only; game_asset; do_not_redistribute","TohsakaRin_CN","chapterfate02-1","transcript_source=game_text; match=fuzzy; confidence=0.920; review_required=true"
"tohsakarin_44bca9ce17c101e1","audio/raw/TohsakaRin_CN/ogg/voice/chapterfate02/1/tohsakarin/chapterfate02_1_tohsakarin_195.ogg","但与往常不同的是，我们这次的目标不是争夺圣杯，而是争夺财宝。","StarRailVoice/TohsakaRin_CN/ogg/voice/chapterfate02/1/tohsakarin/chapterfate02_1_tohsakarin_195.ogg","local_research_only; game_asset; do_not_redistribute","TohsakaRin_CN","chapterfate02-1","transcript_source=game_text; match=exact; confidence=1.000; review_required=false"
"tohsakarin_ea819bc5e92dc83e","audio/raw/TohsakaRin_CN/ogg/voice/chapterfate02/1/tohsakarin/chapterfate02_1_tohsakarin_196.ogg","原来，仪式启动时，圣杯中的愿力不知怎地，全部化作财宝，从天而降……","StarRailVoice/TohsakaRin_CN/ogg/voice/chapterfate02/1/tohsakarin/chapterfate02_1_tohsakarin_196.ogg","local_research_only; game_asset; do_not_redistribute","TohsakaRin_CN","chapterfate02-1","transcript_source=game_text; match=fuzzy; confidence=0.963; review_required=true"
"tohsakarin_402cbdbc6a5bdac7","audio/raw/TohsakaRin_CN/ogg/voice/chapterfate02/1/tohsakarin/chapterfate02_1_tohsakarin_197.ogg","这场黄金雨引发了大骚乱治安官朽义和蓝色找到了我们就这样幻造圣杯战争特别行动小组成立了","StarRailVoice/TohsakaRin_CN/ogg/voice/chapterfate02/1/tohsakarin/chapterfate02_1_tohsakarin_197.ogg","local_research_only; game_asset; do_not_redistribute","TohsakaRin_CN","chapterfate02-1","transcript_source=asr_fallback; match=fuzzy; confidence=0.833; review_required=true"
"tohsakarin_87299f7276afac34","audio/raw/TohsakaRin_CN/ogg/voice/chapterfate02/1/tohsakarin/chapterfate02_1_tohsakarin_198.ogg","<color=#dbc291ff>为了解决异界之旅能源不足的问题，我们必须回收流入社会的全部财宝。</color>","StarRailVoice/TohsakaRin_CN/ogg/voice/chapterfate02/1/tohsakarin/chapterfate02_1_tohsakarin_198.ogg","local_research_only; game_asset; do_not_redistribute","TohsakaRin_CN","chapterfate02-1","transcript_source=game_text; match=exact; confidence=1.000; review_required=false"
"tohsakarin_e071d968faf05285","audio/raw/TohsakaRin_CN/ogg/voice/chapterfate02/1/tohsakarin/chapterfate02_1_tohsakarin_199.ogg","嗯我当然记得了于是我们和线人不死徒取得了联系虽然看起来不靠谱但他带来了一颗重磅炸弹","StarRailVoice/TohsakaRin_CN/ogg/voice/chapterfate02/1/tohsakarin/chapterfate02_1_tohsakarin_199.ogg","local_research_only; game_asset; do_not_redistribute","TohsakaRin_CN","chapterfate02-1","transcript_source=asr_fallback; match=none; confidence=0.000; review_required=true"
"tohsakarin_9c7e3da0826843ac","audio/raw/TohsakaRin_CN/ogg/voice/chapterfate02/1/tohsakarin/chapterfate02_1_tohsakarin_200.ogg","自分得了一件特殊财宝——本来还觉得这场圣杯战争有点生拼硬凑，现在彼此厮杀的理由就很充分了","StarRailVoice/TohsakaRin_CN/ogg/voice/chapterfate02/1/tohsakarin/chapterfate02_1_tohsakarin_200.ogg","local_research_only; game_asset; do_not_redistribute","TohsakaRin_CN","chapterfate02-1","transcript_source=game_text; match=fuzzy; confidence=0.911; review_required=true"
"tohsakarin_0b625797a404b87d","audio/raw/TohsakaRin_CN/ogg/voice/chapterfate02/1/tohsakarin/chapterfate02_1_tohsakarin_201.ogg","不幸中的万幸不知名的巴萨卡主从宣布退赛还送来了他们的天命之泥板","StarRailVoice/TohsakaRin_CN/ogg/voice/chapterfate02/1/tohsakarin/chapterfate02_1_tohsakarin_201.ogg","local_research_only; game_asset; do_not_redistribute","TohsakaRin_CN","chapterfate02-1","transcript_source=asr_fallback; match=fuzzy; confidence=0.824; review_required=true"
"tohsakarin_b15d398f759ef37a","audio/raw/TohsakaRin_CN/ogg/voice/chapterfate02/1/tohsakarin/chapterfate02_1_tohsakarin_202.ogg","而守叶小姐和lsser分到的是王之臣酿","StarRailVoice/TohsakaRin_CN/ogg/voice/chapterfate02/1/tohsakarin/chapterfate02_1_tohsakarin_202.ogg","local_research_only; game_asset; do_not_redistribute","TohsakaRin_CN","chapterfate02-1","transcript_source=asr_fallback; match=fuzzy; confidence=0.769; review_required=true"
"tohsakarin_06d26b85f69f9143","audio/raw/TohsakaRin_CN/ogg/voice/chapterfate02/1/tohsakarin/chapterfate02_1_tohsakarin_203.ogg","很遗憾…只可能是<color=#dbc291ff>吉尔伽美什</color>了。","StarRailVoice/TohsakaRin_CN/ogg/voice/chapterfate02/1/tohsakarin/chapterfate02_1_tohsakarin_203.ogg","local_research_only; game_asset; do_not_redistribute","TohsakaRin_CN","chapterfate02-1","transcript_source=game_text; match=exact; confidence=1.000; review_required=false"
"tohsakarin_4d7a9dc1665020f0","audio/raw/TohsakaRin_CN/ogg/voice/chapterfate02/1/tohsakarin/chapterfate02_1_tohsakarin_204.ogg","啊也不能忘了火花和他的蝴蝶从者","StarRailVoice/TohsakaRin_CN/ogg/voice/chapterfate02/1/tohsakarin/chapterfate02_1_tohsakarin_204.ogg","local_research_only; game_asset; do_not_redistribute","TohsakaRin_CN","chapterfate02-1","transcript_source=asr_fallback; match=fuzzy; confidence=0.897; review_required=true"
"tohsakarin_cf37f7b922f03e71","audio/raw/TohsakaRin_CN/ogg/voice/chapterfate02/1/tohsakarin/chapterfate02_1_tohsakarin_205.ogg","她打着我的旗号，在城里到处滋事…要说谁是黑幕，肯定是她没跑！","StarRailVoice/TohsakaRin_CN/ogg/voice/chapterfate02/1/tohsakarin/chapterfate02_1_tohsakarin_205.ogg","local_research_only; game_asset; do_not_redistribute","TohsakaRin_CN","chapterfate02-1","transcript_source=game_text; match=fuzzy; confidence=0.923; review_required=true"
"tohsakarin_4c50a9afbbce154e","audio/raw/TohsakaRin_CN/ogg/voice/chapterfate02/1/tohsakarin/chapterfate02_1_tohsakarin_206.ogg","总之，事态不算简单，好在目标还算清晰。","StarRailVoice/TohsakaRin_CN/ogg/voice/chapterfate02/1/tohsakarin/chapterfate02_1_tohsakarin_206.ogg","local_research_only; game_asset; do_not_redistribute","TohsakaRin_CN","chapterfate02-1","transcript_source=game_text; match=fuzzy; confidence=0.970; review_required=true"
"tohsakarin_ce0e0ba7786e4057","audio/raw/TohsakaRin_CN/ogg/voice/chapterfate02/1/tohsakarin/chapterfate02_1_tohsakarin_207.ogg","这就是最新进展。现在，就让我感知愿力流向，确定下一个目标吧——","StarRailVoice/TohsakaRin_CN/ogg/voice/chapterfate02/1/tohsakarin/chapterfate02_1_tohsakarin_207.ogg","local_research_only; game_asset; do_not_redistribute","TohsakaRin_CN","chapterfate02-1","transcript_source=game_text; match=fuzzy; confidence=0.962; review_required=true"
"tohsakarin_e8f8ad5c494ff944","audio/raw/TohsakaRin_CN/ogg/voice/chapterfate02/1/tohsakarin/chapterfate02_1_tohsakarin_208.ogg","源头是这里，但…这两位怎么看都不像财宝啊？","StarRailVoice/TohsakaRin_CN/ogg/voice/chapterfate02/1/tohsakarin/chapterfate02_1_tohsakarin_208.ogg","local_research_only; game_asset; do_not_redistribute","TohsakaRin_CN","chapterfate02-1","transcript_source=game_text; match=exact; confidence=1.000; review_required=false"
"tohsakarin_6aece754061f22d5","audio/raw/TohsakaRin_CN/ogg/voice/chapterfate02/1/tohsakarin/chapterfate02_1_tohsakarin_209.ogg","冷静一下，告诉我们这里到底发生了什么，好吗？","StarRailVoice/TohsakaRin_CN/ogg/voice/chapterfate02/1/tohsakarin/chapterfate02_1_tohsakarin_209.ogg","local_research_only; game_asset; do_not_redistribute","TohsakaRin_CN","chapterfate02-1","transcript_source=game_text; match=fuzzy; confidence=0.974; review_required=true"
"tohsakarin_dcddcb69b707c393","audio/raw/TohsakaRin_CN/ogg/voice/chapterfate02/1/tohsakarin/chapterfate02_1_tohsakarin_210.ogg","是精神操控…可火花为什么不让它们把财宝交到自己手里？","StarRailVoice/TohsakaRin_CN/ogg/voice/chapterfate02/1/tohsakarin/chapterfate02_1_tohsakarin_210.ogg","local_research_only; game_asset; do_not_redistribute","TohsakaRin_CN","chapterfate02-1","transcript_source=game_text; match=fuzzy; confidence=0.958; review_required=true"
"tohsakarin_57f19971f7b4038a","audio/raw/TohsakaRin_CN/ogg/voice/chapterfate02/1/tohsakarin/chapterfate02_1_tohsakarin_211.ogg","还有castter你们的主人是谁他在哪儿","StarRailVoice/TohsakaRin_CN/ogg/voice/chapterfate02/1/tohsakarin/chapterfate02_1_tohsakarin_211.ogg","local_research_only; game_asset; do_not_redistribute","TohsakaRin_CN","chapterfate02-1","transcript_source=asr_fallback; match=fuzzy; confidence=0.895; review_required=true"
"tohsakarin_de07b77b6189c18d","audio/raw/TohsakaRin_CN/ogg/voice/chapterfate02/1/tohsakarin/chapterfate02_1_tohsakarin_212.ogg","彻底失控了吗…只能开战了！","StarRailVoice/TohsakaRin_CN/ogg/voice/chapterfate02/1/tohsakarin/chapterfate02_1_tohsakarin_212.ogg","local_research_only; game_asset; do_not_redistribute","TohsakaRin_CN","chapterfate02-1","transcript_source=game_text; match=fuzzy; confidence=0.957; review_required=true"
"tohsakarin_72899d8442d076fc","audio/raw/TohsakaRin_CN/ogg/voice/chapterfate02/1/tohsakarin/chapterfate02_1_tohsakarin_213.ogg","真是一场恶战…这个火花，不容小觑。","StarRailVoice/TohsakaRin_CN/ogg/voice/chapterfate02/1/tohsakarin/chapterfate02_1_tohsakarin_213.ogg","local_research_only; game_asset; do_not_redistribute","TohsakaRin_CN","chapterfate02-1","transcript_source=game_text; match=fuzzy; confidence=0.966; review_required=true"
"tohsakarin_ccc4ab8c7163afa7","audio/raw/TohsakaRin_CN/ogg/voice/chapterfate02/1/tohsakarin/chapterfate02_1_tohsakarin_214.ogg","…你也被操控了吗！","StarRailVoice/TohsakaRin_CN/ogg/voice/chapterfate02/1/tohsakarin/chapterfate02_1_tohsakarin_214.ogg","local_research_only; game_asset; do_not_redistribute","TohsakaRin_CN","chapterfate02-1","transcript_source=game_text; match=fuzzy; confidence=0.933; review_required=true"
"tohsakarin_1ef6099379531e9e","audio/raw/TohsakaRin_CN/ogg/voice/chapterfate02/1/tohsakarin/chapterfate02_1_tohsakarin_215.ogg","哎事已至此只能回收残存的怨力了","StarRailVoice/TohsakaRin_CN/ogg/voice/chapterfate02/1/tohsakarin/chapterfate02_1_tohsakarin_215.ogg","local_research_only; game_asset; do_not_redistribute","TohsakaRin_CN","chapterfate02-1","transcript_source=asr_fallback; match=fuzzy; confidence=0.897; review_required=true"
"tohsakarin_7931179ba7e65841","audio/raw/TohsakaRin_CN/ogg/voice/chapterfate02/1/tohsakarin/chapterfate02_1_tohsakarin_216.ogg","希望你们不会白白牺牲，带我们找到罪魁祸首……","StarRailVoice/TohsakaRin_CN/ogg/voice/chapterfate02/1/tohsakarin/chapterfate02_1_tohsakarin_216.ogg","local_research_only; game_asset; do_not_redistribute","TohsakaRin_CN","chapterfate02-1","transcript_source=game_text; match=fuzzy; confidence=0.947; review_required=true"
"tohsakarin_201f3da523d3e440","audio/raw/TohsakaRin_CN/ogg/voice/chapterfate02/1/tohsakarin/chapterfate02_1_tohsakarin_217.ogg","不行只能感应到特和其他财宝的位置似乎是在海源市但找不到火花的踪迹","StarRailVoice/TohsakaRin_CN/ogg/voice/chapterfate02/1/tohsakarin/chapterfate02_1_tohsakarin_217.ogg","local_research_only; game_asset; do_not_redistribute","TohsakaRin_CN","chapterfate02-1","transcript_source=asr_fallback; match=none; confidence=0.000; review_required=true"
"tohsakarin_68799b275492940b","audio/raw/TohsakaRin_CN/ogg/voice/chapterfate02/1/tohsakarin/chapterfate02_1_tohsakarin_218.ogg","但往好处想，这能证明他们刚才说的是真的：火花似乎并不打算把财宝全都据为己有……","StarRailVoice/TohsakaRin_CN/ogg/voice/chapterfate02/1/tohsakarin/chapterfate02_1_tohsakarin_218.ogg","local_research_only; game_asset; do_not_redistribute","TohsakaRin_CN","chapterfate02-1","transcript_source=game_text; match=fuzzy; confidence=0.971; review_required=true"
"tohsakarin_0f31a930d0526842","audio/raw/TohsakaRin_CN/ogg/voice/chapterfate02/1/tohsakarin/chapterfate02_1_tohsakarin_219.ogg","太反常了。为什么？","StarRailVoice/TohsakaRin_CN/ogg/voice/chapterfate02/1/tohsakarin/chapterfate02_1_tohsakarin_219.ogg","local_research_only; game_asset; do_not_redistribute","TohsakaRin_CN","chapterfate02-1","transcript_source=game_text; match=exact; confidence=1.000; review_required=false"
"tohsakarin_6b3684d3db927c22","audio/raw/TohsakaRin_CN/ogg/voice/chapterfate02/1/tohsakarin/chapterfate02_1_tohsakarin_220.ogg","好让自己浑水摸鱼吗…嗯，有可能。","StarRailVoice/TohsakaRin_CN/ogg/voice/chapterfate02/1/tohsakarin/chapterfate02_1_tohsakarin_220.ogg","local_research_only; game_asset; do_not_redistribute","TohsakaRin_CN","chapterfate02-1","transcript_source=game_text; match=exact; confidence=1.000; review_required=false"
"tohsakarin_193bf6ccd3d1fe6b","audio/raw/TohsakaRin_CN/ogg/voice/chapterfate02/1/tohsakarin/chapterfate02_1_tohsakarin_221.ogg","为自己积蓄更多力量吗…嗯，有可能。","StarRailVoice/TohsakaRin_CN/ogg/voice/chapterfate02/1/tohsakarin/chapterfate02_1_tohsakarin_221.ogg","local_research_only; game_asset; do_not_redistribute","TohsakaRin_CN","chapterfate02-1","transcript_source=game_text; match=exact; confidence=1.000; review_required=false"
"tohsakarin_6c5f68e58612b9f4","audio/raw/TohsakaRin_CN/ogg/voice/chapterfate02/1/tohsakarin/chapterfate02_1_tohsakarin_222.ogg","呃曾进二巷乐园社会福祉吗怎么可能啊","StarRailVoice/TohsakaRin_CN/ogg/voice/chapterfate02/1/tohsakarin/chapterfate02_1_tohsakarin_222.ogg","local_research_only; game_asset; do_not_redistribute","TohsakaRin_CN","chapterfate02-1","transcript_source=asr_fallback; match=fuzzy; confidence=0.788; review_required=true"
"tohsakarin_c5a7a2dc0a536045","audio/raw/TohsakaRin_CN/ogg/voice/chapterfate02/1/tohsakarin/chapterfate02_1_tohsakarin_223.ogg","无论如何，继续回收剩下的财宝吧。将来我们必有一战，绝不能让她占了上风。","StarRailVoice/TohsakaRin_CN/ogg/voice/chapterfate02/1/tohsakarin/chapterfate02_1_tohsakarin_223.ogg","local_research_only; game_asset; do_not_redistribute","TohsakaRin_CN","chapterfate02-1","transcript_source=game_text; match=fuzzy; confidence=0.968; review_required=true"
"tohsakarin_1c3214f4bf78f7d6","audio/raw/TohsakaRin_CN/ogg/voice/chapterfate02/1/tohsakarin/chapterfate02_1_tohsakarin_224.ogg","真是的，就不该听侦探的，说什么「报我名字，有惊喜」……","StarRailVoice/TohsakaRin_CN/ogg/voice/chapterfate02/1/tohsakarin/chapterfate02_1_tohsakarin_224.ogg","local_research_only; game_asset; do_not_redistribute","TohsakaRin_CN","chapterfate02-1","transcript_source=game_text; match=exact; confidence=1.000; review_required=false"
"tohsakarin_ca0176edb78acebf","audio/raw/TohsakaRin_CN/ogg/voice/chapterfate02/1/tohsakarin/chapterfate02_1_tohsakarin_225.ogg","他到底赊了多少账啊！要不是能报销，咱们肯定得刷盘子刷到昏天黑地了。","StarRailVoice/TohsakaRin_CN/ogg/voice/chapterfate02/1/tohsakarin/chapterfate02_1_tohsakarin_225.ogg","local_research_only; game_asset; do_not_redistribute","TohsakaRin_CN","chapterfate02-1","transcript_source=game_text; match=fuzzy; confidence=0.933; review_required=true"
"tohsakarin_0752e905cc41f6b8","audio/raw/TohsakaRin_CN/ogg/voice/chapterfate02/1/tohsakarin/chapterfate02_1_tohsakarin_226.ogg","本来是想用圣杯解决魔力问题…结果居然在异世界开启了一场奇妙的旅行。","StarRailVoice/TohsakaRin_CN/ogg/voice/chapterfate02/1/tohsakarin/chapterfate02_1_tohsakarin_226.ogg","local_research_only; game_asset; do_not_redistribute","TohsakaRin_CN","chapterfate02-1","transcript_source=game_text; match=fuzzy; confidence=0.984; review_required=true"
"tohsakarin_8c7642fd8bc53d39","audio/raw/TohsakaRin_CN/ogg/voice/chapterfate02/1/tohsakarin/chapterfate02_1_tohsakarin_227.ogg","命途、星神…假如我出生在这片银河，会受到哪位神明瞥视呢？","StarRailVoice/TohsakaRin_CN/ogg/voice/chapterfate02/1/tohsakarin/chapterfate02_1_tohsakarin_227.ogg","local_research_only; game_asset; do_not_redistribute","TohsakaRin_CN","chapterfate02-1","transcript_source=game_text; match=fuzzy; confidence=0.917; review_required=true"
"tohsakarin_0c18f51779d4e3ea","audio/raw/TohsakaRin_CN/ogg/voice/chapterfate02/1/tohsakarin/chapterfate02_1_tohsakarin_228.ogg","嗯…确实是个适合旅者的命途。","StarRailVoice/TohsakaRin_CN/ogg/voice/chapterfate02/1/tohsakarin/chapterfate02_1_tohsakarin_228.ogg","local_research_only; game_asset; do_not_redistribute","TohsakaRin_CN","chapterfate02-1","transcript_source=game_text; match=fuzzy; confidence=0.917; review_required=true"
"tohsakarin_8af01656cc4030b4","audio/raw/TohsakaRin_CN/ogg/voice/chapterfate02/1/tohsakarin/chapterfate02_1_tohsakarin_229_f.ogg","哼哼，{NICKNAME}还真诚实。","StarRailVoice/TohsakaRin_CN/ogg/voice/chapterfate02/1/tohsakarin/chapterfate02_1_tohsakarin_229_f.ogg","local_research_only; game_asset; do_not_redistribute","TohsakaRin_CN","chapterfate02-1","transcript_source=game_text; match=fuzzy; confidence=0.923; review_required=true"
"tohsakarin_ac2fd4807c72f1b3","audio/raw/TohsakaRin_CN/ogg/voice/chapterfate02/1/tohsakarin/chapterfate02_1_tohsakarin_229_m.ogg","哼哼，{NICKNAME}还真诚实。","StarRailVoice/TohsakaRin_CN/ogg/voice/chapterfate02/1/tohsakarin/chapterfate02_1_tohsakarin_229_m.ogg","local_research_only; game_asset; do_not_redistribute","TohsakaRin_CN","chapterfate02-1","transcript_source=game_text; match=fuzzy; confidence=0.923; review_required=true"
"tohsakarin_516cf9b1527ab5e0","audio/raw/TohsakaRin_CN/ogg/voice/chapterfate02/1/tohsakarin/chapterfate02_1_tohsakarin_231.ogg","啊说到这个","StarRailVoice/TohsakaRin_CN/ogg/voice/chapterfate02/1/tohsakarin/chapterfate02_1_tohsakarin_231.ogg","local_research_only; game_asset; do_not_redistribute","TohsakaRin_CN","chapterfate02-1","transcript_source=asr_fallback; match=fuzzy; confidence=0.889; review_required=true"
"tohsakarin_faac67989d275847","audio/raw/TohsakaRin_CN/ogg/voice/chapterfate02/1/tohsakarin/chapterfate02_1_tohsakarin_232.ogg","如果从过去选一枚<color=#dbc291ff>最珍贵的</color>结晶——","StarRailVoice/TohsakaRin_CN/ogg/voice/chapterfate02/1/tohsakarin/chapterfate02_1_tohsakarin_232.ogg","local_research_only; game_asset; do_not_redistribute","TohsakaRin_CN","chapterfate02-1","transcript_source=game_text; match=exact; confidence=1.000; review_required=false"
"tohsakarin_a50145a21bf945be","audio/raw/TohsakaRin_CN/ogg/voice/chapterfate02/1/tohsakarin/chapterfate02_1_tohsakarin_233.ogg","一定是最能代表你的心神的字符你会选什么","StarRailVoice/TohsakaRin_CN/ogg/voice/chapterfate02/1/tohsakarin/chapterfate02_1_tohsakarin_233.ogg","local_research_only; game_asset; do_not_redistribute","TohsakaRin_CN","chapterfate02-1","transcript_source=asr_fallback; match=fuzzy; confidence=0.842; review_required=true"
"tohsakarin_0f5573879030932d","audio/raw/TohsakaRin_CN/ogg/voice/chapterfate02/1/tohsakarin/chapterfate02_1_tohsakarin_234.ogg","球棍啊…肯定蕴含着不可思议的「开拓」之力吧。","StarRailVoice/TohsakaRin_CN/ogg/voice/chapterfate02/1/tohsakarin/chapterfate02_1_tohsakarin_234.ogg","local_research_only; game_asset; do_not_redistribute","TohsakaRin_CN","chapterfate02-1","transcript_source=game_text; match=exact; confidence=1.000; review_required=false"
"tohsakarin_a07159906e941e9c","audio/raw/TohsakaRin_CN/ogg/voice/chapterfate02/1/tohsakarin/chapterfate02_1_tohsakarin_235.ogg","嗯全雷打的c本很帅气","StarRailVoice/TohsakaRin_CN/ogg/voice/chapterfate02/1/tohsakarin/chapterfate02_1_tohsakarin_235.ogg","local_research_only; game_asset; do_not_redistribute","TohsakaRin_CN","chapterfate02-1","transcript_source=asr_fallback; match=none; confidence=0.000; review_required=true"
"tohsakarin_62e9077859adeab3","audio/raw/TohsakaRin_CN/ogg/voice/chapterfate02/1/tohsakarin/chapterfate02_1_tohsakarin_236.ogg","c炎枪…既威风，又蕴含「存护」的力量，确实很适合当宝具…难道是Lancer","StarRailVoice/TohsakaRin_CN/ogg/voice/chapterfate02/1/tohsakarin/chapterfate02_1_tohsakarin_236.ogg","local_research_only; game_asset; do_not_redistribute","TohsakaRin_CN","chapterfate02-1","transcript_source=game_text; match=fuzzy; confidence=0.918; review_required=true"
"tohsakarin_ddfbd5809a5877aa","audio/raw/TohsakaRin_CN/ogg/voice/chapterfate02/1/tohsakarin/chapterfate02_1_tohsakarin_237.ogg","能直接招来星际舰队、甚至「巡猎」光矢的信物吗？难以想象。","StarRailVoice/TohsakaRin_CN/ogg/voice/chapterfate02/1/tohsakarin/chapterfate02_1_tohsakarin_237.ogg","local_research_only; game_asset; do_not_redistribute","TohsakaRin_CN","chapterfate02-1","transcript_source=game_text; match=fuzzy; confidence=0.957; review_required=true"
"tohsakarin_5e592366ac48d1f9","audio/raw/TohsakaRin_CN/ogg/voice/chapterfate02/1/tohsakarin/chapterfate02_1_tohsakarin_238.ogg","说的听起来比较威风但阿茶也不赖啊真难选啊","StarRailVoice/TohsakaRin_CN/ogg/voice/chapterfate02/1/tohsakarin/chapterfate02_1_tohsakarin_238.ogg","local_research_only; game_asset; do_not_redistribute","TohsakaRin_CN","chapterfate02-1","transcript_source=asr_fallback; match=none; confidence=0.000; review_required=true"
"tohsakarin_dc9bc96eefa8b478","audio/raw/TohsakaRin_CN/ogg/voice/chapterfate02/1/tohsakarin/chapterfate02_1_tohsakarin_239.ogg","匹诺康尼之父的遗物，还受到过「同谐」洗礼……","StarRailVoice/TohsakaRin_CN/ogg/voice/chapterfate02/1/tohsakarin/chapterfate02_1_tohsakarin_239.ogg","local_research_only; game_asset; do_not_redistribute","TohsakaRin_CN","chapterfate02-1","transcript_source=game_text; match=fuzzy; confidence=0.941; review_required=true"
"tohsakarin_8ab4293f89c66658","audio/raw/TohsakaRin_CN/ogg/voice/chapterfate02/1/tohsakarin/chapterfate02_1_tohsakarin_240.ogg","如果把匹诺康尼看作魔术阵地说不定会是caaster但考虑到真身不明的译文也可以是阿萨信","StarRailVoice/TohsakaRin_CN/ogg/voice/chapterfate02/1/tohsakarin/chapterfate02_1_tohsakarin_240.ogg","local_research_only; game_asset; do_not_redistribute","TohsakaRin_CN","chapterfate02-1","transcript_source=asr_fallback; match=none; confidence=0.000; review_required=true"
"tohsakarin_0c718337466683d9","audio/raw/TohsakaRin_CN/ogg/voice/chapterfate02/1/tohsakarin/chapterfate02_1_tohsakarin_241.ogg","三千万世的「记忆」，逐火的英雄们……","StarRailVoice/TohsakaRin_CN/ogg/voice/chapterfate02/1/tohsakarin/chapterfate02_1_tohsakarin_241.ogg","local_research_only; game_asset; do_not_redistribute","TohsakaRin_CN","chapterfate02-1","transcript_source=game_text; match=fuzzy; confidence=0.923; review_required=true"
"tohsakarin_9f93552e7cfd6776","audio/raw/TohsakaRin_CN/ogg/voice/chapterfate02/1/tohsakarin/chapterfate02_1_tohsakarin_242.ogg","这么宏伟的史诗，提炼出什么宝具好像都说得通。","StarRailVoice/TohsakaRin_CN/ogg/voice/chapterfate02/1/tohsakarin/chapterfate02_1_tohsakarin_242.ogg","local_research_only; game_asset; do_not_redistribute","TohsakaRin_CN","chapterfate02-1","transcript_source=game_text; match=exact; confidence=1.000; review_required=false"
"tohsakarin_f53e3724fe2b0cdf","audio/raw/TohsakaRin_CN/ogg/voice/chapterfate02/1/tohsakarin/chapterfate02_1_tohsakarin_243.ogg","不可以直接和宝具可直接影响到作战方针哦","StarRailVoice/TohsakaRin_CN/ogg/voice/chapterfate02/1/tohsakarin/chapterfate02_1_tohsakarin_243.ogg","local_research_only; game_asset; do_not_redistribute","TohsakaRin_CN","chapterfate02-1","transcript_source=asr_fallback; match=fuzzy; confidence=0.895; review_required=true"
"tohsakarin_9b03291ccf97d314","audio/raw/TohsakaRin_CN/ogg/voice/chapterfate02/1/tohsakarin/chapterfate02_1_tohsakarin_244.ogg","当然，但我们也得搞清楚你的实力——这可直接影响到作战方针哦？","StarRailVoice/TohsakaRin_CN/ogg/voice/chapterfate02/1/tohsakarin/chapterfate02_1_tohsakarin_244.ogg","local_research_only; game_asset; do_not_redistribute","TohsakaRin_CN","chapterfate02-1","transcript_source=game_text; match=exact; confidence=1.000; review_required=false"
"tohsakarin_4908e315c7d7cfe5","audio/raw/TohsakaRin_CN/ogg/voice/chapterfate02/1/tohsakarin/chapterfate02_1_tohsakarin_245.ogg","既然要并肩作战，当然要搞清楚搭档的实力才行吧？这可直接影响到作战方针哦？","StarRailVoice/TohsakaRin_CN/ogg/voice/chapterfate02/1/tohsakarin/chapterfate02_1_tohsakarin_245.ogg","local_research_only; game_asset; do_not_redistribute","TohsakaRin_CN","chapterfate02-1","transcript_source=game_text; match=exact; confidence=1.000; review_required=false"
"tohsakarin_ee96c50d991538c2","audio/raw/TohsakaRin_CN/ogg/voice/chapterfate02/1/tohsakarin/chapterfate02_1_tohsakarin_246.ogg","你还是不行吗也不是第一次了","StarRailVoice/TohsakaRin_CN/ogg/voice/chapterfate02/1/tohsakarin/chapterfate02_1_tohsakarin_246.ogg","local_research_only; game_asset; do_not_redistribute","TohsakaRin_CN","chapterfate02-1","transcript_source=asr_fallback; match=fuzzy; confidence=0.880; review_required=true"
"tohsakarin_47deb7041d55648b","audio/raw/TohsakaRin_CN/ogg/voice/chapterfate02/1/tohsakarin/chapterfate02_1_tohsakarin_247.ogg","来日方长。而且，既然是我的从者，那就一定是最强的。","StarRailVoice/TohsakaRin_CN/ogg/voice/chapterfate02/1/tohsakarin/chapterfate02_1_tohsakarin_247.ogg","local_research_only; game_asset; do_not_redistribute","TohsakaRin_CN","chapterfate02-1","transcript_source=game_text; match=exact; confidence=1.000; review_required=false"
"tohsakarin_ff845981ec96b4c0","audio/raw/TohsakaRin_CN/ogg/voice/chapterfate02/1/tohsakarin/chapterfate02_1_tohsakarin_248.ogg","作为报答…也让你看看我的秘密武器好了。","StarRailVoice/TohsakaRin_CN/ogg/voice/chapterfate02/1/tohsakarin/chapterfate02_1_tohsakarin_248.ogg","local_research_only; game_asset; do_not_redistribute","TohsakaRin_CN","chapterfate02-1","transcript_source=game_text; match=fuzzy; confidence=0.941; review_required=true"
"tohsakarin_5896337870a928c1","audio/raw/TohsakaRin_CN/ogg/voice/chapterfate02/1/tohsakarin/chapterfate02_1_tohsakarin_249.ogg","这可不是普通的首饰，而是神赐的珍宝——","StarRailVoice/TohsakaRin_CN/ogg/voice/chapterfate02/1/tohsakarin/chapterfate02_1_tohsakarin_249.ogg","local_research_only; game_asset; do_not_redistribute","TohsakaRin_CN","chapterfate02-1","transcript_source=game_text; match=exact; confidence=1.000; review_required=false"
"tohsakarin_cb49d708be93ac2f","audio/raw/TohsakaRin_CN/ogg/voice/chapterfate02/1/tohsakarin/chapterfate02_1_tohsakarin_250.ogg","金星之护佑古代美索布达米亚风瓤战争与美之女神金星的女主人伊斯塔尔的赐福","StarRailVoice/TohsakaRin_CN/ogg/voice/chapterfate02/1/tohsakarin/chapterfate02_1_tohsakarin_250.ogg","local_research_only; game_asset; do_not_redistribute","TohsakaRin_CN","chapterfate02-1","transcript_source=asr_fallback; match=none; confidence=0.000; review_required=true"
"tohsakarin_46267510ff105846","audio/raw/TohsakaRin_CN/ogg/voice/chapterfate02/1/tohsakarin/chapterfate02_1_tohsakarin_251.ogg","…我、我想听的不是这个啦！","StarRailVoice/TohsakaRin_CN/ogg/voice/chapterfate02/1/tohsakarin/chapterfate02_1_tohsakarin_251.ogg","local_research_only; game_asset; do_not_redistribute","TohsakaRin_CN","chapterfate02-1","transcript_source=game_text; match=exact; confidence=1.000; review_required=false"
"tohsakarin_b66aa319cb5c9da9","audio/raw/TohsakaRin_CN/ogg/voice/chapterfate02/1/tohsakarin/chapterfate02_1_tohsakarin_252.ogg","这个嘛，大概算{RUBY_B#脱胎于传说历史的概念兵器}概念武装{RUBY_E#}吧。","StarRailVoice/TohsakaRin_CN/ogg/voice/chapterfate02/1/tohsakarin/chapterfate02_1_tohsakarin_252.ogg","local_research_only; game_asset; do_not_redistribute","TohsakaRin_CN","chapterfate02-1","transcript_source=game_text; match=exact; confidence=1.000; review_required=false"
"tohsakarin_60bf89234a2e9968","audio/raw/TohsakaRin_CN/ogg/voice/chapterfate02/1/tohsakarin/chapterfate02_1_tohsakarin_253.ogg","说回神话只要他同意我就可以驱动大公天舟玛安娜把金星金星哦给我给我的发射出去","StarRailVoice/TohsakaRin_CN/ogg/voice/chapterfate02/1/tohsakarin/chapterfate02_1_tohsakarin_253.ogg","local_research_only; game_asset; do_not_redistribute","TohsakaRin_CN","chapterfate02-1","transcript_source=asr_fallback; match=fuzzy; confidence=0.743; review_required=true"
"tohsakarin_1a8456e7dadadb1b","audio/raw/TohsakaRin_CN/ogg/voice/chapterfate02/1/tohsakarin/chapterfate02_1_tohsakarin_254.ogg","他当时是这么问的渴望力量吗哼你感受一下星球球级的破坏力也不是不行但作为代价你走过的土地都将标上我的记号居民也都将成为我的玩物哦","StarRailVoice/TohsakaRin_CN/ogg/voice/chapterfate02/1/tohsakarin/chapterfate02_1_tohsakarin_254.ogg","local_research_only; game_asset; do_not_redistribute","TohsakaRin_CN","chapterfate02-1","transcript_source=asr_fallback; match=fuzzy; confidence=0.762; review_required=true"
"tohsakarin_9890e4f01e0d05d2","audio/raw/TohsakaRin_CN/ogg/voice/chapterfate02/1/tohsakarin/chapterfate02_1_tohsakarin_255.ogg","于是我说：「真的？！我要！」","StarRailVoice/TohsakaRin_CN/ogg/voice/chapterfate02/1/tohsakarin/chapterfate02_1_tohsakarin_255.ogg","local_research_only; game_asset; do_not_redistribute","TohsakaRin_CN","chapterfate02-1","transcript_source=game_text; match=exact; confidence=1.000; review_required=false"
"tohsakarin_1bae42f9855cd935","audio/raw/TohsakaRin_CN/ogg/voice/chapterfate02/1/tohsakarin/chapterfate02_1_tohsakarin_256.ogg","事就这么成了。厉害吧？","StarRailVoice/TohsakaRin_CN/ogg/voice/chapterfate02/1/tohsakarin/chapterfate02_1_tohsakarin_256.ogg","local_research_only; game_asset; do_not_redistribute","TohsakaRin_CN","chapterfate02-1","transcript_source=game_text; match=fuzzy; confidence=0.947; review_required=true"
"tohsakarin_99ba0901c88dafa4","audio/raw/TohsakaRin_CN/ogg/voice/chapterfate02/1/tohsakarin/chapterfate02_1_tohsakarin_257.ogg","那可是星球级的破坏力欸！你难道不想体验一次吗？","StarRailVoice/TohsakaRin_CN/ogg/voice/chapterfate02/1/tohsakarin/chapterfate02_1_tohsakarin_257.ogg","local_research_only; game_asset; do_not_redistribute","TohsakaRin_CN","chapterfate02-1","transcript_source=game_text; match=fuzzy; confidence=0.952; review_required=true"
"tohsakarin_7ecf674cf7abf6b7","audio/raw/TohsakaRin_CN/ogg/voice/chapterfate02/1/tohsakarin/chapterfate02_1_tohsakarin_258.ogg","对吧对吧，星球级的破坏力欸，没人能拒绝的。","StarRailVoice/TohsakaRin_CN/ogg/voice/chapterfate02/1/tohsakarin/chapterfate02_1_tohsakarin_258.ogg","local_research_only; game_asset; do_not_redistribute","TohsakaRin_CN","chapterfate02-1","transcript_source=game_text; match=fuzzy; confidence=0.944; review_required=true"
"tohsakarin_fd1205553b0bcbae","audio/raw/TohsakaRin_CN/ogg/voice/chapterfate02/1/tohsakarin/chapterfate02_1_tohsakarin_259.ogg","再说了，远在其他宇宙，就算我们变成玩具，她也根本玩不过来啦。","StarRailVoice/TohsakaRin_CN/ogg/voice/chapterfate02/1/tohsakarin/chapterfate02_1_tohsakarin_259.ogg","local_research_only; game_asset; do_not_redistribute","TohsakaRin_CN","chapterfate02-1","transcript_source=game_text; match=fuzzy; confidence=0.923; review_required=true"
"tohsakarin_8466617ee4bc163e","audio/raw/TohsakaRin_CN/ogg/voice/chapterfate02/1/tohsakarin/chapterfate02_1_tohsakarin_260.ogg","反倒是附加条款更肉疼——每次必须上贡十枚蕴含十年魔力的宝石——当钱都是大风刮来的嘛。","StarRailVoice/TohsakaRin_CN/ogg/voice/chapterfate02/1/tohsakarin/chapterfate02_1_tohsakarin_260.ogg","local_research_only; game_asset; do_not_redistribute","TohsakaRin_CN","chapterfate02-1","transcript_source=game_text; match=fuzzy; confidence=0.933; review_required=true"
"tohsakarin_da11837565ea28c7","audio/raw/TohsakaRin_CN/ogg/voice/chapterfate02/1/tohsakarin/chapterfate02_1_tohsakarin_261.ogg","话是这么说…但实在漫天要价，我还从来没用过这个必杀技呢。","StarRailVoice/TohsakaRin_CN/ogg/voice/chapterfate02/1/tohsakarin/chapterfate02_1_tohsakarin_261.ogg","local_research_only; game_asset; do_not_redistribute","TohsakaRin_CN","chapterfate02-1","transcript_source=game_text; match=fuzzy; confidence=0.960; review_required=true"
"tohsakarin_30d2158e1b3d8660","audio/raw/TohsakaRin_CN/ogg/voice/chapterfate02/1/tohsakarin/chapterfate02_1_tohsakarin_262.ogg","是啊，漫天要价。我还从来没用过这个必杀技呢。","StarRailVoice/TohsakaRin_CN/ogg/voice/chapterfate02/1/tohsakarin/chapterfate02_1_tohsakarin_262.ogg","local_research_only; game_asset; do_not_redistribute","TohsakaRin_CN","chapterfate02-1","transcript_source=game_text; match=exact; confidence=1.000; review_required=false"
"tohsakarin_dea16f87134f4fe1","audio/raw/TohsakaRin_CN/ogg/voice/chapterfate02/1/tohsakarin/chapterfate02_1_tohsakarin_263.ogg","是啊，漫天要价。我还从来没用过这个必杀技呢。","StarRailVoice/TohsakaRin_CN/ogg/voice/chapterfate02/1/tohsakarin/chapterfate02_1_tohsakarin_263.ogg","local_research_only; game_asset; do_not_redistribute","TohsakaRin_CN","chapterfate02-1","transcript_source=game_text; match=exact; confidence=1.000; review_required=false"
"tohsakarin_bd60f15d631b482a","audio/raw/TohsakaRin_CN/ogg/voice/chapterfate02/1/tohsakarin/chapterfate02_1_tohsakarin_264.ogg","嘘那是我偷偷用的别被他听见要遭惩罚的","StarRailVoice/TohsakaRin_CN/ogg/voice/chapterfate02/1/tohsakarin/chapterfate02_1_tohsakarin_264.ogg","local_research_only; game_asset; do_not_redistribute","TohsakaRin_CN","chapterfate02-1","transcript_source=asr_fallback; match=fuzzy; confidence=0.889; review_required=true"
"tohsakarin_424e23552270bb33","audio/raw/TohsakaRin_CN/ogg/voice/chapterfate02/1/tohsakarin/chapterfate02_1_tohsakarin_265.ogg","虽然很不想承认，但她和我很像，强硬又任性；明明是善神，却又时常展露出冷酷的一面——","StarRailVoice/TohsakaRin_CN/ogg/voice/chapterfate02/1/tohsakarin/chapterfate02_1_tohsakarin_265.ogg","local_research_only; game_asset; do_not_redistribute","TohsakaRin_CN","chapterfate02-1","transcript_source=game_text; match=fuzzy; confidence=0.971; review_required=true"
"tohsakarin_7fd6756d3756ef1c","audio/raw/TohsakaRin_CN/ogg/voice/chapterfate02/1/tohsakarin/chapterfate02_1_tohsakarin_266.ogg","毕竟传闻中的伊石塔尔可是这样的只因为没得到英雄王回应他就派自己的宠物引发了大灾害两人也结下是仇","StarRailVoice/TohsakaRin_CN/ogg/voice/chapterfate02/1/tohsakarin/chapterfate02_1_tohsakarin_266.ogg","local_research_only; game_asset; do_not_redistribute","TohsakaRin_CN","chapterfate02-1","transcript_source=asr_fallback; match=fuzzy; confidence=0.756; review_required=true"
"tohsakarin_eeba8f6458f363ad","audio/raw/TohsakaRin_CN/ogg/voice/chapterfate02/1/tohsakarin/chapterfate02_1_tohsakarin_267.ogg","所以…这次要是真遇上{RUBY_B#英雄王}他{RUBY_E#}，肯定会爆发大战的。","StarRailVoice/TohsakaRin_CN/ogg/voice/chapterfate02/1/tohsakarin/chapterfate02_1_tohsakarin_267.ogg","local_research_only; game_asset; do_not_redistribute","TohsakaRin_CN","chapterfate02-1","transcript_source=game_text; match=exact; confidence=1.000; review_required=false"
"tohsakarin_cd7a113aa8bf5c16","audio/raw/TohsakaRin_CN/ogg/voice/chapterfate02/1/tohsakarin/chapterfate02_1_tohsakarin_268.ogg","啊！","StarRailVoice/TohsakaRin_CN/ogg/voice/chapterfate02/1/tohsakarin/chapterfate02_1_tohsakarin_268.ogg","local_research_only; game_asset; do_not_redistribute","TohsakaRin_CN","chapterfate02-1","transcript_source=game_text; match=exact; confidence=1.000; review_required=false"
"tohsakarin_7b497333a0d133ff","audio/raw/TohsakaRin_CN/ogg/voice/chapterfate02/1/tohsakarin/chapterfate02_1_tohsakarin_269.ogg","K…知道了。不过，我不是什么弱女子，可没打算拖后腿","StarRailVoice/TohsakaRin_CN/ogg/voice/chapterfate02/1/tohsakarin/chapterfate02_1_tohsakarin_269.ogg","local_research_only; game_asset; do_not_redistribute","TohsakaRin_CN","chapterfate02-1","transcript_source=game_text; match=contains; confidence=0.900; review_required=false"
"tohsakarin_eac773746cc788fd","audio/raw/TohsakaRin_CN/ogg/voice/chapterfate02/1/tohsakarin/chapterfate02_1_tohsakarin_270.ogg","让我们一起优雅从容的面对吧就算我们都深受各自神明青睐自己的人生也还是要亲手开拓对吧","StarRailVoice/TohsakaRin_CN/ogg/voice/chapterfate02/1/tohsakarin/chapterfate02_1_tohsakarin_270.ogg","local_research_only; game_asset; do_not_redistribute","TohsakaRin_CN","chapterfate02-1","transcript_source=asr_fallback; match=fuzzy; confidence=0.776; review_required=true"
"tohsakarin_7be3597d4b2b142c","audio/raw/TohsakaRin_CN/ogg/voice/chapterfate02/1/tohsakarin/chapterfate02_1_tohsakarin_271.ogg","（可恶…这不是又搞砸了吗…！）","StarRailVoice/TohsakaRin_CN/ogg/voice/chapterfate02/1/tohsakarin/chapterfate02_1_tohsakarin_271.ogg","local_research_only; game_asset; do_not_redistribute","TohsakaRin_CN","chapterfate02-1","transcript_source=game_text; match=exact; confidence=1.000; review_required=false"
"tohsakarin_e6378762bf6261c3","audio/raw/TohsakaRin_CN/ogg/voice/chapterfate02/1/tohsakarin/chapterfate02_1_tohsakarin_272.ogg","因此身为御主我在此向你我的从者正式提出请求无论如何接下来的七天内还请尽可能协助我离开这个世界","StarRailVoice/TohsakaRin_CN/ogg/voice/chapterfate02/1/tohsakarin/chapterfate02_1_tohsakarin_272.ogg","local_research_only; game_asset; do_not_redistribute","TohsakaRin_CN","chapterfate02-1","transcript_source=asr_fallback; match=none; confidence=0.000; review_required=true"
"tohsakarin_90c2556c3e61c3fa","audio/raw/TohsakaRin_CN/ogg/voice/chapterfate02/1/tohsakarin/chapterfate02_1_tohsakarin_273.ogg","「库兰的猛犬」怎么会在这里？而且，你居然认得我，难道……","StarRailVoice/TohsakaRin_CN/ogg/voice/chapterfate02/1/tohsakarin/chapterfate02_1_tohsakarin_273.ogg","local_research_only; game_asset; do_not_redistribute","TohsakaRin_CN","chapterfate02-1","transcript_source=game_text; match=fuzzy; confidence=0.952; review_required=true"
"tohsakarin_305d6d3cf3824ecb","audio/raw/TohsakaRin_CN/ogg/voice/chapterfate02/2/tohsakarin/chapterfate02_2_tohsakarin_101.ogg","强光","StarRailVoice/TohsakaRin_CN/ogg/voice/chapterfate02/2/tohsakarin/chapterfate02_2_tohsakarin_101.ogg","local_research_only; game_asset; do_not_redistribute","TohsakaRin_CN","chapterfate02-2","transcript_source=asr_fallback; match=none; confidence=0.000; review_required=true"
"tohsakarin_86e7df55a8a7e654","audio/raw/TohsakaRin_CN/ogg/voice/chapterfate02/2/tohsakarin/chapterfate02_2_tohsakarin_102.ogg","大海","StarRailVoice/TohsakaRin_CN/ogg/voice/chapterfate02/2/tohsakarin/chapterfate02_2_tohsakarin_102.ogg","local_research_only; game_asset; do_not_redistribute","TohsakaRin_CN","chapterfate02-2","transcript_source=game_text; match=exact; confidence=1.000; review_required=false"
"tohsakarin_3186994e9e030625","audio/raw/TohsakaRin_CN/ogg/voice/chapterfate02/2/tohsakarin/chapterfate02_2_tohsakarin_103.ogg","<size=36>沙滩！</size>","StarRailVoice/TohsakaRin_CN/ogg/voice/chapterfate02/2/tohsakarin/chapterfate02_2_tohsakarin_103.ogg","local_research_only; game_asset; do_not_redistribute","TohsakaRin_CN","chapterfate02-2","transcript_source=game_text; match=exact; confidence=1.000; review_required=false"
"tohsakarin_88110b6753289db6","audio/raw/TohsakaRin_CN/ogg/voice/chapterfate02/2/tohsakarin/chapterfate02_2_tohsakarin_104.ogg","海源士我们来了","StarRailVoice/TohsakaRin_CN/ogg/voice/chapterfate02/2/tohsakarin/chapterfate02_2_tohsakarin_104.ogg","local_research_only; game_asset; do_not_redistribute","TohsakaRin_CN","chapterfate02-2","transcript_source=asr_fallback; match=fuzzy; confidence=0.727; review_required=true"
"tohsakarin_e122ed5dd73b1f1f","audio/raw/TohsakaRin_CN/ogg/voice/chapterfate02/2/tohsakarin/chapterfate02_2_tohsakarin_105.ogg","这知道了这不是苦中作乐吗","StarRailVoice/TohsakaRin_CN/ogg/voice/chapterfate02/2/tohsakarin/chapterfate02_2_tohsakarin_105.ogg","local_research_only; game_asset; do_not_redistribute","TohsakaRin_CN","chapterfate02-2","transcript_source=asr_fallback; match=fuzzy; confidence=0.750; review_required=true"
"tohsakarin_f85539701f74e319","audio/raw/TohsakaRin_CN/ogg/voice/chapterfate02/2/tohsakarin/chapterfate02_2_tohsakarin_107.ogg","要对付castter了呀啊心情沉重起来了","StarRailVoice/TohsakaRin_CN/ogg/voice/chapterfate02/2/tohsakarin/chapterfate02_2_tohsakarin_107.ogg","local_research_only; game_asset; do_not_redistribute","TohsakaRin_CN","chapterfate02-2","transcript_source=asr_fallback; match=none; confidence=0.000; review_required=true"
"tohsakarin_233a6b879985344a","audio/raw/TohsakaRin_CN/ogg/voice/chapterfate02/2/tohsakarin/chapterfate02_2_tohsakarin_108.ogg","嗯话说回来怎么只有你啊蓝sir","StarRailVoice/TohsakaRin_CN/ogg/voice/chapterfate02/2/tohsakarin/chapterfate02_2_tohsakarin_108.ogg","local_research_only; game_asset; do_not_redistribute","TohsakaRin_CN","chapterfate02-2","transcript_source=asr_fallback; match=none; confidence=0.000; review_required=true"
"tohsakarin_a4c19d7f55f77e53","audio/raw/TohsakaRin_CN/ogg/voice/chapterfate02/2/tohsakarin/chapterfate02_2_tohsakarin_109.ogg","真会找借口……","StarRailVoice/TohsakaRin_CN/ogg/voice/chapterfate02/2/tohsakarin/chapterfate02_2_tohsakarin_109.ogg","local_research_only; game_asset; do_not_redistribute","TohsakaRin_CN","chapterfate02-2","transcript_source=game_text; match=exact; confidence=1.000; review_required=false"
"tohsakarin_165dca1a6a3ccfc1","audio/raw/TohsakaRin_CN/ogg/voice/chapterfate02/2/tohsakarin/chapterfate02_2_tohsakarin_110.ogg","这两位就是……","StarRailVoice/TohsakaRin_CN/ogg/voice/chapterfate02/2/tohsakarin/chapterfate02_2_tohsakarin_110.ogg","local_research_only; game_asset; do_not_redistribute","TohsakaRin_CN","chapterfate02-2","transcript_source=game_text; match=fuzzy; confidence=0.909; review_required=true"
"tohsakarin_bd4bf023e62a5bc0","audio/raw/TohsakaRin_CN/ogg/voice/chapterfate02/2/tohsakarin/chapterfate02_2_tohsakarin_111.ogg","…传说中的大魔女，居然是个小女孩？","StarRailVoice/TohsakaRin_CN/ogg/voice/chapterfate02/2/tohsakarin/chapterfate02_2_tohsakarin_111.ogg","local_research_only; game_asset; do_not_redistribute","TohsakaRin_CN","chapterfate02-2","transcript_source=game_text; match=fuzzy; confidence=0.966; review_required=true"
"tohsakarin_69f15e0b33ba2727","audio/raw/TohsakaRin_CN/ogg/voice/chapterfate02/2/tohsakarin/chapterfate02_2_tohsakarin_112.ogg","…我该先从哪里开始吐槽？","StarRailVoice/TohsakaRin_CN/ogg/voice/chapterfate02/2/tohsakarin/chapterfate02_2_tohsakarin_112.ogg","local_research_only; game_asset; do_not_redistribute","TohsakaRin_CN","chapterfate02-2","transcript_source=game_text; match=fuzzy; confidence=0.952; review_required=true"
"tohsakarin_bc22bc123ba9961e","audio/raw/TohsakaRin_CN/ogg/voice/chapterfate02/2/tohsakarin/chapterfate02_2_tohsakarin_113.ogg","这什么群？","StarRailVoice/TohsakaRin_CN/ogg/voice/chapterfate02/2/tohsakarin/chapterfate02_2_tohsakarin_113.ogg","local_research_only; game_asset; do_not_redistribute","TohsakaRin_CN","chapterfate02-2","transcript_source=game_text; match=contains; confidence=0.900; review_required=false"
"tohsakarin_7b3469fa23e0390d","audio/raw/TohsakaRin_CN/ogg/voice/chapterfate02/2/tohsakarin/chapterfate02_2_tohsakarin_114.ogg","呵…好久没见到这种肉眼难以捕捉，只能靠直觉应对的拳法了啊。","StarRailVoice/TohsakaRin_CN/ogg/voice/chapterfate02/2/tohsakarin/chapterfate02_2_tohsakarin_114.ogg","local_research_only; game_asset; do_not_redistribute","TohsakaRin_CN","chapterfate02-2","transcript_source=game_text; match=fuzzy; confidence=0.923; review_required=true"
"tohsakarin_0fb650030526ee7c","audio/raw/TohsakaRin_CN/ogg/voice/chapterfate02/2/tohsakarin/chapterfate02_2_tohsakarin_115.ogg","嗯你认得我","StarRailVoice/TohsakaRin_CN/ogg/voice/chapterfate02/2/tohsakarin/chapterfate02_2_tohsakarin_115.ogg","local_research_only; game_asset; do_not_redistribute","TohsakaRin_CN","chapterfate02-2","transcript_source=asr_fallback; match=fuzzy; confidence=0.889; review_required=true"
"tohsakarin_7a0a7de8795e3b13","audio/raw/TohsakaRin_CN/ogg/voice/chapterfate02/2/tohsakarin/chapterfate02_2_tohsakarin_116.ogg","真不可思议……","StarRailVoice/TohsakaRin_CN/ogg/voice/chapterfate02/2/tohsakarin/chapterfate02_2_tohsakarin_116.ogg","local_research_only; game_asset; do_not_redistribute","TohsakaRin_CN","chapterfate02-2","transcript_source=game_text; match=fuzzy; confidence=0.909; review_required=true"
"tohsakarin_f51e4bf0ba0a7b0a","audio/raw/TohsakaRin_CN/ogg/voice/chapterfate02/2/tohsakarin/chapterfate02_2_tohsakarin_117.ogg","哼，哪里的话……","StarRailVoice/TohsakaRin_CN/ogg/voice/chapterfate02/2/tohsakarin/chapterfate02_2_tohsakarin_117.ogg","local_research_only; game_asset; do_not_redistribute","TohsakaRin_CN","chapterfate02-2","transcript_source=game_text; match=exact; confidence=1.000; review_required=false"
"tohsakarin_ca3919d93ffa2ad9","audio/raw/TohsakaRin_CN/ogg/voice/chapterfate02/2/tohsakarin/chapterfate02_2_tohsakarin_118.ogg","我只是可惜…这下没法轻松通关了啊。","StarRailVoice/TohsakaRin_CN/ogg/voice/chapterfate02/2/tohsakarin/chapterfate02_2_tohsakarin_118.ogg","local_research_only; game_asset; do_not_redistribute","TohsakaRin_CN","chapterfate02-2","transcript_source=game_text; match=fuzzy; confidence=0.933; review_required=true"
"tohsakarin_674610066b2228d0","audio/raw/TohsakaRin_CN/ogg/voice/chapterfate02/2/tohsakarin/chapterfate02_2_tohsakarin_124.ogg","刚才你说「行胜于言」，我完全同意。所以，也请让我来亲身示范吧……","StarRailVoice/TohsakaRin_CN/ogg/voice/chapterfate02/2/tohsakarin/chapterfate02_2_tohsakarin_124.ogg","local_research_only; game_asset; do_not_redistribute","TohsakaRin_CN","chapterfate02-2","transcript_source=game_text; match=exact; confidence=1.000; review_required=false"
"tohsakarin_e90369fe27c24651","audio/raw/TohsakaRin_CN/ogg/voice/chapterfate02/2/tohsakarin/chapterfate02_2_tohsakarin_125.ogg","接下来","StarRailVoice/TohsakaRin_CN/ogg/voice/chapterfate02/2/tohsakarin/chapterfate02_2_tohsakarin_125.ogg","local_research_only; game_asset; do_not_redistribute","TohsakaRin_CN","chapterfate02-2","transcript_source=game_text; match=exact; confidence=1.000; review_required=false"
"tohsakarin_bad99bf7349f72ae","audio/raw/TohsakaRin_CN/ogg/voice/chapterfate02/2/tohsakarin/chapterfate02_2_tohsakarin_126.ogg","<size=32>敬请欣赏——</size>","StarRailVoice/TohsakaRin_CN/ogg/voice/chapterfate02/2/tohsakarin/chapterfate02_2_tohsakarin_126.ogg","local_research_only; game_asset; do_not_redistribute","TohsakaRin_CN","chapterfate02-2","transcript_source=game_text; match=exact; confidence=1.000; review_required=false"
"tohsakarin_3c96fdeef13f9db7","audio/raw/TohsakaRin_CN/ogg/voice/chapterfate02/2/tohsakarin/chapterfate02_2_tohsakarin_127.ogg","<size=36>本人潜心多年的研究成果——</size>","StarRailVoice/TohsakaRin_CN/ogg/voice/chapterfate02/2/tohsakarin/chapterfate02_2_tohsakarin_127.ogg","local_research_only; game_asset; do_not_redistribute","TohsakaRin_CN","chapterfate02-2","transcript_source=game_text; match=exact; confidence=1.000; review_required=false"
"tohsakarin_57819fa3c22156a4","audio/raw/TohsakaRin_CN/ogg/voice/chapterfate02/2/tohsakarin/chapterfate02_2_tohsakarin_128.ogg","<size=36>自在远坂流•宝石之火箭炮——！</size>","StarRailVoice/TohsakaRin_CN/ogg/voice/chapterfate02/2/tohsakarin/chapterfate02_2_tohsakarin_128.ogg","local_research_only; game_asset; do_not_redistribute","TohsakaRin_CN","chapterfate02-2","transcript_source=game_text; match=fuzzy; confidence=0.957; review_required=true"
"tohsakarin_d975d99b7ef08035","audio/raw/TohsakaRin_CN/ogg/voice/chapterfate02/2/tohsakarin/chapterfate02_2_tohsakarin_129.ogg","哼哼，终于用出这招了！","StarRailVoice/TohsakaRin_CN/ogg/voice/chapterfate02/2/tohsakarin/chapterfate02_2_tohsakarin_129.ogg","local_research_only; game_asset; do_not_redistribute","TohsakaRin_CN","chapterfate02-2","transcript_source=game_text; match=contains; confidence=0.900; review_required=false"
"tohsakarin_4b67bdb12fdad4f3","audio/raw/TohsakaRin_CN/ogg/voice/chapterfate02/2/tohsakarin/chapterfate02_2_tohsakarin_130.ogg","啊明明很帅","StarRailVoice/TohsakaRin_CN/ogg/voice/chapterfate02/2/tohsakarin/chapterfate02_2_tohsakarin_130.ogg","local_research_only; game_asset; do_not_redistribute","TohsakaRin_CN","chapterfate02-2","transcript_source=asr_fallback; match=fuzzy; confidence=0.889; review_required=true"
"tohsakarin_c9e08bb973688aea","audio/raw/TohsakaRin_CN/ogg/voice/chapterfate02/2/tohsakarin/chapterfate02_2_tohsakarin_131.ogg","还真是挑了个最宏大的问题……","StarRailVoice/TohsakaRin_CN/ogg/voice/chapterfate02/2/tohsakarin/chapterfate02_2_tohsakarin_131.ogg","local_research_only; game_asset; do_not_redistribute","TohsakaRin_CN","chapterfate02-2","transcript_source=game_text; match=fuzzy; confidence=0.960; review_required=true"
"tohsakarin_f7d329c0665bca6d","audio/raw/TohsakaRin_CN/ogg/voice/chapterfate02/2/tohsakarin/chapterfate02_2_tohsakarin_132.ogg","根源这是所有魔术师追求的终极真理记载一切事物的起因过程终结的存在魔术的本质和命途没有区别都是对某种概念的实践和重现","StarRailVoice/TohsakaRin_CN/ogg/voice/chapterfate02/2/tohsakarin/chapterfate02_2_tohsakarin_132.ogg","local_research_only; game_asset; do_not_redistribute","TohsakaRin_CN","chapterfate02-2","transcript_source=asr_fallback; match=fuzzy; confidence=0.848; review_required=true"
"tohsakarin_8c550fc947a27edc","audio/raw/TohsakaRin_CN/ogg/voice/chapterfate02/2/tohsakarin/chapterfate02_2_tohsakarin_133.ogg","用你们的世界观理解相当于是所有命途的起点吧我们想要回到那里而你们的目标是抵达尽头","StarRailVoice/TohsakaRin_CN/ogg/voice/chapterfate02/2/tohsakarin/chapterfate02_2_tohsakarin_133.ogg","local_research_only; game_asset; do_not_redistribute","TohsakaRin_CN","chapterfate02-2","transcript_source=asr_fallback; match=none; confidence=0.000; review_required=true"
"tohsakarin_e6911dd176376a87","audio/raw/TohsakaRin_CN/ogg/voice/chapterfate02/2/tohsakarin/chapterfate02_2_tohsakarin_134.ogg","不愧是天才许多魔术师当然也明白却还是像不懂放弃的傻瓜一样夜以继日的追求一代又一代","StarRailVoice/TohsakaRin_CN/ogg/voice/chapterfate02/2/tohsakarin/chapterfate02_2_tohsakarin_134.ogg","local_research_only; game_asset; do_not_redistribute","TohsakaRin_CN","chapterfate02-2","transcript_source=asr_fallback; match=none; confidence=0.000; review_required=true"
"tohsakarin_8d7efbdaf2247cfe","audio/raw/TohsakaRin_CN/ogg/voice/chapterfate02/2/tohsakarin/chapterfate02_2_tohsakarin_135.ogg","很遗憾，我也是其中之一。","StarRailVoice/TohsakaRin_CN/ogg/voice/chapterfate02/2/tohsakarin/chapterfate02_2_tohsakarin_135.ogg","local_research_only; game_asset; do_not_redistribute","TohsakaRin_CN","chapterfate02-2","transcript_source=game_text; match=exact; confidence=1.000; review_required=false"
"tohsakarin_e7ba09e320b7b5a1","audio/raw/TohsakaRin_CN/ogg/voice/chapterfate02/2/tohsakarin/chapterfate02_2_tohsakarin_136.ogg","嗯？理由很简单呀。","StarRailVoice/TohsakaRin_CN/ogg/voice/chapterfate02/2/tohsakarin/chapterfate02_2_tohsakarin_136.ogg","local_research_only; game_asset; do_not_redistribute","TohsakaRin_CN","chapterfate02-2","transcript_source=game_text; match=exact; confidence=1.000; review_required=false"
"tohsakarin_3d51afea2b8ac820","audio/raw/TohsakaRin_CN/ogg/voice/chapterfate02/2/tohsakarin/chapterfate02_2_tohsakarin_137.ogg","诶所见略同","StarRailVoice/TohsakaRin_CN/ogg/voice/chapterfate02/2/tohsakarin/chapterfate02_2_tohsakarin_137.ogg","local_research_only; game_asset; do_not_redistribute","TohsakaRin_CN","chapterfate02-2","transcript_source=asr_fallback; match=fuzzy; confidence=0.889; review_required=true"
"tohsakarin_d7038d6ecd65a56b","audio/raw/TohsakaRin_CN/ogg/voice/chapterfate02/2/tohsakarin/chapterfate02_2_tohsakarin_138.ogg","因为这么做很开心什么本质都是为享乐而生的守财奴如果明知有去却不去做不是很亏吗","StarRailVoice/TohsakaRin_CN/ogg/voice/chapterfate02/2/tohsakarin/chapterfate02_2_tohsakarin_138.ogg","local_research_only; game_asset; do_not_redistribute","TohsakaRin_CN","chapterfate02-2","transcript_source=asr_fallback; match=none; confidence=0.000; review_required=true"
"tohsakarin_28fe1b75d5262322","audio/raw/TohsakaRin_CN/ogg/voice/chapterfate02/2/tohsakarin/chapterfate02_2_tohsakarin_139.ogg","英雄王…吉尔伽美什？！","StarRailVoice/TohsakaRin_CN/ogg/voice/chapterfate02/2/tohsakarin/chapterfate02_2_tohsakarin_139.ogg","local_research_only; game_asset; do_not_redistribute","TohsakaRin_CN","chapterfate02-2","transcript_source=game_text; match=exact; confidence=1.000; review_required=false"
"tohsakarin_9b87d7ef046c669e","audio/raw/TohsakaRin_CN/ogg/voice/chapterfate02/2/tohsakarin/chapterfate02_2_tohsakarin_140.ogg","谁，我？","StarRailVoice/TohsakaRin_CN/ogg/voice/chapterfate02/2/tohsakarin/chapterfate02_2_tohsakarin_140.ogg","local_research_only; game_asset; do_not_redistribute","TohsakaRin_CN","chapterfate02-2","transcript_source=game_text; match=exact; confidence=1.000; review_required=false"
"tohsakarin_495679e7fc7cf7a7","audio/raw/TohsakaRin_CN/ogg/voice/chapterfate02/2/tohsakarin/chapterfate02_2_tohsakarin_141.ogg","等、等下！你看清楚——","StarRailVoice/TohsakaRin_CN/ogg/voice/chapterfate02/2/tohsakarin/chapterfate02_2_tohsakarin_141.ogg","local_research_only; game_asset; do_not_redistribute","TohsakaRin_CN","chapterfate02-2","transcript_source=game_text; match=fuzzy; confidence=0.933; review_required=true"
"tohsakarin_9cb10c00aeed2c40","audio/raw/TohsakaRin_CN/ogg/voice/chapterfate02/2/tohsakarin/chapterfate02_2_tohsakarin_142.ogg","都说让你看清楚了……","StarRailVoice/TohsakaRin_CN/ogg/voice/chapterfate02/2/tohsakarin/chapterfate02_2_tohsakarin_142.ogg","local_research_only; game_asset; do_not_redistribute","TohsakaRin_CN","chapterfate02-2","transcript_source=game_text; match=fuzzy; confidence=0.941; review_required=true"
"tohsakarin_f5c2e5f732ffa041","audio/raw/TohsakaRin_CN/ogg/voice/chapterfate02/2/tohsakarin/chapterfate02_2_tohsakarin_143.ogg","我是岭远坂凛当年阿恰的御主忘了吗","StarRailVoice/TohsakaRin_CN/ogg/voice/chapterfate02/2/tohsakarin/chapterfate02_2_tohsakarin_143.ogg","local_research_only; game_asset; do_not_redistribute","TohsakaRin_CN","chapterfate02-2","transcript_source=asr_fallback; match=fuzzy; confidence=0.722; review_required=true"
"tohsakarin_dad270db0e89007d","audio/raw/TohsakaRin_CN/ogg/voice/chapterfate02/2/tohsakarin/chapterfate02_2_tohsakarin_144_f.ogg","他现在可是我的从者哦奉劝你别动什么歪脑筋","StarRailVoice/TohsakaRin_CN/ogg/voice/chapterfate02/2/tohsakarin/chapterfate02_2_tohsakarin_144_f.ogg","local_research_only; game_asset; do_not_redistribute","TohsakaRin_CN","chapterfate02-2","transcript_source=asr_fallback; match=none; confidence=0.000; review_required=true"
"tohsakarin_089722907a6fc3f2","audio/raw/TohsakaRin_CN/ogg/voice/chapterfate02/2/tohsakarin/chapterfate02_2_tohsakarin_144_m.ogg","他现在可是我的从者哦奉劝你别动什么歪脑筋","StarRailVoice/TohsakaRin_CN/ogg/voice/chapterfate02/2/tohsakarin/chapterfate02_2_tohsakarin_144_m.ogg","local_research_only; game_asset; do_not_redistribute","TohsakaRin_CN","chapterfate02-2","transcript_source=asr_fallback; match=none; confidence=0.000; review_required=true"
"tohsakarin_596f99c542210b93","audio/raw/TohsakaRin_CN/ogg/voice/chapterfate02/2/tohsakarin/chapterfate02_2_tohsakarin_145.ogg","都说了，我不是小偷……","StarRailVoice/TohsakaRin_CN/ogg/voice/chapterfate02/2/tohsakarin/chapterfate02_2_tohsakarin_145.ogg","local_research_only; game_asset; do_not_redistribute","TohsakaRin_CN","chapterfate02-2","transcript_source=game_text; match=exact; confidence=1.000; review_required=false"
"tohsakarin_ef1b6bdfcde9befc","audio/raw/TohsakaRin_CN/ogg/voice/chapterfate02/2/tohsakarin/chapterfate02_2_tohsakarin_146.ogg","我正有此意。如果交换学识就能和解，再好不过。也请两位多指教。","StarRailVoice/TohsakaRin_CN/ogg/voice/chapterfate02/2/tohsakarin/chapterfate02_2_tohsakarin_146.ogg","local_research_only; game_asset; do_not_redistribute","TohsakaRin_CN","chapterfate02-2","transcript_source=game_text; match=exact; confidence=1.000; review_required=false"
"tohsakarin_5a9985d6eca3098d","audio/raw/TohsakaRin_CN/ogg/voice/chapterfate02/2/tohsakarin/chapterfate02_2_tohsakarin_147.ogg","正好，有关「根源」和「起源」我也整理成册了，就当作给两位的见面礼吧。","StarRailVoice/TohsakaRin_CN/ogg/voice/chapterfate02/2/tohsakarin/chapterfate02_2_tohsakarin_147.ogg","local_research_only; game_asset; do_not_redistribute","TohsakaRin_CN","chapterfate02-2","transcript_source=game_text; match=fuzzy; confidence=0.945; review_required=true"
"tohsakarin_3cc007ad3f53def6","audio/raw/TohsakaRin_CN/ogg/voice/chapterfate02/2/tohsakarin/chapterfate02_2_tohsakarin_148.ogg","哎接下来聊聊真正的元凶吧这家美食带你来的那个女孩呢","StarRailVoice/TohsakaRin_CN/ogg/voice/chapterfate02/2/tohsakarin/chapterfate02_2_tohsakarin_148.ogg","local_research_only; game_asset; do_not_redistribute","TohsakaRin_CN","chapterfate02-2","transcript_source=asr_fallback; match=fuzzy; confidence=0.840; review_required=true"
"tohsakarin_926ae9a3c081845f","audio/raw/TohsakaRin_CN/ogg/voice/chapterfate02/2/tohsakarin/chapterfate02_2_tohsakarin_149.ogg","那肯定就是他的财宝我们被他耍的团团转啊","StarRailVoice/TohsakaRin_CN/ogg/voice/chapterfate02/2/tohsakarin/chapterfate02_2_tohsakarin_149.ogg","local_research_only; game_asset; do_not_redistribute","TohsakaRin_CN","chapterfate02-2","transcript_source=asr_fallback; match=fuzzy; confidence=0.842; review_required=true"
"tohsakarin_0492e5b9719990dd","audio/raw/TohsakaRin_CN/ogg/voice/chapterfate02/2/tohsakarin/chapterfate02_2_tohsakarin_150.ogg","成立这个莫名其妙的<color=#dbc291ff>「乌鲁克文化遗产基金会」</color>？","StarRailVoice/TohsakaRin_CN/ogg/voice/chapterfate02/2/tohsakarin/chapterfate02_2_tohsakarin_150.ogg","local_research_only; game_asset; do_not_redistribute","TohsakaRin_CN","chapterfate02-2","transcript_source=game_text; match=exact; confidence=1.000; review_required=false"
"tohsakarin_95aecbc24ffd1c0c","audio/raw/TohsakaRin_CN/ogg/voice/chapterfate02/2/tohsakarin/chapterfate02_2_tohsakarin_151.ogg","嗯我明白了","StarRailVoice/TohsakaRin_CN/ogg/voice/chapterfate02/2/tohsakarin/chapterfate02_2_tohsakarin_151.ogg","local_research_only; game_asset; do_not_redistribute","TohsakaRin_CN","chapterfate02-2","transcript_source=asr_fallback; match=fuzzy; confidence=0.889; review_required=true"
"tohsakarin_582779aa3b189b23","audio/raw/TohsakaRin_CN/ogg/voice/chapterfate02/2/tohsakarin/chapterfate02_2_tohsakarin_152.ogg","火花到处故布疑阵，就是想让所有人自相残杀，好独占所有财宝……","StarRailVoice/TohsakaRin_CN/ogg/voice/chapterfate02/2/tohsakarin/chapterfate02_2_tohsakarin_152.ogg","local_research_only; game_asset; do_not_redistribute","TohsakaRin_CN","chapterfate02-2","transcript_source=game_text; match=fuzzy; confidence=0.962; review_required=true"
"tohsakarin_aa8ec7b143357eda","audio/raw/TohsakaRin_CN/ogg/voice/chapterfate02/2/tohsakarin/chapterfate02_2_tohsakarin_153.ogg","所以，只要我们抢在大家之前回收王之财宝，就一定能引兔子出洞。","StarRailVoice/TohsakaRin_CN/ogg/voice/chapterfate02/2/tohsakarin/chapterfate02_2_tohsakarin_153.ogg","local_research_only; game_asset; do_not_redistribute","TohsakaRin_CN","chapterfate02-2","transcript_source=game_text; match=exact; confidence=1.000; review_required=false"
"tohsakarin_c86885daf08516d1","audio/raw/TohsakaRin_CN/ogg/voice/chapterfate02/2/tohsakarin/chapterfate02_2_tohsakarin_154.ogg","但我们已经在追回财宝了，干嘛非得陪你玩角色扮演……","StarRailVoice/TohsakaRin_CN/ogg/voice/chapterfate02/2/tohsakarin/chapterfate02_2_tohsakarin_154.ogg","local_research_only; game_asset; do_not_redistribute","TohsakaRin_CN","chapterfate02-2","transcript_source=game_text; match=exact; confidence=1.000; review_required=false"
"tohsakarin_46ab2be333e4f950","audio/raw/TohsakaRin_CN/ogg/voice/chapterfate02/2/tohsakarin/chapterfate02_2_tohsakarin_155.ogg","这家伙…一如既往让人恨得牙痒痒。","StarRailVoice/TohsakaRin_CN/ogg/voice/chapterfate02/2/tohsakarin/chapterfate02_2_tohsakarin_155.ogg","local_research_only; game_asset; do_not_redistribute","TohsakaRin_CN","chapterfate02-2","transcript_source=game_text; match=fuzzy; confidence=0.929; review_required=true"
"tohsakarin_1bfc19cbba026e37","audio/raw/TohsakaRin_CN/ogg/voice/chapterfate02/2/tohsakarin/chapterfate02_2_tohsakarin_156.ogg","可恶，完全无法反驳……","StarRailVoice/TohsakaRin_CN/ogg/voice/chapterfate02/2/tohsakarin/chapterfate02_2_tohsakarin_156.ogg","local_research_only; game_asset; do_not_redistribute","TohsakaRin_CN","chapterfate02-2","transcript_source=game_text; match=exact; confidence=1.000; review_required=false"
"tohsakarin_9a3eb7d3fd62432e","audio/raw/TohsakaRin_CN/ogg/voice/chapterfate02/2/tohsakarin/chapterfate02_2_tohsakarin_157.ogg","嗯说起来他是","StarRailVoice/TohsakaRin_CN/ogg/voice/chapterfate02/2/tohsakarin/chapterfate02_2_tohsakarin_157.ogg","local_research_only; game_asset; do_not_redistribute","TohsakaRin_CN","chapterfate02-2","transcript_source=asr_fallback; match=fuzzy; confidence=0.727; review_required=true"
"tohsakarin_b8daf57847b350b5","audio/raw/TohsakaRin_CN/ogg/voice/chapterfate02/2/tohsakarin/chapterfate02_2_tohsakarin_158.ogg","泥土和青草的味道……","StarRailVoice/TohsakaRin_CN/ogg/voice/chapterfate02/2/tohsakarin/chapterfate02_2_tohsakarin_158.ogg","local_research_only; game_asset; do_not_redistribute","TohsakaRin_CN","chapterfate02-2","transcript_source=game_text; match=fuzzy; confidence=0.941; review_required=true"
"tohsakarin_36e6bb808ae42724","audio/raw/TohsakaRin_CN/ogg/voice/chapterfate02/2/tohsakarin/chapterfate02_2_tohsakarin_159.ogg","他和土地联系的十分紧密大概也是幻造种吧","StarRailVoice/TohsakaRin_CN/ogg/voice/chapterfate02/2/tohsakarin/chapterfate02_2_tohsakarin_159.ogg","local_research_only; game_asset; do_not_redistribute","TohsakaRin_CN","chapterfate02-2","transcript_source=asr_fallback; match=fuzzy; confidence=0.895; review_required=true"
"tohsakarin_a47f9b848e986e38","audio/raw/TohsakaRin_CN/ogg/voice/chapterfate02/2/tohsakarin/chapterfate02_2_tohsakarin_160.ogg","哦说什么了","StarRailVoice/TohsakaRin_CN/ogg/voice/chapterfate02/2/tohsakarin/chapterfate02_2_tohsakarin_160.ogg","local_research_only; game_asset; do_not_redistribute","TohsakaRin_CN","chapterfate02-2","transcript_source=asr_fallback; match=fuzzy; confidence=0.889; review_required=true"
"tohsakarin_29a2f57c4e1bb4b9","audio/raw/TohsakaRin_CN/ogg/voice/chapterfate02/2/tohsakarin/chapterfate02_2_tohsakarin_161.ogg","在炫耀什么…？","StarRailVoice/TohsakaRin_CN/ogg/voice/chapterfate02/2/tohsakarin/chapterfate02_2_tohsakarin_161.ogg","local_research_only; game_asset; do_not_redistribute","TohsakaRin_CN","chapterfate02-2","transcript_source=game_text; match=fuzzy; confidence=0.909; review_required=true"
"tohsakarin_b95ec77381cf6f56","audio/raw/TohsakaRin_CN/ogg/voice/chapterfate02/2/tohsakarin/chapterfate02_2_tohsakarin_162.ogg","哼…为了城市治安，我们得加快脚步了。","StarRailVoice/TohsakaRin_CN/ogg/voice/chapterfate02/2/tohsakarin/chapterfate02_2_tohsakarin_162.ogg","local_research_only; game_asset; do_not_redistribute","TohsakaRin_CN","chapterfate02-2","transcript_source=game_text; match=exact; confidence=1.000; review_required=false"
"tohsakarin_672e296c79e1463f","audio/raw/TohsakaRin_CN/ogg/voice/chapterfate02/2/tohsakarin/chapterfate02_2_tohsakarin_163.ogg","谁问你了！","StarRailVoice/TohsakaRin_CN/ogg/voice/chapterfate02/2/tohsakarin/chapterfate02_2_tohsakarin_163.ogg","local_research_only; game_asset; do_not_redistribute","TohsakaRin_CN","chapterfate02-2","transcript_source=game_text; match=exact; confidence=1.000; review_required=false"
"tohsakarin_098c1b6448693174","audio/raw/TohsakaRin_CN/ogg/voice/chapterfate02/2/tohsakarin/chapterfate02_2_tohsakarin_164.ogg","眼不见心不烦，我们快走吧。","StarRailVoice/TohsakaRin_CN/ogg/voice/chapterfate02/2/tohsakarin/chapterfate02_2_tohsakarin_164.ogg","local_research_only; game_asset; do_not_redistribute","TohsakaRin_CN","chapterfate02-2","transcript_source=game_text; match=fuzzy; confidence=0.957; review_required=true"
"tohsakarin_62d4555acca9d7c5","audio/raw/TohsakaRin_CN/ogg/voice/chapterfate02/2/tohsakarin/chapterfate02_2_tohsakarin_165.ogg","话说回来，朽叶女士就算了，侦探先生居然也不在…本来还想让他支援些情报的。","StarRailVoice/TohsakaRin_CN/ogg/voice/chapterfate02/2/tohsakarin/chapterfate02_2_tohsakarin_165.ogg","local_research_only; game_asset; do_not_redistribute","TohsakaRin_CN","chapterfate02-2","transcript_source=game_text; match=fuzzy; confidence=0.939; review_required=true"
"tohsakarin_b668a94b962875eb","audio/raw/TohsakaRin_CN/ogg/voice/chapterfate02/2/tohsakarin/chapterfate02_2_tohsakarin_167.ogg","只靠我们肯定也没问题，对吧？","StarRailVoice/TohsakaRin_CN/ogg/voice/chapterfate02/2/tohsakarin/chapterfate02_2_tohsakarin_167.ogg","local_research_only; game_asset; do_not_redistribute","TohsakaRin_CN","chapterfate02-2","transcript_source=game_text; match=exact; confidence=1.000; review_required=false"
"tohsakarin_ad4d3fe8ab3cb50b","audio/raw/TohsakaRin_CN/ogg/voice/chapterfate02/2/tohsakarin/chapterfate02_2_tohsakarin_168_f.ogg","{NICKNAME}…在说些什么呢？","StarRailVoice/TohsakaRin_CN/ogg/voice/chapterfate02/2/tohsakarin/chapterfate02_2_tohsakarin_168_f.ogg","local_research_only; game_asset; do_not_redistribute","TohsakaRin_CN","chapterfate02-2","transcript_source=game_text; match=fuzzy; confidence=0.923; review_required=true"
"tohsakarin_b75d4245997a97fc","audio/raw/TohsakaRin_CN/ogg/voice/chapterfate02/2/tohsakarin/chapterfate02_2_tohsakarin_168_m.ogg","{NICKNAME}…在说些什么呢？","StarRailVoice/TohsakaRin_CN/ogg/voice/chapterfate02/2/tohsakarin/chapterfate02_2_tohsakarin_168_m.ogg","local_research_only; game_asset; do_not_redistribute","TohsakaRin_CN","chapterfate02-2","transcript_source=game_text; match=fuzzy; confidence=0.923; review_required=true"
"tohsakarin_c71f25bfe97a8621","audio/raw/TohsakaRin_CN/ogg/voice/chapterfate02/2/tohsakarin/chapterfate02_2_tohsakarin_169.ogg","算我一个。","StarRailVoice/TohsakaRin_CN/ogg/voice/chapterfate02/2/tohsakarin/chapterfate02_2_tohsakarin_169.ogg","local_research_only; game_asset; do_not_redistribute","TohsakaRin_CN","chapterfate02-2","transcript_source=game_text; match=exact; confidence=1.000; review_required=false"
"tohsakarin_3728cd7b5243520f","audio/raw/TohsakaRin_CN/ogg/voice/chapterfate02/2/tohsakarin/chapterfate02_2_tohsakarin_170.ogg","你难道就不好奇，她究竟是怎么撬开宝库的吗？","StarRailVoice/TohsakaRin_CN/ogg/voice/chapterfate02/2/tohsakarin/chapterfate02_2_tohsakarin_170.ogg","local_research_only; game_asset; do_not_redistribute","TohsakaRin_CN","chapterfate02-2","transcript_source=game_text; match=fuzzy; confidence=0.923; review_required=true"
"tohsakarin_b56b6b8395a32726","audio/raw/TohsakaRin_CN/ogg/voice/chapterfate02/2/tohsakarin/chapterfate02_2_tohsakarin_171.ogg","…你是会被这种可爱小动物征服的人设吗？","StarRailVoice/TohsakaRin_CN/ogg/voice/chapterfate02/2/tohsakarin/chapterfate02_2_tohsakarin_171.ogg","local_research_only; game_asset; do_not_redistribute","TohsakaRin_CN","chapterfate02-2","transcript_source=game_text; match=fuzzy; confidence=0.971; review_required=true"
"tohsakarin_25af998c61ef6c89","audio/raw/TohsakaRin_CN/ogg/voice/chapterfate02/2/tohsakarin/chapterfate02_2_tohsakarin_172.ogg","嗯来回顾一下今天的战果吧我们顺利从caaster主从那里回收了完全简朴的试炼呃一根健身弹力棒","StarRailVoice/TohsakaRin_CN/ogg/voice/chapterfate02/2/tohsakarin/chapterfate02_2_tohsakarin_172.ogg","local_research_only; game_asset; do_not_redistribute","TohsakaRin_CN","chapterfate02-2","transcript_source=asr_fallback; match=none; confidence=0.000; review_required=true"
"tohsakarin_77e0ff9369dee9c8","audio/raw/TohsakaRin_CN/ogg/voice/chapterfate02/2/tohsakarin/chapterfate02_2_tohsakarin_173.ogg","我们还成功制服了英雄王吉尔伽美什。误会解除后，他和身边的翠绿奇美拉一起加入了我们。","StarRailVoice/TohsakaRin_CN/ogg/voice/chapterfate02/2/tohsakarin/chapterfate02_2_tohsakarin_173.ogg","local_research_only; game_asset; do_not_redistribute","TohsakaRin_CN","chapterfate02-2","transcript_source=game_text; match=exact; confidence=1.000; review_required=false"
"tohsakarin_86634d5a6e8a81fb","audio/raw/TohsakaRin_CN/ogg/voice/chapterfate02/2/tohsakarin/chapterfate02_2_tohsakarin_174.ogg","…总之，为了尽早结束圣杯战争，继续异界之旅，今天也一起秉持优雅，全力以赴吧！","StarRailVoice/TohsakaRin_CN/ogg/voice/chapterfate02/2/tohsakarin/chapterfate02_2_tohsakarin_174.ogg","local_research_only; game_asset; do_not_redistribute","TohsakaRin_CN","chapterfate02-2","transcript_source=game_text; match=exact; confidence=1.000; review_required=false"
"tohsakarin_046fdb62b1bcabb2","audio/raw/TohsakaRin_CN/ogg/voice/chapterfate02/2/tohsakarin/chapterfate02_2_tohsakarin_175.ogg","这…不会就是你说的……","StarRailVoice/TohsakaRin_CN/ogg/voice/chapterfate02/2/tohsakarin/chapterfate02_2_tohsakarin_175.ogg","local_research_only; game_asset; do_not_redistribute","TohsakaRin_CN","chapterfate02-2","transcript_source=game_text; match=exact; confidence=1.000; review_required=false"
"tohsakarin_3635b969a7f05295","audio/raw/TohsakaRin_CN/ogg/voice/chapterfate02/2/tohsakarin/chapterfate02_2_tohsakarin_176.ogg","传说中长了一张凶恶的脸、有着老虎般的咬合力、伸缩自如的触手的尖啸魔物…吧？","StarRailVoice/TohsakaRin_CN/ogg/voice/chapterfate02/2/tohsakarin/chapterfate02_2_tohsakarin_176.ogg","local_research_only; game_asset; do_not_redistribute","TohsakaRin_CN","chapterfate02-2","transcript_source=game_text; match=fuzzy; confidence=0.939; review_required=true"
"tohsakarin_b0dc7f71e83fb304","audio/raw/TohsakaRin_CN/ogg/voice/chapterfate02/2/tohsakarin/chapterfate02_2_tohsakarin_177.ogg","（这都什么跟什么……）","StarRailVoice/TohsakaRin_CN/ogg/voice/chapterfate02/2/tohsakarin/chapterfate02_2_tohsakarin_177.ogg","local_research_only; game_asset; do_not_redistribute","TohsakaRin_CN","chapterfate02-2","transcript_source=game_text; match=fuzzy; confidence=0.933; review_required=true"
"tohsakarin_95f0ddbd175c4717","audio/raw/TohsakaRin_CN/ogg/voice/chapterfate02/2/tohsakarin/chapterfate02_2_tohsakarin_178.ogg","还有，猛虎战士明明是条蛇吧…？！","StarRailVoice/TohsakaRin_CN/ogg/voice/chapterfate02/2/tohsakarin/chapterfate02_2_tohsakarin_178.ogg","local_research_only; game_asset; do_not_redistribute","TohsakaRin_CN","chapterfate02-2","transcript_source=game_text; match=exact; confidence=1.000; review_required=false"
"tohsakarin_14337bc55abc1c0e","audio/raw/TohsakaRin_CN/ogg/voice/chapterfate02/2/tohsakarin/chapterfate02_2_tohsakarin_179.ogg","仪式","StarRailVoice/TohsakaRin_CN/ogg/voice/chapterfate02/2/tohsakarin/chapterfate02_2_tohsakarin_179.ogg","local_research_only; game_asset; do_not_redistribute","TohsakaRin_CN","chapterfate02-2","transcript_source=game_text; match=exact; confidence=1.000; review_required=false"
"tohsakarin_6c02a1d467180473","audio/raw/TohsakaRin_CN/ogg/voice/chapterfate02/2/tohsakarin/chapterfate02_2_tohsakarin_181.ogg","不许擅自把我也当成演员…！","StarRailVoice/TohsakaRin_CN/ogg/voice/chapterfate02/2/tohsakarin/chapterfate02_2_tohsakarin_181.ogg","local_research_only; game_asset; do_not_redistribute","TohsakaRin_CN","chapterfate02-2","transcript_source=game_text; match=exact; confidence=1.000; review_required=false"
"tohsakarin_aceff3ec7edfae5c","audio/raw/TohsakaRin_CN/ogg/voice/chapterfate02/2/tohsakarin/chapterfate02_2_tohsakarin_182.ogg","都说不是了……","StarRailVoice/TohsakaRin_CN/ogg/voice/chapterfate02/2/tohsakarin/chapterfate02_2_tohsakarin_182.ogg","local_research_only; game_asset; do_not_redistribute","TohsakaRin_CN","chapterfate02-2","transcript_source=game_text; match=fuzzy; confidence=0.909; review_required=true"
"tohsakarin_186e0de39d98f9ed","audio/raw/TohsakaRin_CN/ogg/voice/chapterfate02/2/tohsakarin/chapterfate02_2_tohsakarin_183.ogg","来吧，该讲讲你们说的仪式了——火花究竟在打什么算盘？","StarRailVoice/TohsakaRin_CN/ogg/voice/chapterfate02/2/tohsakarin/chapterfate02_2_tohsakarin_183.ogg","local_research_only; game_asset; do_not_redistribute","TohsakaRin_CN","chapterfate02-2","transcript_source=game_text; match=exact; confidence=1.000; review_required=false"
"tohsakarin_ae19dffe2961ac7e","audio/raw/TohsakaRin_CN/ogg/voice/chapterfate02/2/tohsakarin/chapterfate02_2_tohsakarin_184.ogg","呃，谢谢…但看你们快上不来气了，要不尽快说重点…？","StarRailVoice/TohsakaRin_CN/ogg/voice/chapterfate02/2/tohsakarin/chapterfate02_2_tohsakarin_184.ogg","local_research_only; game_asset; do_not_redistribute","TohsakaRin_CN","chapterfate02-2","transcript_source=game_text; match=fuzzy; confidence=0.950; review_required=true"
"tohsakarin_072c01f4ad749a07","audio/raw/TohsakaRin_CN/ogg/voice/chapterfate02/2/tohsakarin/chapterfate02_2_tohsakarin_185.ogg","可恶…除了怪话，什么有用的都没说啊…！","StarRailVoice/TohsakaRin_CN/ogg/voice/chapterfate02/2/tohsakarin/chapterfate02_2_tohsakarin_185.ogg","local_research_only; game_asset; do_not_redistribute","TohsakaRin_CN","chapterfate02-2","transcript_source=game_text; match=fuzzy; confidence=0.968; review_required=true"
"tohsakarin_5dec940d62c7f7a0","audio/raw/TohsakaRin_CN/ogg/voice/chapterfate02/2/tohsakarin/chapterfate02_2_tohsakarin_186.ogg","「记忆」？那，或许能挖掘出与火花和Rider有关的过去……","StarRailVoice/TohsakaRin_CN/ogg/voice/chapterfate02/2/tohsakarin/chapterfate02_2_tohsakarin_186.ogg","local_research_only; game_asset; do_not_redistribute","TohsakaRin_CN","chapterfate02-2","transcript_source=game_text; match=fuzzy; confidence=0.936; review_required=true"
"tohsakarin_0854ee0657f4e521","audio/raw/TohsakaRin_CN/ogg/voice/chapterfate02/2/tohsakarin/chapterfate02_2_tohsakarin_187.ogg","嗯……","StarRailVoice/TohsakaRin_CN/ogg/voice/chapterfate02/2/tohsakarin/chapterfate02_2_tohsakarin_187.ogg","local_research_only; game_asset; do_not_redistribute","TohsakaRin_CN","chapterfate02-2","transcript_source=game_text; match=exact; confidence=1.000; review_required=false"
"tohsakarin_4998ff990c6352a2","audio/raw/TohsakaRin_CN/ogg/voice/chapterfate02/2/tohsakarin/chapterfate02_2_tohsakarin_188.ogg","嗯，我","StarRailVoice/TohsakaRin_CN/ogg/voice/chapterfate02/2/tohsakarin/chapterfate02_2_tohsakarin_188.ogg","local_research_only; game_asset; do_not_redistribute","TohsakaRin_CN","chapterfate02-2","transcript_source=game_text; match=contains; confidence=0.900; review_required=true"
"tohsakarin_f79e719204a2d4eb","audio/raw/TohsakaRin_CN/ogg/voice/chapterfate02/2/tohsakarin/chapterfate02_2_tohsakarin_189.ogg","嗯总是些根本说不出口的画面","StarRailVoice/TohsakaRin_CN/ogg/voice/chapterfate02/2/tohsakarin/chapterfate02_2_tohsakarin_189.ogg","local_research_only; game_asset; do_not_redistribute","TohsakaRin_CN","chapterfate02-2","transcript_source=asr_fallback; match=fuzzy; confidence=0.880; review_required=true"
"tohsakarin_ba15af70868951c2","audio/raw/TohsakaRin_CN/ogg/voice/chapterfate02/2/tohsakarin/chapterfate02_2_tohsakarin_190_f.ogg","走了trablizer吉儿我们还是去做点更有用的事吧","StarRailVoice/TohsakaRin_CN/ogg/voice/chapterfate02/2/tohsakarin/chapterfate02_2_tohsakarin_190_f.ogg","local_research_only; game_asset; do_not_redistribute","TohsakaRin_CN","chapterfate02-2","transcript_source=asr_fallback; match=fuzzy; confidence=0.744; review_required=true"
"tohsakarin_88ebbdbb17c0ab0d","audio/raw/TohsakaRin_CN/ogg/voice/chapterfate02/2/tohsakarin/chapterfate02_2_tohsakarin_190_m.ogg","走了trablizer吉尔我们还是去做点更有用的事吧","StarRailVoice/TohsakaRin_CN/ogg/voice/chapterfate02/2/tohsakarin/chapterfate02_2_tohsakarin_190_m.ogg","local_research_only; game_asset; do_not_redistribute","TohsakaRin_CN","chapterfate02-2","transcript_source=asr_fallback; match=fuzzy; confidence=0.791; review_required=true"
"tohsakarin_b916c7d9d85948c8","audio/raw/TohsakaRin_CN/ogg/voice/chapterfate02/2/tohsakarin/chapterfate02_2_tohsakarin_191.ogg","嗯……","StarRailVoice/TohsakaRin_CN/ogg/voice/chapterfate02/2/tohsakarin/chapterfate02_2_tohsakarin_191.ogg","local_research_only; game_asset; do_not_redistribute","TohsakaRin_CN","chapterfate02-2","transcript_source=game_text; match=exact; confidence=1.000; review_required=false"
"tohsakarin_785e95c1c0bdb10f","audio/raw/TohsakaRin_CN/ogg/voice/chapterfate02/2/tohsakarin/chapterfate02_2_tohsakarin_192.ogg","啊，是那个女人！快抓住她！","StarRailVoice/TohsakaRin_CN/ogg/voice/chapterfate02/2/tohsakarin/chapterfate02_2_tohsakarin_192.ogg","local_research_only; game_asset; do_not_redistribute","TohsakaRin_CN","chapterfate02-2","transcript_source=game_text; match=exact; confidence=1.000; review_required=false"
"tohsakarin_f6a133ca041d8626","audio/raw/TohsakaRin_CN/ogg/voice/chapterfate02/2/tohsakarin/chapterfate02_2_tohsakarin_193.ogg","切让他溜走了可恶","StarRailVoice/TohsakaRin_CN/ogg/voice/chapterfate02/2/tohsakarin/chapterfate02_2_tohsakarin_193.ogg","local_research_only; game_asset; do_not_redistribute","TohsakaRin_CN","chapterfate02-2","transcript_source=asr_fallback; match=fuzzy; confidence=0.800; review_required=true"
"tohsakarin_f21247b856ba1204","audio/raw/TohsakaRin_CN/ogg/voice/chapterfate02/2/tohsakarin/chapterfate02_2_tohsakarin_195.ogg","啊嗯感觉烦心事都被一口气吹走了","StarRailVoice/TohsakaRin_CN/ogg/voice/chapterfate02/2/tohsakarin/chapterfate02_2_tohsakarin_195.ogg","local_research_only; game_asset; do_not_redistribute","TohsakaRin_CN","chapterfate02-2","transcript_source=asr_fallback; match=fuzzy; confidence=0.897; review_required=true"
"tohsakarin_f7aac10da408268c","audio/raw/TohsakaRin_CN/ogg/voice/chapterfate02/2/tohsakarin/chapterfate02_2_tohsakarin_196_f.ogg","抱歉，{NICKNAME}，最后一枚运势签我就收下了。就当是为我们一起求的吧？","StarRailVoice/TohsakaRin_CN/ogg/voice/chapterfate02/2/tohsakarin/chapterfate02_2_tohsakarin_196_f.ogg","local_research_only; game_asset; do_not_redistribute","TohsakaRin_CN","chapterfate02-2","transcript_source=game_text; match=exact; confidence=1.000; review_required=false"
"tohsakarin_19acfeb1f13c5d1b","audio/raw/TohsakaRin_CN/ogg/voice/chapterfate02/2/tohsakarin/chapterfate02_2_tohsakarin_196_m.ogg","抱歉，{NICKNAME}，最后一枚运势签我就收下了。就当是为我们一起求的吧？","StarRailVoice/TohsakaRin_CN/ogg/voice/chapterfate02/2/tohsakarin/chapterfate02_2_tohsakarin_196_m.ogg","local_research_only; game_asset; do_not_redistribute","TohsakaRin_CN","chapterfate02-2","transcript_source=game_text; match=exact; confidence=1.000; review_required=false"
"tohsakarin_45a5a3a920370ab2","audio/raw/TohsakaRin_CN/ogg/voice/chapterfate02/2/tohsakarin/chapterfate02_2_tohsakarin_197.ogg","嗯嗯嗯让我看看我们的运势如何呢","StarRailVoice/TohsakaRin_CN/ogg/voice/chapterfate02/2/tohsakarin/chapterfate02_2_tohsakarin_197.ogg","local_research_only; game_asset; do_not_redistribute","TohsakaRin_CN","chapterfate02-2","transcript_source=asr_fallback; match=fuzzy; confidence=0.889; review_required=true"
"tohsakarin_dbb69215333bcd31","audio/raw/TohsakaRin_CN/ogg/voice/chapterfate02/2/tohsakarin/chapterfate02_2_tohsakarin_198.ogg","呃倒是些说吉利也不吉利的话","StarRailVoice/TohsakaRin_CN/ogg/voice/chapterfate02/2/tohsakarin/chapterfate02_2_tohsakarin_198.ogg","local_research_only; game_asset; do_not_redistribute","TohsakaRin_CN","chapterfate02-2","transcript_source=asr_fallback; match=fuzzy; confidence=0.880; review_required=true"
"tohsakarin_5693381d73b886b0","audio/raw/TohsakaRin_CN/ogg/voice/chapterfate02/2/tohsakarin/chapterfate02_2_tohsakarin_199.ogg","你看：签上说，影响我们命运的关键人物一共有三人。","StarRailVoice/TohsakaRin_CN/ogg/voice/chapterfate02/2/tohsakarin/chapterfate02_2_tohsakarin_199.ogg","local_research_only; game_asset; do_not_redistribute","TohsakaRin_CN","chapterfate02-2","transcript_source=game_text; match=exact; confidence=1.000; review_required=false"
"tohsakarin_7bf446c8935816cd","audio/raw/TohsakaRin_CN/ogg/voice/chapterfate02/2/tohsakarin/chapterfate02_2_tohsakarin_200.ogg","其中一位已经出现——大概就是那个金闪闪吧——至于剩下两位贵人，会在恰当的时机登场……","StarRailVoice/TohsakaRin_CN/ogg/voice/chapterfate02/2/tohsakarin/chapterfate02_2_tohsakarin_200.ogg","local_research_only; game_asset; do_not_redistribute","TohsakaRin_CN","chapterfate02-2","transcript_source=game_text; match=exact; confidence=1.000; review_required=false"
"tohsakarin_0d102cd171bba23c","audio/raw/TohsakaRin_CN/ogg/voice/chapterfate02/2/tohsakarin/chapterfate02_2_tohsakarin_201.ogg","哦那有盼徒呢不知道会是谁","StarRailVoice/TohsakaRin_CN/ogg/voice/chapterfate02/2/tohsakarin/chapterfate02_2_tohsakarin_201.ogg","local_research_only; game_asset; do_not_redistribute","TohsakaRin_CN","chapterfate02-2","transcript_source=asr_fallback; match=none; confidence=0.000; review_required=true"
"tohsakarin_77645ab6e5f2efd3","audio/raw/TohsakaRin_CN/ogg/voice/chapterfate02/2/tohsakarin/chapterfate02_2_tohsakarin_202.ogg","嗯，确实有可能。","StarRailVoice/TohsakaRin_CN/ogg/voice/chapterfate02/2/tohsakarin/chapterfate02_2_tohsakarin_202.ogg","local_research_only; game_asset; do_not_redistribute","TohsakaRin_CN","chapterfate02-2","transcript_source=game_text; match=exact; confidence=1.000; review_required=false"
"tohsakarin_f5dd28bf2980a5ca","audio/raw/TohsakaRin_CN/ogg/voice/chapterfate02/2/tohsakarin/chapterfate02_2_tohsakarin_203.ogg","凶什么那也太贵了我们片场请不起的啦","StarRailVoice/TohsakaRin_CN/ogg/voice/chapterfate02/2/tohsakarin/chapterfate02_2_tohsakarin_203.ogg","local_research_only; game_asset; do_not_redistribute","TohsakaRin_CN","chapterfate02-2","transcript_source=asr_fallback; match=fuzzy; confidence=0.824; review_required=true"
"tohsakarin_171da6e8d9b4ac81","audio/raw/TohsakaRin_CN/ogg/voice/chapterfate02/2/tohsakarin/chapterfate02_2_tohsakarin_204.ogg","我吗","StarRailVoice/TohsakaRin_CN/ogg/voice/chapterfate02/2/tohsakarin/chapterfate02_2_tohsakarin_204.ogg","local_research_only; game_asset; do_not_redistribute","TohsakaRin_CN","chapterfate02-2","transcript_source=game_text; match=exact; confidence=1.000; review_required=false"
"tohsakarin_be0bccf255a23880","audio/raw/TohsakaRin_CN/ogg/voice/chapterfate02/2/tohsakarin/chapterfate02_2_tohsakarin_205.ogg","嗯……","StarRailVoice/TohsakaRin_CN/ogg/voice/chapterfate02/2/tohsakarin/chapterfate02_2_tohsakarin_205.ogg","local_research_only; game_asset; do_not_redistribute","TohsakaRin_CN","chapterfate02-2","transcript_source=game_text; match=exact; confidence=1.000; review_required=false"
"tohsakarin_674b3ad9a04edbe7","audio/raw/TohsakaRin_CN/ogg/voice/chapterfate02/2/tohsakarin/chapterfate02_2_tohsakarin_206.ogg","哎突然这么认真","StarRailVoice/TohsakaRin_CN/ogg/voice/chapterfate02/2/tohsakarin/chapterfate02_2_tohsakarin_206.ogg","local_research_only; game_asset; do_not_redistribute","TohsakaRin_CN","chapterfate02-2","transcript_source=asr_fallback; match=fuzzy; confidence=0.857; review_required=true"
"tohsakarin_b97b98e0a83c97de","audio/raw/TohsakaRin_CN/ogg/voice/chapterfate02/2/tohsakarin/chapterfate02_2_tohsakarin_207.ogg","呃呃哎我不是这个意思","StarRailVoice/TohsakaRin_CN/ogg/voice/chapterfate02/2/tohsakarin/chapterfate02_2_tohsakarin_207.ogg","local_research_only; game_asset; do_not_redistribute","TohsakaRin_CN","chapterfate02-2","transcript_source=asr_fallback; match=fuzzy; confidence=0.889; review_required=true"
"tohsakarin_042956862dfe77a5","audio/raw/TohsakaRin_CN/ogg/voice/chapterfate02/2/tohsakarin/chapterfate02_2_tohsakarin_208.ogg","哎只有我一直在单方面盘问心眼未免也太坏了","StarRailVoice/TohsakaRin_CN/ogg/voice/chapterfate02/2/tohsakarin/chapterfate02_2_tohsakarin_208.ogg","local_research_only; game_asset; do_not_redistribute","TohsakaRin_CN","chapterfate02-2","transcript_source=asr_fallback; match=fuzzy; confidence=0.765; review_required=true"
"tohsakarin_598a9c8d38a357d4","audio/raw/TohsakaRin_CN/ogg/voice/chapterfate02/2/tohsakarin/chapterfate02_2_tohsakarin_209.ogg","不过，我的过去虽然比不上你，但要想讲清楚，也得花点时间……","StarRailVoice/TohsakaRin_CN/ogg/voice/chapterfate02/2/tohsakarin/chapterfate02_2_tohsakarin_209.ogg","local_research_only; game_asset; do_not_redistribute","TohsakaRin_CN","chapterfate02-2","transcript_source=game_text; match=exact; confidence=1.000; review_required=false"
"tohsakarin_e6d638fceab78d8e","audio/raw/TohsakaRin_CN/ogg/voice/chapterfate02/2/tohsakarin/chapterfate02_2_tohsakarin_210.ogg","做好心理准备哦？","StarRailVoice/TohsakaRin_CN/ogg/voice/chapterfate02/2/tohsakarin/chapterfate02_2_tohsakarin_210.ogg","local_research_only; game_asset; do_not_redistribute","TohsakaRin_CN","chapterfate02-2","transcript_source=game_text; match=exact; confidence=1.000; review_required=false"
"tohsakarin_68939af4a757b897","audio/raw/TohsakaRin_CN/ogg/voice/chapterfate02/2/tohsakarin/chapterfate02_2_tohsakarin_211.ogg","那是距今许多年前的事情了","StarRailVoice/TohsakaRin_CN/ogg/voice/chapterfate02/2/tohsakarin/chapterfate02_2_tohsakarin_211.ogg","local_research_only; game_asset; do_not_redistribute","TohsakaRin_CN","chapterfate02-2","transcript_source=asr_fallback; match=none; confidence=0.000; review_required=true"
"tohsakarin_e8002d0e95399930","audio/raw/TohsakaRin_CN/ogg/voice/chapterfate02/2/tohsakarin/chapterfate02_2_tohsakarin_212.ogg","我望着父亲。记忆中从未开过玩笑的他，正抚摸着我的头。","StarRailVoice/TohsakaRin_CN/ogg/voice/chapterfate02/2/tohsakarin/chapterfate02_2_tohsakarin_212.ogg","local_research_only; game_asset; do_not_redistribute","TohsakaRin_CN","chapterfate02-2","transcript_source=game_text; match=exact; confidence=1.000; review_required=false"
"tohsakarin_6d23870654bcdfb1","audio/raw/TohsakaRin_CN/ogg/voice/chapterfate02/2/tohsakarin/chapterfate02_2_tohsakarin_213.ogg","但比起抚摸，还是一把按住我的脑袋乱转更准确。","StarRailVoice/TohsakaRin_CN/ogg/voice/chapterfate02/2/tohsakarin/chapterfate02_2_tohsakarin_213.ogg","local_research_only; game_asset; do_not_redistribute","TohsakaRin_CN","chapterfate02-2","transcript_source=game_text; match=fuzzy; confidence=0.900; review_required=true"
"tohsakarin_4be3c8dca48a1eba","audio/raw/TohsakaRin_CN/ogg/voice/chapterfate02/2/tohsakarin/chapterfate02_2_tohsakarin_214.ogg","毕竟，那是他第一次摸我的头。","StarRailVoice/TohsakaRin_CN/ogg/voice/chapterfate02/2/tohsakarin/chapterfate02_2_tohsakarin_214.ogg","local_research_only; game_asset; do_not_redistribute","TohsakaRin_CN","chapterfate02-2","transcript_source=game_text; match=exact; confidence=1.000; review_required=false"
"tohsakarin_a4befad3286de583","audio/raw/TohsakaRin_CN/ogg/voice/chapterfate02/2/tohsakarin/chapterfate02_2_tohsakarin_215.ogg","如果知道是最后一面我一定会提出珍藏的笑话逗笑他我一遍遍偷偷练习就盼着他板着的脸哪天舒缓下来","StarRailVoice/TohsakaRin_CN/ogg/voice/chapterfate02/2/tohsakarin/chapterfate02_2_tohsakarin_215.ogg","local_research_only; game_asset; do_not_redistribute","TohsakaRin_CN","chapterfate02-2","transcript_source=asr_fallback; match=none; confidence=0.000; review_required=true"
"tohsakarin_3a6accedb43698ec","audio/raw/TohsakaRin_CN/ogg/voice/chapterfate02/2/tohsakarin/chapterfate02_2_tohsakarin_216.ogg","家传的宝石、地下室的管理方式…看他毫无保留的样子，哪怕我还小，也能察觉到了。","StarRailVoice/TohsakaRin_CN/ogg/voice/chapterfate02/2/tohsakarin/chapterfate02_2_tohsakarin_216.ogg","local_research_only; game_asset; do_not_redistribute","TohsakaRin_CN","chapterfate02-2","transcript_source=game_text; match=exact; confidence=1.000; review_required=false"
"tohsakarin_a5e8e6e4d2efe3bd","audio/raw/TohsakaRin_CN/ogg/voice/chapterfate02/2/tohsakarin/chapterfate02_2_tohsakarin_217.ogg","我的父亲，再也不会回来了。","StarRailVoice/TohsakaRin_CN/ogg/voice/chapterfate02/2/tohsakarin/chapterfate02_2_tohsakarin_217.ogg","local_research_only; game_asset; do_not_redistribute","TohsakaRin_CN","chapterfate02-2","transcript_source=game_text; match=exact; confidence=1.000; review_required=false"
"tohsakarin_880e28bb259e98a6","audio/raw/TohsakaRin_CN/ogg/voice/chapterfate02/2/tohsakarin/chapterfate02_2_tohsakarin_218.ogg","是第四次圣杯战争的亲历者。明明根本没什么天赋，明明祖父给了他「选择是否成为魔术师」的权力，他还是毅然","StarRailVoice/TohsakaRin_CN/ogg/voice/chapterfate02/2/tohsakarin/chapterfate02_2_tohsakarin_218.ogg","local_research_only; game_asset; do_not_redistribute","TohsakaRin_CN","chapterfate02-2","transcript_source=game_text; match=fuzzy; confidence=0.926; review_required=true"
"tohsakarin_09cb8ab2e23ec38f","audio/raw/TohsakaRin_CN/ogg/voice/chapterfate02/2/tohsakarin/chapterfate02_2_tohsakarin_219.ogg","而这份亲手开拓自己人生的权力、意志和信念，正是他留给远坂家最珍贵的遗产。","StarRailVoice/TohsakaRin_CN/ogg/voice/chapterfate02/2/tohsakarin/chapterfate02_2_tohsakarin_219.ogg","local_research_only; game_asset; do_not_redistribute","TohsakaRin_CN","chapterfate02-2","transcript_source=game_text; match=fuzzy; confidence=0.909; review_required=true"
"tohsakarin_8521ea5e1db1777f","audio/raw/TohsakaRin_CN/ogg/voice/chapterfate02/2/tohsakarin/chapterfate02_2_tohsakarin_220.ogg","——只可惜，我和{RUBY_B#间桐樱}妹妹{RUBY_E#}从出生起就辜负了他。","StarRailVoice/TohsakaRin_CN/ogg/voice/chapterfate02/2/tohsakarin/chapterfate02_2_tohsakarin_220.ogg","local_research_only; game_asset; do_not_redistribute","TohsakaRin_CN","chapterfate02-2","transcript_source=game_text; match=fuzzy; confidence=0.938; review_required=true"
"tohsakarin_d7528865259f9f96","audio/raw/TohsakaRin_CN/ogg/voice/chapterfate02/2/tohsakarin/chapterfate02_2_tohsakarin_221.ogg","我们的天赋，注定生来就没有选择的权力。","StarRailVoice/TohsakaRin_CN/ogg/voice/chapterfate02/2/tohsakarin/chapterfate02_2_tohsakarin_221.ogg","local_research_only; game_asset; do_not_redistribute","TohsakaRin_CN","chapterfate02-2","transcript_source=game_text; match=fuzzy; confidence=0.941; review_required=true"
"tohsakarin_4796b66df1ebe5f9","audio/raw/TohsakaRin_CN/ogg/voice/chapterfate02/2/tohsakarin/chapterfate02_2_tohsakarin_222.ogg","但为了父亲的遗致为了原版家的荣誉","StarRailVoice/TohsakaRin_CN/ogg/voice/chapterfate02/2/tohsakarin/chapterfate02_2_tohsakarin_222.ogg","local_research_only; game_asset; do_not_redistribute","TohsakaRin_CN","chapterfate02-2","transcript_source=asr_fallback; match=fuzzy; confidence=0.812; review_required=true"
"tohsakarin_c5d95c76354bc878","audio/raw/TohsakaRin_CN/ogg/voice/chapterfate02/2/tohsakarin/chapterfate02_2_tohsakarin_223.ogg","为了理想——就算不是大家口中的「天才」，我也还是想成为独当一面的魔术师。","StarRailVoice/TohsakaRin_CN/ogg/voice/chapterfate02/2/tohsakarin/chapterfate02_2_tohsakarin_223.ogg","local_research_only; game_asset; do_not_redistribute","TohsakaRin_CN","chapterfate02-2","transcript_source=game_text; match=exact; confidence=1.000; review_required=false"
"tohsakarin_d45c6a3d39f8a62b","audio/raw/TohsakaRin_CN/ogg/voice/chapterfate02/2/tohsakarin/chapterfate02_2_tohsakarin_224.ogg","就这样，我目送他迈向了属于魔术师的结局。","StarRailVoice/TohsakaRin_CN/ogg/voice/chapterfate02/2/tohsakarin/chapterfate02_2_tohsakarin_224.ogg","local_research_only; game_asset; do_not_redistribute","TohsakaRin_CN","chapterfate02-2","transcript_source=game_text; match=exact; confidence=1.000; review_required=false"
"tohsakarin_29bcf844449c4de2","audio/raw/TohsakaRin_CN/ogg/voice/chapterfate02/2/tohsakarin/chapterfate02_2_tohsakarin_225.ogg","那时，我还没能意识到，深爱之人的终点正是我的起点。","StarRailVoice/TohsakaRin_CN/ogg/voice/chapterfate02/2/tohsakarin/chapterfate02_2_tohsakarin_225.ogg","local_research_only; game_asset; do_not_redistribute","TohsakaRin_CN","chapterfate02-2","transcript_source=game_text; match=exact; confidence=1.000; review_required=false"
"tohsakarin_842f164c735ee405","audio/raw/TohsakaRin_CN/ogg/voice/chapterfate02/2/tohsakarin/chapterfate02_2_tohsakarin_226.ogg","我继承了他的一切。葬礼上，我接受了教会神父的监护。","StarRailVoice/TohsakaRin_CN/ogg/voice/chapterfate02/2/tohsakarin/chapterfate02_2_tohsakarin_226.ogg","local_research_only; game_asset; do_not_redistribute","TohsakaRin_CN","chapterfate02-2","transcript_source=game_text; match=exact; confidence=1.000; review_required=false"
"tohsakarin_2ae6dc55ef1e3db4","audio/raw/TohsakaRin_CN/ogg/voice/chapterfate02/2/tohsakarin/chapterfate02_2_tohsakarin_227.ogg","虽然时至今日我也依然认为他是个冒牌圣人但不得不承认如果没有他我的童年一定会更加坚辛","StarRailVoice/TohsakaRin_CN/ogg/voice/chapterfate02/2/tohsakarin/chapterfate02_2_tohsakarin_227.ogg","local_research_only; game_asset; do_not_redistribute","TohsakaRin_CN","chapterfate02-2","transcript_source=asr_fallback; match=none; confidence=0.000; review_required=true"
"tohsakarin_e3e9fa9fe2ca6c47","audio/raw/TohsakaRin_CN/ogg/voice/chapterfate02/2/tohsakarin/chapterfate02_2_tohsakarin_228.ogg","忠实尽到了监护的义务。他教会我保护自己。虽然变卖家产让学习生活压力倍增，但他至少能让我衣食无忧，这就","StarRailVoice/TohsakaRin_CN/ogg/voice/chapterfate02/2/tohsakarin/chapterfate02_2_tohsakarin_228.ogg","local_research_only; game_asset; do_not_redistribute","TohsakaRin_CN","chapterfate02-2","transcript_source=game_text; match=fuzzy; confidence=0.968; review_required=true"
"tohsakarin_8e3ed8a9619c59be","audio/raw/TohsakaRin_CN/ogg/voice/chapterfate02/2/tohsakarin/chapterfate02_2_tohsakarin_229.ogg","既要做人人向往的优等生又得捍卫魔术的底线不能与同学甚至所有普通人深交这在旁人看来或许压抑苦涩但对我来说其实没什么大不了的","StarRailVoice/TohsakaRin_CN/ogg/voice/chapterfate02/2/tohsakarin/chapterfate02_2_tohsakarin_229.ogg","local_research_only; game_asset; do_not_redistribute","TohsakaRin_CN","chapterfate02-2","transcript_source=asr_fallback; match=fuzzy; confidence=0.879; review_required=true"
"tohsakarin_74f2168a34682269","audio/raw/TohsakaRin_CN/ogg/voice/chapterfate02/2/tohsakarin/chapterfate02_2_tohsakarin_231.ogg","就有回报，我觉得没什么不好。不过，要是没有踏上魔道，人生又会变成什么样呢？我偶尔也会这样遐想。就这样来到了战争前的最后一个黄","StarRailVoice/TohsakaRin_CN/ogg/voice/chapterfate02/2/tohsakarin/chapterfate02_2_tohsakarin_231.ogg","local_research_only; game_asset; do_not_redistribute","TohsakaRin_CN","chapterfate02-2","transcript_source=game_text; match=fuzzy; confidence=0.911; review_required=true"
"tohsakarin_04ade881681bdc06","audio/raw/TohsakaRin_CN/ogg/voice/chapterfate02/2/tohsakarin/chapterfate02_2_tohsakarin_232.ogg","我假扮正常人的时间，终于就要结束了。","StarRailVoice/TohsakaRin_CN/ogg/voice/chapterfate02/2/tohsakarin/chapterfate02_2_tohsakarin_232.ogg","local_research_only; game_asset; do_not_redistribute","TohsakaRin_CN","chapterfate02-2","transcript_source=game_text; match=exact; confidence=1.000; review_required=false"
"tohsakarin_091fa06d819e3e10","audio/raw/TohsakaRin_CN/ogg/voice/chapterfate02/2/tohsakarin/chapterfate02_2_tohsakarin_233_f.ogg","嗯手机好像响了呀","StarRailVoice/TohsakaRin_CN/ogg/voice/chapterfate02/2/tohsakarin/chapterfate02_2_tohsakarin_233_f.ogg","local_research_only; game_asset; do_not_redistribute","TohsakaRin_CN","chapterfate02-2","transcript_source=asr_fallback; match=fuzzy; confidence=0.800; review_required=true"
"tohsakarin_2785fe11cbc1f36f","audio/raw/TohsakaRin_CN/ogg/voice/chapterfate02/2/tohsakarin/chapterfate02_2_tohsakarin_233_m.ogg","嗯手机好像响了呀","StarRailVoice/TohsakaRin_CN/ogg/voice/chapterfate02/2/tohsakarin/chapterfate02_2_tohsakarin_233_m.ogg","local_research_only; game_asset; do_not_redistribute","TohsakaRin_CN","chapterfate02-2","transcript_source=asr_fallback; match=fuzzy; confidence=0.800; review_required=true"
"tohsakarin_58417c7231993464","audio/raw/TohsakaRin_CN/ogg/voice/chapterfate02/2/tohsakarin/chapterfate02_2_tohsakarin_234.ogg","嗯小叶女士找我","StarRailVoice/TohsakaRin_CN/ogg/voice/chapterfate02/2/tohsakarin/chapterfate02_2_tohsakarin_234.ogg","local_research_only; game_asset; do_not_redistribute","TohsakaRin_CN","chapterfate02-2","transcript_source=asr_fallback; match=fuzzy; confidence=0.857; review_required=true"
"tohsakarin_e74d1133eb543cdc","audio/raw/TohsakaRin_CN/ogg/voice/chapterfate02/3/tohsakarin/chapterfate02_3_tohsakarin_101.ogg","怪不得以新手而言他对魔术的了解未免太深还总找借口玩消失偷偷派旁白暗中观察我们","StarRailVoice/TohsakaRin_CN/ogg/voice/chapterfate02/3/tohsakarin/chapterfate02_3_tohsakarin_101.ogg","local_research_only; game_asset; do_not_redistribute","TohsakaRin_CN","chapterfate02-3","transcript_source=asr_fallback; match=none; confidence=0.000; review_required=true"
"tohsakarin_a65fbf1bd38c92f3","audio/raw/TohsakaRin_CN/ogg/voice/chapterfate02/3/tohsakarin/chapterfate02_3_tohsakarin_102.ogg","不过，我从一开始就探不出他任何从者的痕迹。","StarRailVoice/TohsakaRin_CN/ogg/voice/chapterfate02/3/tohsakarin/chapterfate02_3_tohsakarin_102.ogg","local_research_only; game_asset; do_not_redistribute","TohsakaRin_CN","chapterfate02-3","transcript_source=game_text; match=exact; confidence=1.000; review_required=false"
"tohsakarin_24d88d24171a48ea","audio/raw/TohsakaRin_CN/ogg/voice/chapterfate02/3/tohsakarin/chapterfate02_3_tohsakarin_103.ogg","难道不是我说","StarRailVoice/TohsakaRin_CN/ogg/voice/chapterfate02/3/tohsakarin/chapterfate02_3_tohsakarin_103.ogg","local_research_only; game_asset; do_not_redistribute","TohsakaRin_CN","chapterfate02-3","transcript_source=asr_fallback; match=fuzzy; confidence=0.727; review_required=true"
"tohsakarin_42b20b4dc46973a1","audio/raw/TohsakaRin_CN/ogg/voice/chapterfate02/3/tohsakarin/chapterfate02_3_tohsakarin_104.ogg","等下！他为什么会背叛我们？","StarRailVoice/TohsakaRin_CN/ogg/voice/chapterfate02/3/tohsakarin/chapterfate02_3_tohsakarin_104.ogg","local_research_only; game_asset; do_not_redistribute","TohsakaRin_CN","chapterfate02-3","transcript_source=game_text; match=exact; confidence=1.000; review_required=false"
"tohsakarin_9849b154cf3c8620","audio/raw/TohsakaRin_CN/ogg/voice/chapterfate02/3/tohsakarin/chapterfate02_3_tohsakarin_105.ogg","给提上魔术师","StarRailVoice/TohsakaRin_CN/ogg/voice/chapterfate02/3/tohsakarin/chapterfate02_3_tohsakarin_105.ogg","local_research_only; game_asset; do_not_redistribute","TohsakaRin_CN","chapterfate02-3","transcript_source=asr_fallback; match=fuzzy; confidence=0.727; review_required=true"
"tohsakarin_41891f3c19e92887","audio/raw/TohsakaRin_CN/ogg/voice/chapterfate02/3/tohsakarin/chapterfate02_3_tohsakarin_106.ogg","然后，他为什么会背叛我们？","StarRailVoice/TohsakaRin_CN/ogg/voice/chapterfate02/3/tohsakarin/chapterfate02_3_tohsakarin_106.ogg","local_research_only; game_asset; do_not_redistribute","TohsakaRin_CN","chapterfate02-3","transcript_source=game_text; match=exact; confidence=1.000; review_required=false"
"tohsakarin_e876fd4595d63afe","audio/raw/TohsakaRin_CN/ogg/voice/chapterfate02/3/tohsakarin/chapterfate02_3_tohsakarin_107.ogg","呃哎还真是小叶女士的风格","StarRailVoice/TohsakaRin_CN/ogg/voice/chapterfate02/3/tohsakarin/chapterfate02_3_tohsakarin_107.ogg","local_research_only; game_asset; do_not_redistribute","TohsakaRin_CN","chapterfate02-3","transcript_source=asr_fallback; match=fuzzy; confidence=0.818; review_required=true"
"tohsakarin_de673ae8a798c545","audio/raw/TohsakaRin_CN/ogg/voice/chapterfate02/3/tohsakarin/chapterfate02_3_tohsakarin_108.ogg","接下来恐怕就是动真格了——让我们一起优雅从容地面对吧。","StarRailVoice/TohsakaRin_CN/ogg/voice/chapterfate02/3/tohsakarin/chapterfate02_3_tohsakarin_108.ogg","local_research_only; game_asset; do_not_redistribute","TohsakaRin_CN","chapterfate02-3","transcript_source=game_text; match=fuzzy; confidence=0.939; review_required=true"
"tohsakarin_15d19d61d85130ae","audio/raw/TohsakaRin_CN/ogg/voice/chapterfate02/3/tohsakarin/chapterfate02_3_tohsakarin_110.ogg","生命体征稳定，像是睡着了。这就是「调律」吗？——","StarRailVoice/TohsakaRin_CN/ogg/voice/chapterfate02/3/tohsakarin/chapterfate02_3_tohsakarin_110.ogg","local_research_only; game_asset; do_not_redistribute","TohsakaRin_CN","chapterfate02-3","transcript_source=game_text; match=fuzzy; confidence=0.941; review_required=true"
"tohsakarin_978eff5994f15bb7","audio/raw/TohsakaRin_CN/ogg/voice/chapterfate02/3/tohsakarin/chapterfate02_3_tohsakarin_111.ogg","哈哈","StarRailVoice/TohsakaRin_CN/ogg/voice/chapterfate02/3/tohsakarin/chapterfate02_3_tohsakarin_111.ogg","local_research_only; game_asset; do_not_redistribute","TohsakaRin_CN","chapterfate02-3","transcript_source=game_text; match=exact; confidence=1.000; review_required=false"
"tohsakarin_c23e11710ed3e6d0","audio/raw/TohsakaRin_CN/ogg/voice/chapterfate02/3/tohsakarin/chapterfate02_3_tohsakarin_112.ogg","这…和美梦完全不一样。","StarRailVoice/TohsakaRin_CN/ogg/voice/chapterfate02/3/tohsakarin/chapterfate02_3_tohsakarin_112.ogg","local_research_only; game_asset; do_not_redistribute","TohsakaRin_CN","chapterfate02-3","transcript_source=game_text; match=exact; confidence=1.000; review_required=false"
"tohsakarin_43fb6b68cb740451","audio/raw/TohsakaRin_CN/ogg/voice/chapterfate02/3/tohsakarin/chapterfate02_3_tohsakarin_113.ogg","…是「死亡」的气息。","StarRailVoice/TohsakaRin_CN/ogg/voice/chapterfate02/3/tohsakarin/chapterfate02_3_tohsakarin_113.ogg","local_research_only; game_asset; do_not_redistribute","TohsakaRin_CN","chapterfate02-3","transcript_source=game_text; match=exact; confidence=1.000; review_required=false"
"tohsakarin_2621ad3f1e246c5a","audio/raw/TohsakaRin_CN/ogg/voice/chapterfate02/3/tohsakarin/chapterfate02_3_tohsakarin_114.ogg","同意。而且是规模不小的结界魔术。","StarRailVoice/TohsakaRin_CN/ogg/voice/chapterfate02/3/tohsakarin/chapterfate02_3_tohsakarin_114.ogg","local_research_only; game_asset; do_not_redistribute","TohsakaRin_CN","chapterfate02-3","transcript_source=game_text; match=exact; confidence=1.000; review_required=false"
"tohsakarin_d3ba5f38160788a3","audio/raw/TohsakaRin_CN/ogg/voice/chapterfate02/3/tohsakarin/chapterfate02_3_tohsakarin_115.ogg","当然，结界魔术而已。","StarRailVoice/TohsakaRin_CN/ogg/voice/chapterfate02/3/tohsakarin/chapterfate02_3_tohsakarin_115.ogg","local_research_only; game_asset; do_not_redistribute","TohsakaRin_CN","chapterfate02-3","transcript_source=game_text; match=exact; confidence=1.000; review_required=false"
"tohsakarin_1141b1502aec098c","audio/raw/TohsakaRin_CN/ogg/voice/chapterfate02/3/tohsakarin/chapterfate02_3_tohsakarin_116.ogg","回头是知道结节魔术的规则吗","StarRailVoice/TohsakaRin_CN/ogg/voice/chapterfate02/3/tohsakarin/chapterfate02_3_tohsakarin_116.ogg","local_research_only; game_asset; do_not_redistribute","TohsakaRin_CN","chapterfate02-3","transcript_source=asr_fallback; match=fuzzy; confidence=0.769; review_required=true"
"tohsakarin_8025cb474c887e5d","audio/raw/TohsakaRin_CN/ogg/voice/chapterfate02/3/tohsakarin/chapterfate02_3_tohsakarin_117.ogg","本质上是<color=#dbc291ff>在一定范围内附加对施术者有利的法则</color>。只要搞清楚，就能把影响降到最低。","StarRailVoice/TohsakaRin_CN/ogg/voice/chapterfate02/3/tohsakarin/chapterfate02_3_tohsakarin_117.ogg","local_research_only; game_asset; do_not_redistribute","TohsakaRin_CN","chapterfate02-3","transcript_source=game_text; match=fuzzy; confidence=0.959; review_required=true"
"tohsakarin_5ee60d1d9c55bd46","audio/raw/TohsakaRin_CN/ogg/voice/chapterfate02/3/tohsakarin/chapterfate02_3_tohsakarin_118.ogg","这道结界回荡着呼唤，似乎能干涉精神稳定。如果听从声音回头，后果恐怕不堪设想……","StarRailVoice/TohsakaRin_CN/ogg/voice/chapterfate02/3/tohsakarin/chapterfate02_3_tohsakarin_118.ogg","local_research_only; game_asset; do_not_redistribute","TohsakaRin_CN","chapterfate02-3","transcript_source=game_text; match=fuzzy; confidence=0.941; review_required=true"
"tohsakarin_e4096f155bd9112f","audio/raw/TohsakaRin_CN/ogg/voice/chapterfate02/3/tohsakarin/chapterfate02_3_tohsakarin_119.ogg","所以——只要声音传不到耳朵里，这道结界就不攻自破！","StarRailVoice/TohsakaRin_CN/ogg/voice/chapterfate02/3/tohsakarin/chapterfate02_3_tohsakarin_119.ogg","local_research_only; game_asset; do_not_redistribute","TohsakaRin_CN","chapterfate02-3","transcript_source=game_text; match=exact; confidence=1.000; review_required=false"
"tohsakarin_5cb5d2ebb22a0c9f","audio/raw/TohsakaRin_CN/ogg/voice/chapterfate02/3/tohsakarin/chapterfate02_3_tohsakarin_120.ogg","来吧，让我施个切换背景音乐的魔术。想听点什么？","StarRailVoice/TohsakaRin_CN/ogg/voice/chapterfate02/3/tohsakarin/chapterfate02_3_tohsakarin_120.ogg","local_research_only; game_asset; do_not_redistribute","TohsakaRin_CN","chapterfate02-3","transcript_source=game_text; match=fuzzy; confidence=0.950; review_required=true"
"tohsakarin_03a3f0f52e178b36","audio/raw/TohsakaRin_CN/ogg/voice/chapterfate02/3/tohsakarin/chapterfate02_3_tohsakarin_121.ogg","大气？没问题！","StarRailVoice/TohsakaRin_CN/ogg/voice/chapterfate02/3/tohsakarin/chapterfate02_3_tohsakarin_121.ogg","local_research_only; game_asset; do_not_redistribute","TohsakaRin_CN","chapterfate02-3","transcript_source=game_text; match=exact; confidence=1.000; review_required=false"
"tohsakarin_73e81efdfa63d099","audio/raw/TohsakaRin_CN/ogg/voice/chapterfate02/3/tohsakarin/chapterfate02_3_tohsakarin_122.ogg","好，就这样用气势压倒对手！","StarRailVoice/TohsakaRin_CN/ogg/voice/chapterfate02/3/tohsakarin/chapterfate02_3_tohsakarin_122.ogg","local_research_only; game_asset; do_not_redistribute","TohsakaRin_CN","chapterfate02-3","transcript_source=game_text; match=exact; confidence=1.000; review_required=false"
"tohsakarin_f22ac5063dc3b318","audio/raw/TohsakaRin_CN/ogg/voice/chapterfate02/3/tohsakarin/chapterfate02_3_tohsakarin_123.ogg","造的哦动感就可以吧","StarRailVoice/TohsakaRin_CN/ogg/voice/chapterfate02/3/tohsakarin/chapterfate02_3_tohsakarin_123.ogg","local_research_only; game_asset; do_not_redistribute","TohsakaRin_CN","chapterfate02-3","transcript_source=asr_fallback; match=fuzzy; confidence=0.778; review_required=true"
"tohsakarin_abf052cace713c4b","audio/raw/TohsakaRin_CN/ogg/voice/chapterfate02/3/tohsakarin/chapterfate02_3_tohsakarin_124.ogg","身体不自觉地摇起来了…让这片战场成为我们的舞台吧！","StarRailVoice/TohsakaRin_CN/ogg/voice/chapterfate02/3/tohsakarin/chapterfate02_3_tohsakarin_124.ogg","local_research_only; game_asset; do_not_redistribute","TohsakaRin_CN","chapterfate02-3","transcript_source=game_text; match=fuzzy; confidence=0.957; review_required=true"
"tohsakarin_52a860d44a310f82","audio/raw/TohsakaRin_CN/ogg/voice/chapterfate02/3/tohsakarin/chapterfate02_3_tohsakarin_125.ogg","欢愉？让我找找……","StarRailVoice/TohsakaRin_CN/ogg/voice/chapterfate02/3/tohsakarin/chapterfate02_3_tohsakarin_125.ogg","local_research_only; game_asset; do_not_redistribute","TohsakaRin_CN","chapterfate02-3","transcript_source=game_text; match=fuzzy; confidence=0.923; review_required=true"
"tohsakarin_ad197edc78f1f3a5","audio/raw/TohsakaRin_CN/ogg/voice/chapterfate02/3/tohsakarin/chapterfate02_3_tohsakarin_126.ogg","…完全没气氛了！但也好，就这样轻松地拿下坏蛋吧！","StarRailVoice/TohsakaRin_CN/ogg/voice/chapterfate02/3/tohsakarin/chapterfate02_3_tohsakarin_126.ogg","local_research_only; game_asset; do_not_redistribute","TohsakaRin_CN","chapterfate02-3","transcript_source=game_text; match=fuzzy; confidence=0.900; review_required=true"
"tohsakarin_103b632feb4257e7","audio/raw/TohsakaRin_CN/ogg/voice/chapterfate02/3/tohsakarin/chapterfate02_3_tohsakarin_128.ogg","很简单。毕竟有位伟人曾经说过：「音乐是最先诞生在这世界上的魔法」……","StarRailVoice/TohsakaRin_CN/ogg/voice/chapterfate02/3/tohsakarin/chapterfate02_3_tohsakarin_128.ogg","local_research_only; game_asset; do_not_redistribute","TohsakaRin_CN","chapterfate02-3","transcript_source=game_text; match=fuzzy; confidence=0.982; review_required=true"
"tohsakarin_626bc136f33013de","audio/raw/TohsakaRin_CN/ogg/voice/chapterfate02/3/tohsakarin/chapterfate02_3_tohsakarin_129.ogg","魔术师师","StarRailVoice/TohsakaRin_CN/ogg/voice/chapterfate02/3/tohsakarin/chapterfate02_3_tohsakarin_129.ogg","local_research_only; game_asset; do_not_redistribute","TohsakaRin_CN","chapterfate02-3","transcript_source=asr_fallback; match=fuzzy; confidence=0.857; review_required=true"
"tohsakarin_f373e52144cdd748","audio/raw/TohsakaRin_CN/ogg/voice/chapterfate02/3/tohsakarin/chapterfate02_3_tohsakarin_130.ogg","啊花海","StarRailVoice/TohsakaRin_CN/ogg/voice/chapterfate02/3/tohsakarin/chapterfate02_3_tohsakarin_130.ogg","local_research_only; game_asset; do_not_redistribute","TohsakaRin_CN","chapterfate02-3","transcript_source=asr_fallback; match=fuzzy; confidence=0.800; review_required=true"
"tohsakarin_a1427f1a3cde5a09","audio/raw/TohsakaRin_CN/ogg/voice/chapterfate02/3/tohsakarin/chapterfate02_3_tohsakarin_131.ogg","是施术者心中风景的巨献固有结界吗","StarRailVoice/TohsakaRin_CN/ogg/voice/chapterfate02/3/tohsakarin/chapterfate02_3_tohsakarin_131.ogg","local_research_only; game_asset; do_not_redistribute","TohsakaRin_CN","chapterfate02-3","transcript_source=asr_fallback; match=fuzzy; confidence=0.875; review_required=true"
"tohsakarin_30fe5111709214a6","audio/raw/TohsakaRin_CN/ogg/voice/chapterfate02/3/tohsakarin/chapterfate02_3_tohsakarin_132.ogg","都不许动！你们的黑暗交易到此为止了！","StarRailVoice/TohsakaRin_CN/ogg/voice/chapterfate02/3/tohsakarin/chapterfate02_3_tohsakarin_132.ogg","local_research_only; game_asset; do_not_redistribute","TohsakaRin_CN","chapterfate02-3","transcript_source=game_text; match=exact; confidence=1.000; review_required=false"
"tohsakarin_b2bbb3092d323f8f","audio/raw/TohsakaRin_CN/ogg/voice/chapterfate02/3/tohsakarin/chapterfate02_3_tohsakarin_133.ogg","呃还有你吗","StarRailVoice/TohsakaRin_CN/ogg/voice/chapterfate02/3/tohsakarin/chapterfate02_3_tohsakarin_133.ogg","local_research_only; game_asset; do_not_redistribute","TohsakaRin_CN","chapterfate02-3","transcript_source=asr_fallback; match=fuzzy; confidence=0.889; review_required=true"
"tohsakarin_2c6f64ffc32ea084","audio/raw/TohsakaRin_CN/ogg/voice/chapterfate02/3/tohsakarin/chapterfate02_3_tohsakarin_134.ogg","那就只能趁热喝了吧……","StarRailVoice/TohsakaRin_CN/ogg/voice/chapterfate02/3/tohsakarin/chapterfate02_3_tohsakarin_134.ogg","local_research_only; game_asset; do_not_redistribute","TohsakaRin_CN","chapterfate02-3","transcript_source=game_text; match=exact; confidence=1.000; review_required=false"
"tohsakarin_b1c89ef782df4015","audio/raw/TohsakaRin_CN/ogg/voice/chapterfate02/3/tohsakarin/chapterfate02_3_tohsakarin_135.ogg","帅德小姐你根本不想战斗对不对如果被绑架了就眨眨眼","StarRailVoice/TohsakaRin_CN/ogg/voice/chapterfate02/3/tohsakarin/chapterfate02_3_tohsakarin_135.ogg","local_research_only; game_asset; do_not_redistribute","TohsakaRin_CN","chapterfate02-3","transcript_source=asr_fallback; match=none; confidence=0.000; review_required=true"
"tohsakarin_8002c0f08cab9932","audio/raw/TohsakaRin_CN/ogg/voice/chapterfate02/3/tohsakarin/chapterfate02_3_tohsakarin_136.ogg","帅德小姐你根本不想战斗对不对如果被绑架了就眨眨眼","StarRailVoice/TohsakaRin_CN/ogg/voice/chapterfate02/3/tohsakarin/chapterfate02_3_tohsakarin_136.ogg","local_research_only; game_asset; do_not_redistribute","TohsakaRin_CN","chapterfate02-3","transcript_source=asr_fallback; match=none; confidence=0.000; review_required=true"
"tohsakarin_38609f927a0e790c","audio/raw/TohsakaRin_CN/ogg/voice/chapterfate02/3/tohsakarin/chapterfate02_3_tohsakarin_137_f.ogg","菲德小姐你根本不想战斗对不对请照他说的做吧","StarRailVoice/TohsakaRin_CN/ogg/voice/chapterfate02/3/tohsakarin/chapterfate02_3_tohsakarin_137_f.ogg","local_research_only; game_asset; do_not_redistribute","TohsakaRin_CN","chapterfate02-3","transcript_source=asr_fallback; match=fuzzy; confidence=0.818; review_required=true"
"tohsakarin_5a62dd36c742af9b","audio/raw/TohsakaRin_CN/ogg/voice/chapterfate02/3/tohsakarin/chapterfate02_3_tohsakarin_137_m.ogg","菲德小姐你根本不想战斗对不对请照他说的做吧","StarRailVoice/TohsakaRin_CN/ogg/voice/chapterfate02/3/tohsakarin/chapterfate02_3_tohsakarin_137_m.ogg","local_research_only; game_asset; do_not_redistribute","TohsakaRin_CN","chapterfate02-3","transcript_source=asr_fallback; match=fuzzy; confidence=0.818; review_required=true"
"tohsakarin_90f05564e02d1530","audio/raw/TohsakaRin_CN/ogg/voice/chapterfate02/3/tohsakarin/chapterfate02_3_tohsakarin_138.ogg","啊是股压迫感","StarRailVoice/TohsakaRin_CN/ogg/voice/chapterfate02/3/tohsakarin/chapterfate02_3_tohsakarin_138.ogg","local_research_only; game_asset; do_not_redistribute","TohsakaRin_CN","chapterfate02-3","transcript_source=asr_fallback; match=none; confidence=0.000; review_required=true"
"tohsakarin_c95fe57e35da019a","audio/raw/TohsakaRin_CN/ogg/voice/chapterfate02/3/tohsakarin/chapterfate02_3_tohsakarin_139_f.ogg","不对…快躲开，{NICKNAME}…！","StarRailVoice/TohsakaRin_CN/ogg/voice/chapterfate02/3/tohsakarin/chapterfate02_3_tohsakarin_139_f.ogg","local_research_only; game_asset; do_not_redistribute","TohsakaRin_CN","chapterfate02-3","transcript_source=game_text; match=exact; confidence=1.000; review_required=false"
"tohsakarin_db1213453d3afd75","audio/raw/TohsakaRin_CN/ogg/voice/chapterfate02/3/tohsakarin/chapterfate02_3_tohsakarin_139_m.ogg","不对…快躲开，{NICKNAME}…！","StarRailVoice/TohsakaRin_CN/ogg/voice/chapterfate02/3/tohsakarin/chapterfate02_3_tohsakarin_139_m.ogg","local_research_only; game_asset; do_not_redistribute","TohsakaRin_CN","chapterfate02-3","transcript_source=game_text; match=exact; confidence=1.000; review_required=false"
"tohsakarin_64964f8c02b133d1","audio/raw/TohsakaRin_CN/ogg/voice/chapterfate02/3/tohsakarin/chapterfate02_3_tohsakarin_140.ogg","对应那场圣杯战争里阿赤主从的人是你们","StarRailVoice/TohsakaRin_CN/ogg/voice/chapterfate02/3/tohsakarin/chapterfate02_3_tohsakarin_140.ogg","local_research_only; game_asset; do_not_redistribute","TohsakaRin_CN","chapterfate02-3","transcript_source=asr_fallback; match=fuzzy; confidence=0.800; review_required=true"
"tohsakarin_e2d8f59446111650","audio/raw/TohsakaRin_CN/ogg/voice/chapterfate02/3/tohsakarin/chapterfate02_3_tohsakarin_141.ogg","你是谁长得和我一样巴扯又为什么会站在你那边","StarRailVoice/TohsakaRin_CN/ogg/voice/chapterfate02/3/tohsakarin/chapterfate02_3_tohsakarin_141.ogg","local_research_only; game_asset; do_not_redistribute","TohsakaRin_CN","chapterfate02-3","transcript_source=asr_fallback; match=fuzzy; confidence=0.826; review_required=true"
"tohsakarin_b829e37ccc2e8b37","audio/raw/TohsakaRin_CN/ogg/voice/chapterfate02/3/tohsakarin/chapterfate02_3_tohsakarin_142.ogg","啊其实塔尔","StarRailVoice/TohsakaRin_CN/ogg/voice/chapterfate02/3/tohsakarin/chapterfate02_3_tohsakarin_142.ogg","local_research_only; game_asset; do_not_redistribute","TohsakaRin_CN","chapterfate02-3","transcript_source=asr_fallback; match=none; confidence=0.000; review_required=true"
"tohsakarin_a0c0af6a83c5addd","audio/raw/TohsakaRin_CN/ogg/voice/chapterfate02/3/tohsakarin/chapterfate02_3_tohsakarin_144.ogg","…是<color=#dbc291ff>我自己</color>。","StarRailVoice/TohsakaRin_CN/ogg/voice/chapterfate02/3/tohsakarin/chapterfate02_3_tohsakarin_144.ogg","local_research_only; game_asset; do_not_redistribute","TohsakaRin_CN","chapterfate02-3","transcript_source=game_text; match=exact; confidence=1.000; review_required=false"
"tohsakarin_31dc95736229390c","audio/raw/TohsakaRin_CN/ogg/voice/chapterfate02/3/tohsakarin/chapterfate02_3_tohsakarin_145.ogg","（真想不到，居然会来到一个完全和魔术毫无瓜葛的世界……）","StarRailVoice/TohsakaRin_CN/ogg/voice/chapterfate02/3/tohsakarin/chapterfate02_3_tohsakarin_145.ogg","local_research_only; game_asset; do_not_redistribute","TohsakaRin_CN","chapterfate02-3","transcript_source=game_text; match=exact; confidence=1.000; review_required=false"
"tohsakarin_f455435b4d44b823","audio/raw/TohsakaRin_CN/ogg/voice/chapterfate02/3/tohsakarin/chapterfate02_3_tohsakarin_146.ogg","种荒诞的展开，简直像是在嘲笑我一样——所谓「完美」的应对方案，在这种彻底否定魔术的世界里，根本就是个伪","StarRailVoice/TohsakaRin_CN/ogg/voice/chapterfate02/3/tohsakarin/chapterfate02_3_tohsakarin_146.ogg","local_research_only; game_asset; do_not_redistribute","TohsakaRin_CN","chapterfate02-3","transcript_source=game_text; match=fuzzy; confidence=0.957; review_required=true"
"tohsakarin_46bc916255619bda","audio/raw/TohsakaRin_CN/ogg/voice/chapterfate02/3/tohsakarin/chapterfate02_3_tohsakarin_147.ogg","你到底想要什么？","StarRailVoice/TohsakaRin_CN/ogg/voice/chapterfate02/3/tohsakarin/chapterfate02_3_tohsakarin_147.ogg","local_research_only; game_asset; do_not_redistribute","TohsakaRin_CN","chapterfate02-3","transcript_source=game_text; match=exact; confidence=1.000; review_required=false"
"tohsakarin_efc51f499fdf3229","audio/raw/TohsakaRin_CN/ogg/voice/chapterfate02/3/tohsakarin/chapterfate02_3_tohsakarin_148.ogg","神秘哪有那么好当","StarRailVoice/TohsakaRin_CN/ogg/voice/chapterfate02/3/tohsakarin/chapterfate02_3_tohsakarin_148.ogg","local_research_only; game_asset; do_not_redistribute","TohsakaRin_CN","chapterfate02-3","transcript_source=asr_fallback; match=fuzzy; confidence=0.875; review_required=true"
"tohsakarin_9a1a05531eb12de8","audio/raw/TohsakaRin_CN/ogg/voice/chapterfate02/3/tohsakarin/chapterfate02_3_tohsakarin_149.ogg","呃等等","StarRailVoice/TohsakaRin_CN/ogg/voice/chapterfate02/3/tohsakarin/chapterfate02_3_tohsakarin_149.ogg","local_research_only; game_asset; do_not_redistribute","TohsakaRin_CN","chapterfate02-3","transcript_source=asr_fallback; match=fuzzy; confidence=0.800; review_required=true"
"tohsakarin_fca180b6cf272992","audio/raw/TohsakaRin_CN/ogg/voice/chapterfate02/3/tohsakarin/chapterfate02_3_tohsakarin_150.ogg","<color=#dbc291ff>这么说…之前在天台上袭击我的人，不是金闪闪，而是你…？</color>","StarRailVoice/TohsakaRin_CN/ogg/voice/chapterfate02/3/tohsakarin/chapterfate02_3_tohsakarin_150.ogg","local_research_only; game_asset; do_not_redistribute","TohsakaRin_CN","chapterfate02-3","transcript_source=game_text; match=exact; confidence=1.000; review_required=false"
"tohsakarin_7e95f2ae8bf6b2db","audio/raw/TohsakaRin_CN/ogg/voice/chapterfate02/3/tohsakarin/chapterfate02_3_tohsakarin_151.ogg","三对一。我不是从者，对魔术战也颇有心得。","StarRailVoice/TohsakaRin_CN/ogg/voice/chapterfate02/3/tohsakarin/chapterfate02_3_tohsakarin_151.ogg","local_research_only; game_asset; do_not_redistribute","TohsakaRin_CN","chapterfate02-3","transcript_source=game_text; match=exact; confidence=1.000; review_required=false"
"tohsakarin_0131a4c87c8cb064","audio/raw/TohsakaRin_CN/ogg/voice/chapterfate02/3/tohsakarin/chapterfate02_3_tohsakarin_152.ogg","休战，还是鱼死网破？你来选。","StarRailVoice/TohsakaRin_CN/ogg/voice/chapterfate02/3/tohsakarin/chapterfate02_3_tohsakarin_152.ogg","local_research_only; game_asset; do_not_redistribute","TohsakaRin_CN","chapterfate02-3","transcript_source=game_text; match=exact; confidence=1.000; review_required=false"
"tohsakarin_8324dec0395a26f5","audio/raw/TohsakaRin_CN/ogg/voice/chapterfate02/3/tohsakarin/chapterfate02_3_tohsakarin_153.ogg","啊我也很意外了","StarRailVoice/TohsakaRin_CN/ogg/voice/chapterfate02/3/tohsakarin/chapterfate02_3_tohsakarin_153.ogg","local_research_only; game_asset; do_not_redistribute","TohsakaRin_CN","chapterfate02-3","transcript_source=asr_fallback; match=fuzzy; confidence=0.769; review_required=true"
"tohsakarin_ad9e10d7b30f5806","audio/raw/TohsakaRin_CN/ogg/voice/chapterfate02/3/tohsakarin/chapterfate02_3_tohsakarin_154.ogg","总之，先盘点下现状吧。","StarRailVoice/TohsakaRin_CN/ogg/voice/chapterfate02/3/tohsakarin/chapterfate02_3_tohsakarin_154.ogg","local_research_only; game_asset; do_not_redistribute","TohsakaRin_CN","chapterfate02-3","transcript_source=game_text; match=exact; confidence=1.000; review_required=false"
"tohsakarin_2f5b72cf6faf83ef","audio/raw/TohsakaRin_CN/ogg/voice/chapterfate02/3/tohsakarin/chapterfate02_3_tohsakarin_155.ogg","第一，侦探先生推理出了真凶不是火花，而是她背后的伊什塔尔，这才假意叛变，试图策反她。","StarRailVoice/TohsakaRin_CN/ogg/voice/chapterfate02/3/tohsakarin/chapterfate02_3_tohsakarin_155.ogg","local_research_only; game_asset; do_not_redistribute","TohsakaRin_CN","chapterfate02-3","transcript_source=game_text; match=fuzzy; confidence=0.946; review_required=true"
"tohsakarin_c4d024e9fb48bd28","audio/raw/TohsakaRin_CN/ogg/voice/chapterfate02/3/tohsakarin/chapterfate02_3_tohsakarin_156.ogg","第二，为了胜利，火花想要借刀背刺女神，这才同意和他见面。","StarRailVoice/TohsakaRin_CN/ogg/voice/chapterfate02/3/tohsakarin/chapterfate02_3_tohsakarin_156.ogg","local_research_only; game_asset; do_not_redistribute","TohsakaRin_CN","chapterfate02-3","transcript_source=game_text; match=fuzzy; confidence=0.958; review_required=true"
"tohsakarin_1de23ee07f5b9e69","audio/raw/TohsakaRin_CN/ogg/voice/chapterfate02/3/tohsakarin/chapterfate02_3_tohsakarin_157.ogg","第三，貌合神离的两人一拍即合，假借会面设下圈套，引诱女神出面……","StarRailVoice/TohsakaRin_CN/ogg/voice/chapterfate02/3/tohsakarin/chapterfate02_3_tohsakarin_157.ogg","local_research_only; game_asset; do_not_redistribute","TohsakaRin_CN","chapterfate02-3","transcript_source=game_text; match=exact; confidence=1.000; review_required=false"
"tohsakarin_7172b0f931f92b1a","audio/raw/TohsakaRin_CN/ogg/voice/chapterfate02/3/tohsakarin/chapterfate02_3_tohsakarin_158.ogg","可惜这两个大笨蛋都把我当成了女神从来没想过世界上还有另一个我嗯虽然我也没想到就是了","StarRailVoice/TohsakaRin_CN/ogg/voice/chapterfate02/3/tohsakarin/chapterfate02_3_tohsakarin_158.ogg","local_research_only; game_asset; do_not_redistribute","TohsakaRin_CN","chapterfate02-3","transcript_source=asr_fallback; match=none; confidence=0.000; review_required=true"
"tohsakarin_1f0b62f229dc4863","audio/raw/TohsakaRin_CN/ogg/voice/chapterfate02/3/tohsakarin/chapterfate02_3_tohsakarin_159.ogg","一起可可爱爱！","StarRailVoice/TohsakaRin_CN/ogg/voice/chapterfate02/3/tohsakarin/chapterfate02_3_tohsakarin_159.ogg","local_research_only; game_asset; do_not_redistribute","TohsakaRin_CN","chapterfate02-3","transcript_source=game_text; match=contains; confidence=0.900; review_required=false"
"tohsakarin_6e4a074caa9e9103","audio/raw/TohsakaRin_CN/ogg/voice/chapterfate02/3/tohsakarin/chapterfate02_3_tohsakarin_160.ogg","圣杯已经不再是许愿机了…她要这个做什么？","StarRailVoice/TohsakaRin_CN/ogg/voice/chapterfate02/3/tohsakarin/chapterfate02_3_tohsakarin_160.ogg","local_research_only; game_asset; do_not_redistribute","TohsakaRin_CN","chapterfate02-3","transcript_source=game_text; match=fuzzy; confidence=0.944; review_required=true"
"tohsakarin_156ed55626baca3a","audio/raw/TohsakaRin_CN/ogg/voice/chapterfate02/3/tohsakarin/chapterfate02_3_tohsakarin_161.ogg","<color=#dbc291ff>你是说…她想挣脱愿力束缚，为自己打造真正的神躯？</color>","StarRailVoice/TohsakaRin_CN/ogg/voice/chapterfate02/3/tohsakarin/chapterfate02_3_tohsakarin_161.ogg","local_research_only; game_asset; do_not_redistribute","TohsakaRin_CN","chapterfate02-3","transcript_source=game_text; match=fuzzy; confidence=0.905; review_required=true"
"tohsakarin_6f73f35e55208f3d","audio/raw/TohsakaRin_CN/ogg/voice/chapterfate02/3/tohsakarin/chapterfate02_3_tohsakarin_162.ogg","到了这份上…只能正面应战了啊。","StarRailVoice/TohsakaRin_CN/ogg/voice/chapterfate02/3/tohsakarin/chapterfate02_3_tohsakarin_162.ogg","local_research_only; game_asset; do_not_redistribute","TohsakaRin_CN","chapterfate02-3","transcript_source=game_text; match=fuzzy; confidence=0.923; review_required=true"
"tohsakarin_03f5d9673667446c","audio/raw/TohsakaRin_CN/ogg/voice/chapterfate02/3/tohsakarin/chapterfate02_3_tohsakarin_163.ogg","啊真没想到会这样卷入漩涡中心阿成还站在对面","StarRailVoice/TohsakaRin_CN/ogg/voice/chapterfate02/3/tohsakarin/chapterfate02_3_tohsakarin_163.ogg","local_research_only; game_asset; do_not_redistribute","TohsakaRin_CN","chapterfate02-3","transcript_source=asr_fallback; match=none; confidence=0.000; review_required=true"
"tohsakarin_321ea76e29886417","audio/raw/TohsakaRin_CN/ogg/voice/chapterfate02/3/tohsakarin/chapterfate02_3_tohsakarin_164.ogg","也是让我碰上这种戏码了…命运也太讽刺了吧。","StarRailVoice/TohsakaRin_CN/ogg/voice/chapterfate02/3/tohsakarin/chapterfate02_3_tohsakarin_164.ogg","local_research_only; game_asset; do_not_redistribute","TohsakaRin_CN","chapterfate02-3","transcript_source=game_text; match=exact; confidence=1.000; review_required=false"
"tohsakarin_b06145766ce8390e","audio/raw/TohsakaRin_CN/ogg/voice/chapterfate02/3/tohsakarin/chapterfate02_3_tohsakarin_165.ogg","…不一样。或者说，有本质区别。","StarRailVoice/TohsakaRin_CN/ogg/voice/chapterfate02/3/tohsakarin/chapterfate02_3_tohsakarin_165.ogg","local_research_only; game_asset; do_not_redistribute","TohsakaRin_CN","chapterfate02-3","transcript_source=game_text; match=fuzzy; confidence=0.957; review_required=true"
"tohsakarin_36ae937fd6ed8b31","audio/raw/TohsakaRin_CN/ogg/voice/chapterfate02/3/tohsakarin/chapterfate02_3_tohsakarin_166.ogg","当局者迷旁观者清，但只有亲身体会过两种立场的人，才能明白其中真正复杂的问题。","StarRailVoice/TohsakaRin_CN/ogg/voice/chapterfate02/3/tohsakarin/chapterfate02_3_tohsakarin_166.ogg","local_research_only; game_asset; do_not_redistribute","TohsakaRin_CN","chapterfate02-3","transcript_source=game_text; match=exact; confidence=1.000; review_required=false"
"tohsakarin_e837eb0647097dd5","audio/raw/TohsakaRin_CN/ogg/voice/chapterfate02/3/tohsakarin/chapterfate02_3_tohsakarin_169_f.ogg","谢谢你","StarRailVoice/TohsakaRin_CN/ogg/voice/chapterfate02/3/tohsakarin/chapterfate02_3_tohsakarin_169_f.ogg","local_research_only; game_asset; do_not_redistribute","TohsakaRin_CN","chapterfate02-3","transcript_source=game_text; match=exact; confidence=1.000; review_required=false"
"tohsakarin_2ea83d41b6894e7a","audio/raw/TohsakaRin_CN/ogg/voice/chapterfate02/3/tohsakarin/chapterfate02_3_tohsakarin_169_m.ogg","谢谢你","StarRailVoice/TohsakaRin_CN/ogg/voice/chapterfate02/3/tohsakarin/chapterfate02_3_tohsakarin_169_m.ogg","local_research_only; game_asset; do_not_redistribute","TohsakaRin_CN","chapterfate02-3","transcript_source=game_text; match=exact; confidence=1.000; review_required=false"
"tohsakarin_9865e35597384207","audio/raw/TohsakaRin_CN/ogg/voice/chapterfate02/3/tohsakarin/chapterfate02_3_tohsakarin_170_f.ogg","原来你也会偶尔说这种深刻的话","StarRailVoice/TohsakaRin_CN/ogg/voice/chapterfate02/3/tohsakarin/chapterfate02_3_tohsakarin_170_f.ogg","local_research_only; game_asset; do_not_redistribute","TohsakaRin_CN","chapterfate02-3","transcript_source=asr_fallback; match=fuzzy; confidence=0.815; review_required=true"
"tohsakarin_76ef452be6d67538","audio/raw/TohsakaRin_CN/ogg/voice/chapterfate02/3/tohsakarin/chapterfate02_3_tohsakarin_170_m.ogg","原来你也会偶尔说这种深刻的话","StarRailVoice/TohsakaRin_CN/ogg/voice/chapterfate02/3/tohsakarin/chapterfate02_3_tohsakarin_170_m.ogg","local_research_only; game_asset; do_not_redistribute","TohsakaRin_CN","chapterfate02-3","transcript_source=asr_fallback; match=fuzzy; confidence=0.815; review_required=true"
"tohsakarin_73660f4e414ab7ed","audio/raw/TohsakaRin_CN/ogg/voice/chapterfate02/3/tohsakarin/chapterfate02_3_tohsakarin_171.ogg","会的有关我和阿泉是一个现实和理想的故事","StarRailVoice/TohsakaRin_CN/ogg/voice/chapterfate02/3/tohsakarin/chapterfate02_3_tohsakarin_171.ogg","local_research_only; game_asset; do_not_redistribute","TohsakaRin_CN","chapterfate02-3","transcript_source=asr_fallback; match=fuzzy; confidence=0.780; review_required=true"
"tohsakarin_457371474e57786a","audio/raw/TohsakaRin_CN/ogg/voice/chapterfate02/3/tohsakarin/chapterfate02_3_tohsakarin_172.ogg","啊…啊……","StarRailVoice/TohsakaRin_CN/ogg/voice/chapterfate02/3/tohsakarin/chapterfate02_3_tohsakarin_172.ogg","local_research_only; game_asset; do_not_redistribute","TohsakaRin_CN","chapterfate02-3","transcript_source=game_text; match=exact; confidence=1.000; review_required=false"
"tohsakarin_c6faa33f0ac9c273","audio/raw/TohsakaRin_CN/ogg/voice/chapterfate02/3/tohsakarin/chapterfate02_3_tohsakarin_173.ogg","各位，打起精神吧。接下来我们恐怕有得忙了。","StarRailVoice/TohsakaRin_CN/ogg/voice/chapterfate02/3/tohsakarin/chapterfate02_3_tohsakarin_173.ogg","local_research_only; game_asset; do_not_redistribute","TohsakaRin_CN","chapterfate02-3","transcript_source=game_text; match=fuzzy; confidence=0.944; review_required=true"
"tohsakarin_b8e495780679b5a0","audio/raw/TohsakaRin_CN/ogg/voice/chapterfate02/3/tohsakarin/chapterfate02_3_tohsakarin_174.ogg","以原本家的荣誉启示我会全力以赴让事件以最圆满的方式落下帷幕","StarRailVoice/TohsakaRin_CN/ogg/voice/chapterfate02/3/tohsakarin/chapterfate02_3_tohsakarin_174.ogg","local_research_only; game_asset; do_not_redistribute","TohsakaRin_CN","chapterfate02-3","transcript_source=asr_fallback; match=fuzzy; confidence=0.862; review_required=true"
"tohsakarin_634cef70fba6a321","audio/raw/TohsakaRin_CN/ogg/voice/chapterfate02/3/tohsakarin/chapterfate02_3_tohsakarin_175.ogg","我会战胜她。战胜女神。战胜更完美的自己。","StarRailVoice/TohsakaRin_CN/ogg/voice/chapterfate02/3/tohsakarin/chapterfate02_3_tohsakarin_175.ogg","local_research_only; game_asset; do_not_redistribute","TohsakaRin_CN","chapterfate02-3","transcript_source=game_text; match=fuzzy; confidence=0.941; review_required=true"
"tohsakarin_0911e168cd136a7e","audio/raw/TohsakaRin_CN/ogg/voice/chapterfate02/3/tohsakarin/chapterfate02_3_tohsakarin_176.ogg","…头脑清晰了许多。我能感觉到，我和土地的连结得更紧密了。","StarRailVoice/TohsakaRin_CN/ogg/voice/chapterfate02/3/tohsakarin/chapterfate02_3_tohsakarin_176.ogg","local_research_only; game_asset; do_not_redistribute","TohsakaRin_CN","chapterfate02-3","transcript_source=game_text; match=fuzzy; confidence=0.917; review_required=true"
"tohsakarin_6224035f51265807","audio/raw/TohsakaRin_CN/ogg/voice/chapterfate02/3/tohsakarin/chapterfate02_3_tohsakarin_177.ogg","现在的我…或许能将过去的记忆，化作前进的力量。","StarRailVoice/TohsakaRin_CN/ogg/voice/chapterfate02/3/tohsakarin/chapterfate02_3_tohsakarin_177.ogg","local_research_only; game_asset; do_not_redistribute","TohsakaRin_CN","chapterfate02-3","transcript_source=game_text; match=exact; confidence=1.000; review_required=false"
"tohsakarin_a5b9e5155a954e74","audio/raw/TohsakaRin_CN/ogg/voice/chapterfate02/3/tohsakarin/chapterfate02_3_tohsakarin_178.ogg","奖——毕竟，如果不把旅途中每一次迷茫和后悔充分转换成前进的{RUBY_B#魔术宝石}基石{RUBY_E#}，可是很","StarRailVoice/TohsakaRin_CN/ogg/voice/chapterfate02/3/tohsakarin/chapterfate02_3_tohsakarin_178.ogg","local_research_only; game_asset; do_not_redistribute","TohsakaRin_CN","chapterfate02-3","transcript_source=game_text; match=fuzzy; confidence=0.939; review_required=true"
"tohsakarin_ff021f0bded5f4c5","audio/raw/TohsakaRin_CN/ogg/voice/chapterfate02/3/tohsakarin/chapterfate02_3_tohsakarin_179.ogg","事关重大…要好好梳理头绪才行。","StarRailVoice/TohsakaRin_CN/ogg/voice/chapterfate02/3/tohsakarin/chapterfate02_3_tohsakarin_179.ogg","local_research_only; game_asset; do_not_redistribute","TohsakaRin_CN","chapterfate02-3","transcript_source=game_text; match=exact; confidence=1.000; review_required=false"
"tohsakarin_3421cfac0e27495e","audio/raw/TohsakaRin_CN/ogg/voice/chapterfate02/3/tohsakarin/chapterfate02_3_tohsakarin_180_f.ogg","首先，最让人惊掉下巴的是，我和{NICKNAME}居然是被圣杯战争早早排除在外的倒霉蛋……","StarRailVoice/TohsakaRin_CN/ogg/voice/chapterfate02/3/tohsakarin/chapterfate02_3_tohsakarin_180_f.ogg","local_research_only; game_asset; do_not_redistribute","TohsakaRin_CN","chapterfate02-3","transcript_source=game_text; match=fuzzy; confidence=0.984; review_required=true"
"tohsakarin_459e2d73155b0619","audio/raw/TohsakaRin_CN/ogg/voice/chapterfate02/3/tohsakarin/chapterfate02_3_tohsakarin_180_m.ogg","首先，最让人惊掉下巴的是，我和{NICKNAME}居然是被圣杯战争早早排除在外的倒霉蛋……","StarRailVoice/TohsakaRin_CN/ogg/voice/chapterfate02/3/tohsakarin/chapterfate02_3_tohsakarin_180_m.ogg","local_research_only; game_asset; do_not_redistribute","TohsakaRin_CN","chapterfate02-3","transcript_source=game_text; match=fuzzy; confidence=0.984; review_required=true"
"tohsakarin_21cc88ebb3c9dfe4","audio/raw/TohsakaRin_CN/ogg/voice/chapterfate02/3/tohsakarin/chapterfate02_3_tohsakarin_181.ogg","而真正的阿切尔主从竟然是女神附身的另一个我","StarRailVoice/TohsakaRin_CN/ogg/voice/chapterfate02/3/tohsakarin/chapterfate02_3_tohsakarin_181.ogg","local_research_only; game_asset; do_not_redistribute","TohsakaRin_CN","chapterfate02-3","transcript_source=asr_fallback; match=fuzzy; confidence=0.800; review_required=true"
"tohsakarin_9f30d6d1c333e25b","audio/raw/TohsakaRin_CN/ogg/voice/chapterfate02/3/tohsakarin/chapterfate02_3_tohsakarin_182.ogg","一场大祸乱后我们回收了火花的微臣之书这也意味着他并非霞蝶小姐的真正御主","StarRailVoice/TohsakaRin_CN/ogg/voice/chapterfate02/3/tohsakarin/chapterfate02_3_tohsakarin_182.ogg","local_research_only; game_asset; do_not_redistribute","TohsakaRin_CN","chapterfate02-3","transcript_source=asr_fallback; match=fuzzy; confidence=0.730; review_required=true"
"tohsakarin_1d3c64da06645912","audio/raw/TohsakaRin_CN/ogg/voice/chapterfate02/3/tohsakarin/chapterfate02_3_tohsakarin_183.ogg","一切都要拜侦探先生所赐：原来，他也是从者之一，对标英雄王吉尔伽美什…想到这家伙也被排除在外，心里多少平","StarRailVoice/TohsakaRin_CN/ogg/voice/chapterfate02/3/tohsakarin/chapterfate02_3_tohsakarin_183.ogg","local_research_only; game_asset; do_not_redistribute","TohsakaRin_CN","chapterfate02-3","transcript_source=game_text; match=fuzzy; confidence=0.948; review_required=true"
"tohsakarin_3e7d2303b698cde9","audio/raw/TohsakaRin_CN/ogg/voice/chapterfate02/3/tohsakarin/chapterfate02_3_tohsakarin_184.ogg","现在，从犯已经拿下…接下来，我们就该专心对付真凶，女神伊什塔尔了。","StarRailVoice/TohsakaRin_CN/ogg/voice/chapterfate02/3/tohsakarin/chapterfate02_3_tohsakarin_184.ogg","local_research_only; game_asset; do_not_redistribute","TohsakaRin_CN","chapterfate02-3","transcript_source=game_text; match=exact; confidence=1.000; review_required=false"
"tohsakarin_e56b090d3285eca8","audio/raw/TohsakaRin_CN/ogg/voice/chapterfate02/3/tohsakarin/chapterfate02_3_tohsakarin_185.ogg","就是这里。希望他们还没走远……","StarRailVoice/TohsakaRin_CN/ogg/voice/chapterfate02/3/tohsakarin/chapterfate02_3_tohsakarin_185.ogg","local_research_only; game_asset; do_not_redistribute","TohsakaRin_CN","chapterfate02-3","transcript_source=game_text; match=exact; confidence=1.000; review_required=false"
"tohsakarin_4ff656f2a6ecb36f","audio/raw/TohsakaRin_CN/ogg/voice/chapterfate02/3/tohsakarin/chapterfate02_3_tohsakarin_186.ogg","嗯你谁","StarRailVoice/TohsakaRin_CN/ogg/voice/chapterfate02/3/tohsakarin/chapterfate02_3_tohsakarin_186.ogg","local_research_only; game_asset; do_not_redistribute","TohsakaRin_CN","chapterfate02-3","transcript_source=asr_fallback; match=fuzzy; confidence=0.857; review_required=true"
"tohsakarin_ce38f4faea4c8786","audio/raw/TohsakaRin_CN/ogg/voice/chapterfate02/3/tohsakarin/chapterfate02_3_tohsakarin_187.ogg","欸，圆桌骑士？他也是从者？","StarRailVoice/TohsakaRin_CN/ogg/voice/chapterfate02/3/tohsakarin/chapterfate02_3_tohsakarin_187.ogg","local_research_only; game_asset; do_not_redistribute","TohsakaRin_CN","chapterfate02-3","transcript_source=game_text; match=fuzzy; confidence=0.900; review_required=true"
"tohsakarin_ef78b3249a7f489d","audio/raw/TohsakaRin_CN/ogg/voice/chapterfate02/3/tohsakarin/chapterfate02_3_tohsakarin_188.ogg","重逢？可我们从来没见过啊……","StarRailVoice/TohsakaRin_CN/ogg/voice/chapterfate02/3/tohsakarin/chapterfate02_3_tohsakarin_188.ogg","local_research_only; game_asset; do_not_redistribute","TohsakaRin_CN","chapterfate02-3","transcript_source=game_text; match=fuzzy; confidence=0.909; review_required=true"
"tohsakarin_8094992d78e2d4cc","audio/raw/TohsakaRin_CN/ogg/voice/chapterfate02/3/tohsakarin/chapterfate02_3_tohsakarin_189.ogg","呃怎怎么就开打了呀伊德利拉又是谁","StarRailVoice/TohsakaRin_CN/ogg/voice/chapterfate02/3/tohsakarin/chapterfate02_3_tohsakarin_189.ogg","local_research_only; game_asset; do_not_redistribute","TohsakaRin_CN","chapterfate02-3","transcript_source=asr_fallback; match=fuzzy; confidence=0.839; review_required=true"
"tohsakarin_7d50b70ee9673c1f","audio/raw/TohsakaRin_CN/ogg/voice/chapterfate02/3/tohsakarin/chapterfate02_3_tohsakarin_191.ogg","这院里啊是一是塔尔","StarRailVoice/TohsakaRin_CN/ogg/voice/chapterfate02/3/tohsakarin/chapterfate02_3_tohsakarin_191.ogg","local_research_only; game_asset; do_not_redistribute","TohsakaRin_CN","chapterfate02-3","transcript_source=asr_fallback; match=none; confidence=0.000; review_required=true"
"tohsakarin_12c5a9297500e298","audio/raw/TohsakaRin_CN/ogg/voice/chapterfate02/3/tohsakarin/chapterfate02_3_tohsakarin_192.ogg","啊！","StarRailVoice/TohsakaRin_CN/ogg/voice/chapterfate02/3/tohsakarin/chapterfate02_3_tohsakarin_192.ogg","local_research_only; game_asset; do_not_redistribute","TohsakaRin_CN","chapterfate02-3","transcript_source=game_text; match=exact; confidence=1.000; review_required=false"
"tohsakarin_9483032131a10019","audio/raw/TohsakaRin_CN/ogg/voice/chapterfate02/3/tohsakarin/chapterfate02_3_tohsakarin_193.ogg","行知先生他恐怕骗了你","StarRailVoice/TohsakaRin_CN/ogg/voice/chapterfate02/3/tohsakarin/chapterfate02_3_tohsakarin_193.ogg","local_research_only; game_asset; do_not_redistribute","TohsakaRin_CN","chapterfate02-3","transcript_source=asr_fallback; match=none; confidence=0.000; review_required=true"
"tohsakarin_734344f7816e3f02","audio/raw/TohsakaRin_CN/ogg/voice/chapterfate02/3/tohsakarin/chapterfate02_3_tohsakarin_194.ogg","他想把整个二象乐园当成自己飞升的祭品我们必须阻止他","StarRailVoice/TohsakaRin_CN/ogg/voice/chapterfate02/3/tohsakarin/chapterfate02_3_tohsakarin_194.ogg","local_research_only; game_asset; do_not_redistribute","TohsakaRin_CN","chapterfate02-3","transcript_source=asr_fallback; match=fuzzy; confidence=0.880; review_required=true"
"tohsakarin_cc8b36ee05ae6bcb","audio/raw/TohsakaRin_CN/ogg/voice/chapterfate02/3/tohsakarin/chapterfate02_3_tohsakarin_195.ogg","啊！","StarRailVoice/TohsakaRin_CN/ogg/voice/chapterfate02/3/tohsakarin/chapterfate02_3_tohsakarin_195.ogg","local_research_only; game_asset; do_not_redistribute","TohsakaRin_CN","chapterfate02-3","transcript_source=game_text; match=exact; confidence=1.000; review_required=false"
"tohsakarin_2315a906bad40354","audio/raw/TohsakaRin_CN/ogg/voice/chapterfate02/3/tohsakarin/chapterfate02_3_tohsakarin_196.ogg","嗯我就是远坂凛","StarRailVoice/TohsakaRin_CN/ogg/voice/chapterfate02/3/tohsakarin/chapterfate02_3_tohsakarin_196.ogg","local_research_only; game_asset; do_not_redistribute","TohsakaRin_CN","chapterfate02-3","transcript_source=asr_fallback; match=fuzzy; confidence=0.857; review_required=true"
"tohsakarin_cdb462ffb02f2325","audio/raw/TohsakaRin_CN/ogg/voice/chapterfate02/3/tohsakarin/chapterfate02_3_tohsakarin_197.ogg","那应该也是我…","StarRailVoice/TohsakaRin_CN/ogg/voice/chapterfate02/3/tohsakarin/chapterfate02_3_tohsakarin_197.ogg","local_research_only; game_asset; do_not_redistribute","TohsakaRin_CN","chapterfate02-3","transcript_source=game_text; match=contains; confidence=0.900; review_required=true"
"tohsakarin_8306a55a2a6d435e","audio/raw/TohsakaRin_CN/ogg/voice/chapterfate02/3/tohsakarin/chapterfate02_3_tohsakarin_198.ogg","他只是想借刀杀人了你这不还是被他骗了吗","StarRailVoice/TohsakaRin_CN/ogg/voice/chapterfate02/3/tohsakarin/chapterfate02_3_tohsakarin_198.ogg","local_research_only; game_asset; do_not_redistribute","TohsakaRin_CN","chapterfate02-3","transcript_source=asr_fallback; match=fuzzy; confidence=0.821; review_required=true"
"tohsakarin_30d64753227f8767","audio/raw/TohsakaRin_CN/ogg/voice/chapterfate02/3/tohsakarin/chapterfate02_3_tohsakarin_199.ogg","这","StarRailVoice/TohsakaRin_CN/ogg/voice/chapterfate02/3/tohsakarin/chapterfate02_3_tohsakarin_199.ogg","local_research_only; game_asset; do_not_redistribute","TohsakaRin_CN","chapterfate02-3","transcript_source=game_text; match=exact; confidence=1.000; review_required=false"
"tohsakarin_b1535fa8e8dc6fa2","audio/raw/TohsakaRin_CN/ogg/voice/chapterfate02/3/tohsakarin/chapterfate02_3_tohsakarin_200.ogg","嗯……","StarRailVoice/TohsakaRin_CN/ogg/voice/chapterfate02/3/tohsakarin/chapterfate02_3_tohsakarin_200.ogg","local_research_only; game_asset; do_not_redistribute","TohsakaRin_CN","chapterfate02-3","transcript_source=game_text; match=exact; confidence=1.000; review_required=false"
"tohsakarin_5f58d1a1e11bf1eb","audio/raw/TohsakaRin_CN/ogg/voice/chapterfate02/3/tohsakarin/chapterfate02_3_tohsakarin_201.ogg","…真是个古怪的人。不过，谢谢你。","StarRailVoice/TohsakaRin_CN/ogg/voice/chapterfate02/3/tohsakarin/chapterfate02_3_tohsakarin_201.ogg","local_research_only; game_asset; do_not_redistribute","TohsakaRin_CN","chapterfate02-3","transcript_source=game_text; match=fuzzy; confidence=0.960; review_required=true"
"tohsakarin_b27c43ba935cad74","audio/raw/TohsakaRin_CN/ogg/voice/chapterfate02/3/tohsakarin/chapterfate02_3_tohsakarin_202.ogg","他说伊什塔尔正在寻找至珍贵之物，应该就是我们手中的圣杯……","StarRailVoice/TohsakaRin_CN/ogg/voice/chapterfate02/3/tohsakarin/chapterfate02_3_tohsakarin_202.ogg","local_research_only; game_asset; do_not_redistribute","TohsakaRin_CN","chapterfate02-3","transcript_source=game_text; match=exact; confidence=1.000; review_required=false"
"tohsakarin_0bc47db1179d53c5","audio/raw/TohsakaRin_CN/ogg/voice/chapterfate02/3/tohsakarin/chapterfate02_3_tohsakarin_203.ogg","看来，她果然并非十拿九稳…呼，松了一口气。","StarRailVoice/TohsakaRin_CN/ogg/voice/chapterfate02/3/tohsakarin/chapterfate02_3_tohsakarin_203.ogg","local_research_only; game_asset; do_not_redistribute","TohsakaRin_CN","chapterfate02-3","transcript_source=game_text; match=fuzzy; confidence=0.909; review_required=true"
"tohsakarin_04f6abbeb38ed6b9","audio/raw/TohsakaRin_CN/ogg/voice/chapterfate02/3/tohsakarin/chapterfate02_3_tohsakarin_204_f.ogg","继续我们的冒险吧，{NICKNAME}。不过，眼下或许可以先暂缓脚步——","StarRailVoice/TohsakaRin_CN/ogg/voice/chapterfate02/3/tohsakarin/chapterfate02_3_tohsakarin_204_f.ogg","local_research_only; game_asset; do_not_redistribute","TohsakaRin_CN","chapterfate02-3","transcript_source=game_text; match=exact; confidence=1.000; review_required=false"
"tohsakarin_4837cdfa205a6f7e","audio/raw/TohsakaRin_CN/ogg/voice/chapterfate02/3/tohsakarin/chapterfate02_3_tohsakarin_204_m.ogg","继续我们的冒险吧，{NICKNAME}。不过，眼下或许可以先暂缓脚步——","StarRailVoice/TohsakaRin_CN/ogg/voice/chapterfate02/3/tohsakarin/chapterfate02_3_tohsakarin_204_m.ogg","local_research_only; game_asset; do_not_redistribute","TohsakaRin_CN","chapterfate02-3","transcript_source=game_text; match=exact; confidence=1.000; review_required=false"
"tohsakarin_101e51c2c4d4c23f","audio/raw/TohsakaRin_CN/ogg/voice/chapterfate02/3/tohsakarin/chapterfate02_3_tohsakarin_205.ogg","看，短信来了。","StarRailVoice/TohsakaRin_CN/ogg/voice/chapterfate02/3/tohsakarin/chapterfate02_3_tohsakarin_205.ogg","local_research_only; game_asset; do_not_redistribute","TohsakaRin_CN","chapterfate02-3","transcript_source=game_text; match=exact; confidence=1.000; review_required=false"
"tohsakarin_4d6fc3dad98bea38","audio/raw/TohsakaRin_CN/ogg/voice/chapterfate02/3/tohsakarin/chapterfate02_3_tohsakarin_206.ogg","我师父就好这口。本来计划走之前再来买礼物，没想到居然提前了。","StarRailVoice/TohsakaRin_CN/ogg/voice/chapterfate02/3/tohsakarin/chapterfate02_3_tohsakarin_206.ogg","local_research_only; game_asset; do_not_redistribute","TohsakaRin_CN","chapterfate02-3","transcript_source=game_text; match=fuzzy; confidence=0.963; review_required=true"
"tohsakarin_d2931dd2990f30b9","audio/raw/TohsakaRin_CN/ogg/voice/chapterfate02/3/tohsakarin/chapterfate02_3_tohsakarin_207.ogg","没看到遐蝶小姐呢…还没来吗？","StarRailVoice/TohsakaRin_CN/ogg/voice/chapterfate02/3/tohsakarin/chapterfate02_3_tohsakarin_207.ogg","local_research_only; game_asset; do_not_redistribute","TohsakaRin_CN","chapterfate02-3","transcript_source=game_text; match=fuzzy; confidence=0.917; review_required=true"
"tohsakarin_5235cfec871ed76a","audio/raw/TohsakaRin_CN/ogg/voice/chapterfate02/3/tohsakarin/chapterfate02_3_tohsakarin_208.ogg","啊呃英灵","StarRailVoice/TohsakaRin_CN/ogg/voice/chapterfate02/3/tohsakarin/chapterfate02_3_tohsakarin_208.ogg","local_research_only; game_asset; do_not_redistribute","TohsakaRin_CN","chapterfate02-3","transcript_source=asr_fallback; match=none; confidence=0.000; review_required=true"
"tohsakarin_d3bd01e443912173","audio/raw/TohsakaRin_CN/ogg/voice/chapterfate02/3/tohsakarin/chapterfate02_3_tohsakarin_209.ogg","呃吓了一跳你们的财宝还真和冥界颇有渊源","StarRailVoice/TohsakaRin_CN/ogg/voice/chapterfate02/3/tohsakarin/chapterfate02_3_tohsakarin_209.ogg","local_research_only; game_asset; do_not_redistribute","TohsakaRin_CN","chapterfate02-3","transcript_source=asr_fallback; match=fuzzy; confidence=0.811; review_required=true"
"tohsakarin_45592e7f57d672e1","audio/raw/TohsakaRin_CN/ogg/voice/chapterfate02/3/tohsakarin/chapterfate02_3_tohsakarin_210.ogg","嗯这位是","StarRailVoice/TohsakaRin_CN/ogg/voice/chapterfate02/3/tohsakarin/chapterfate02_3_tohsakarin_210.ogg","local_research_only; game_asset; do_not_redistribute","TohsakaRin_CN","chapterfate02-3","transcript_source=asr_fallback; match=fuzzy; confidence=0.857; review_required=true"
"tohsakarin_9789d4865fc4a960","audio/raw/TohsakaRin_CN/ogg/voice/chapterfate02/3/tohsakarin/chapterfate02_3_tohsakarin_211.ogg","道歉","StarRailVoice/TohsakaRin_CN/ogg/voice/chapterfate02/3/tohsakarin/chapterfate02_3_tohsakarin_211.ogg","local_research_only; game_asset; do_not_redistribute","TohsakaRin_CN","chapterfate02-3","transcript_source=game_text; match=exact; confidence=1.000; review_required=false"
"tohsakarin_40c9426daa714bc7","audio/raw/TohsakaRin_CN/ogg/voice/chapterfate02/3/tohsakarin/chapterfate02_3_tohsakarin_212.ogg","能久别重逢，真是太好了。","StarRailVoice/TohsakaRin_CN/ogg/voice/chapterfate02/3/tohsakarin/chapterfate02_3_tohsakarin_212.ogg","local_research_only; game_asset; do_not_redistribute","TohsakaRin_CN","chapterfate02-3","transcript_source=game_text; match=exact; confidence=1.000; review_required=false"
"tohsakarin_eb1e20772943393e","audio/raw/TohsakaRin_CN/ogg/voice/chapterfate02/3/tohsakarin/chapterfate02_3_tohsakarin_213.ogg","但，很可惜…圣杯已经没办法实现愿望了，至少这场圣杯战争不行。","StarRailVoice/TohsakaRin_CN/ogg/voice/chapterfate02/3/tohsakarin/chapterfate02_3_tohsakarin_213.ogg","local_research_only; game_asset; do_not_redistribute","TohsakaRin_CN","chapterfate02-3","transcript_source=game_text; match=exact; confidence=1.000; review_required=false"
"tohsakarin_55724e5c9d7a86ad","audio/raw/TohsakaRin_CN/ogg/voice/chapterfate02/3/tohsakarin/chapterfate02_3_tohsakarin_214.ogg","是的…至少这场圣杯战争不行。","StarRailVoice/TohsakaRin_CN/ogg/voice/chapterfate02/3/tohsakarin/chapterfate02_3_tohsakarin_214.ogg","local_research_only; game_asset; do_not_redistribute","TohsakaRin_CN","chapterfate02-3","transcript_source=game_text; match=fuzzy; confidence=0.960; review_required=true"
"tohsakarin_e68e34657bde121c","audio/raw/TohsakaRin_CN/ogg/voice/chapterfate02/3/tohsakarin/chapterfate02_3_tohsakarin_215.ogg","啊两位莫非对基凯很感兴趣","StarRailVoice/TohsakaRin_CN/ogg/voice/chapterfate02/3/tohsakarin/chapterfate02_3_tohsakarin_215.ogg","local_research_only; game_asset; do_not_redistribute","TohsakaRin_CN","chapterfate02-3","transcript_source=asr_fallback; match=fuzzy; confidence=0.750; review_required=true"
"tohsakarin_a905e24d66f7de33","audio/raw/TohsakaRin_CN/ogg/voice/chapterfate02/3/tohsakarin/chapterfate02_3_tohsakarin_216.ogg","你感情真好","StarRailVoice/TohsakaRin_CN/ogg/voice/chapterfate02/3/tohsakarin/chapterfate02_3_tohsakarin_216.ogg","local_research_only; game_asset; do_not_redistribute","TohsakaRin_CN","chapterfate02-3","transcript_source=asr_fallback; match=fuzzy; confidence=0.889; review_required=true"
"tohsakarin_2418b055a7a26b2a","audio/raw/TohsakaRin_CN/ogg/voice/chapterfate02/3/tohsakarin/chapterfate02_3_tohsakarin_217.ogg","真想不到。还以为她们和樱一样，爱好会比较传统呢。","StarRailVoice/TohsakaRin_CN/ogg/voice/chapterfate02/3/tohsakarin/chapterfate02_3_tohsakarin_217.ogg","local_research_only; game_asset; do_not_redistribute","TohsakaRin_CN","chapterfate02-3","transcript_source=game_text; match=fuzzy; confidence=0.905; review_required=true"
"tohsakarin_a475fe3bb992c579","audio/raw/TohsakaRin_CN/ogg/voice/chapterfate02/3/tohsakarin/chapterfate02_3_tohsakarin_218.ogg","啊，好像还没跟你提起过。其实，我也有个妹妹。","StarRailVoice/TohsakaRin_CN/ogg/voice/chapterfate02/3/tohsakarin/chapterfate02_3_tohsakarin_218.ogg","local_research_only; game_asset; do_not_redistribute","TohsakaRin_CN","chapterfate02-3","transcript_source=game_text; match=exact; confidence=1.000; review_required=false"
"tohsakarin_22b8a443fcf2a7f8","audio/raw/TohsakaRin_CN/ogg/voice/chapterfate02/3/tohsakarin/chapterfate02_3_tohsakarin_219.ogg","间桐樱。虽然不同姓，但是我同父同母的亲妹妹。是个喜欢糖果、甜食，和恐怖故事的女孩。","StarRailVoice/TohsakaRin_CN/ogg/voice/chapterfate02/3/tohsakarin/chapterfate02_3_tohsakarin_219.ogg","local_research_only; game_asset; do_not_redistribute","TohsakaRin_CN","chapterfate02-3","transcript_source=game_text; match=fuzzy; confidence=0.971; review_required=true"
"tohsakarin_f77a146482e8e6fa","audio/raw/TohsakaRin_CN/ogg/voice/chapterfate02/3/tohsakarin/chapterfate02_3_tohsakarin_222.ogg","啊可是一样很喜欢来着","StarRailVoice/TohsakaRin_CN/ogg/voice/chapterfate02/3/tohsakarin/chapterfate02_3_tohsakarin_222.ogg","local_research_only; game_asset; do_not_redistribute","TohsakaRin_CN","chapterfate02-3","transcript_source=asr_fallback; match=fuzzy; confidence=0.737; review_required=true"
"tohsakarin_4cef465b03e984c3","audio/raw/TohsakaRin_CN/ogg/voice/chapterfate02/3/tohsakarin/chapterfate02_3_tohsakarin_223.ogg","嗯，不过你先别急，我还有话没说完。","StarRailVoice/TohsakaRin_CN/ogg/voice/chapterfate02/3/tohsakarin/chapterfate02_3_tohsakarin_223.ogg","local_research_only; game_asset; do_not_redistribute","TohsakaRin_CN","chapterfate02-3","transcript_source=game_text; match=contains; confidence=0.900; review_required=false"
"tohsakarin_93977896739a1470","audio/raw/TohsakaRin_CN/ogg/voice/chapterfate02/3/tohsakarin/chapterfate02_3_tohsakarin_224.ogg","啊没什么他们好像选好了在一起转转吧","StarRailVoice/TohsakaRin_CN/ogg/voice/chapterfate02/3/tohsakarin/chapterfate02_3_tohsakarin_224.ogg","local_research_only; game_asset; do_not_redistribute","TohsakaRin_CN","chapterfate02-3","transcript_source=asr_fallback; match=fuzzy; confidence=0.848; review_required=true"
"tohsakarin_1554d28e303a31f1","audio/raw/TohsakaRin_CN/ogg/voice/chapterfate02/3/tohsakarin/chapterfate02_3_tohsakarin_225.ogg","趁你不注意的时候我已经挑好了哟","StarRailVoice/TohsakaRin_CN/ogg/voice/chapterfate02/3/tohsakarin/chapterfate02_3_tohsakarin_225.ogg","local_research_only; game_asset; do_not_redistribute","TohsakaRin_CN","chapterfate02-3","transcript_source=asr_fallback; match=fuzzy; confidence=0.875; review_required=true"
"tohsakarin_926d8484c91808ce","audio/raw/TohsakaRin_CN/ogg/voice/chapterfate02/3/tohsakarin/chapterfate02_3_tohsakarin_226.ogg","虽然一直不知道这种玩具有什么好玩的，但现在看到了实物，还被愿力赋予了灵魂……","StarRailVoice/TohsakaRin_CN/ogg/voice/chapterfate02/3/tohsakarin/chapterfate02_3_tohsakarin_226.ogg","local_research_only; game_asset; do_not_redistribute","TohsakaRin_CN","chapterfate02-3","transcript_source=game_text; match=fuzzy; confidence=0.912; review_required=true"
"tohsakarin_142ae67c85b833d7","audio/raw/TohsakaRin_CN/ogg/voice/chapterfate02/3/tohsakarin/chapterfate02_3_tohsakarin_227.ogg","…任何对世界心怀好奇的存在，都会心生向往吧。","StarRailVoice/TohsakaRin_CN/ogg/voice/chapterfate02/3/tohsakarin/chapterfate02_3_tohsakarin_227.ogg","local_research_only; game_asset; do_not_redistribute","TohsakaRin_CN","chapterfate02-3","transcript_source=game_text; match=exact; confidence=1.000; review_required=false"
"tohsakarin_2f1588315699ecc4","audio/raw/TohsakaRin_CN/ogg/voice/chapterfate02/3/tohsakarin/chapterfate02_3_tohsakarin_228.ogg","「移情」…是精神分析学领域的概念吧？","StarRailVoice/TohsakaRin_CN/ogg/voice/chapterfate02/3/tohsakarin/chapterfate02_3_tohsakarin_228.ogg","local_research_only; game_asset; do_not_redistribute","TohsakaRin_CN","chapterfate02-3","transcript_source=game_text; match=exact; confidence=1.000; review_required=false"
"tohsakarin_b109c22913691655","audio/raw/TohsakaRin_CN/ogg/voice/chapterfate02/3/tohsakarin/chapterfate02_3_tohsakarin_229.ogg","哎很简单举个例子小蝶小姐你爱玻里西亚吗","StarRailVoice/TohsakaRin_CN/ogg/voice/chapterfate02/3/tohsakarin/chapterfate02_3_tohsakarin_229.ogg","local_research_only; game_asset; do_not_redistribute","TohsakaRin_CN","chapterfate02-3","transcript_source=asr_fallback; match=fuzzy; confidence=0.811; review_required=true"
"tohsakarin_22faa63ec451b713","audio/raw/TohsakaRin_CN/ogg/voice/chapterfate02/3/tohsakarin/chapterfate02_3_tohsakarin_230.ogg","嗯现在设想一位和她十分相似的女孩你一定会把对妹妹的情感转移到她身上像对待亲妹妹那样对待她","StarRailVoice/TohsakaRin_CN/ogg/voice/chapterfate02/3/tohsakarin/chapterfate02_3_tohsakarin_230.ogg","local_research_only; game_asset; do_not_redistribute","TohsakaRin_CN","chapterfate02-3","transcript_source=asr_fallback; match=none; confidence=0.000; review_required=true"
"tohsakarin_9e0e744704fdf70a","audio/raw/TohsakaRin_CN/ogg/voice/chapterfate02/3/tohsakarin/chapterfate02_3_tohsakarin_231.ogg","当然，这种转移是无意识的。无论主观怎么想，人都会受潜意识驱使——","StarRailVoice/TohsakaRin_CN/ogg/voice/chapterfate02/3/tohsakarin/chapterfate02_3_tohsakarin_231.ogg","local_research_only; game_asset; do_not_redistribute","TohsakaRin_CN","chapterfate02-3","transcript_source=game_text; match=fuzzy; confidence=0.982; review_required=true"
"tohsakarin_242492506ed3b50d","audio/raw/TohsakaRin_CN/ogg/voice/chapterfate02/3/tohsakarin/chapterfate02_3_tohsakarin_232.ogg","「当事人把对甲的情感投射到相似的乙身上」——这就是「移情作用」。","StarRailVoice/TohsakaRin_CN/ogg/voice/chapterfate02/3/tohsakarin/chapterfate02_3_tohsakarin_232.ogg","local_research_only; game_asset; do_not_redistribute","TohsakaRin_CN","chapterfate02-3","transcript_source=game_text; match=exact; confidence=1.000; review_required=false"
"tohsakarin_b8a67859501a6a7c","audio/raw/TohsakaRin_CN/ogg/voice/chapterfate02/3/tohsakarin/chapterfate02_3_tohsakarin_233.ogg","啊！","StarRailVoice/TohsakaRin_CN/ogg/voice/chapterfate02/3/tohsakarin/chapterfate02_3_tohsakarin_233.ogg","local_research_only; game_asset; do_not_redistribute","TohsakaRin_CN","chapterfate02-3","transcript_source=game_text; match=exact; confidence=1.000; review_required=false"
"tohsakarin_bf4df270b5304bc1","audio/raw/TohsakaRin_CN/ogg/voice/chapterfate02/3/tohsakarin/chapterfate02_3_tohsakarin_236.ogg","哦哎霞蝶小姐居然看出来了","StarRailVoice/TohsakaRin_CN/ogg/voice/chapterfate02/3/tohsakarin/chapterfate02_3_tohsakarin_236.ogg","local_research_only; game_asset; do_not_redistribute","TohsakaRin_CN","chapterfate02-3","transcript_source=asr_fallback; match=fuzzy; confidence=0.783; review_required=true"
"tohsakarin_663c187a311dd7c0","audio/raw/TohsakaRin_CN/ogg/voice/chapterfate02/3/tohsakarin/chapterfate02_3_tohsakarin_237.ogg","我选的是「合金帕姆王」。","StarRailVoice/TohsakaRin_CN/ogg/voice/chapterfate02/3/tohsakarin/chapterfate02_3_tohsakarin_237.ogg","local_research_only; game_asset; do_not_redistribute","TohsakaRin_CN","chapterfate02-3","transcript_source=game_text; match=exact; confidence=1.000; review_required=false"
"tohsakarin_ddca17c1af90003c","audio/raw/TohsakaRin_CN/ogg/voice/chapterfate02/3/tohsakarin/chapterfate02_3_tohsakarin_238_f.ogg","要说要挑剑能代表开拓还有你的礼物他一定是最优解","StarRailVoice/TohsakaRin_CN/ogg/voice/chapterfate02/3/tohsakarin/chapterfate02_3_tohsakarin_238_f.ogg","local_research_only; game_asset; do_not_redistribute","TohsakaRin_CN","chapterfate02-3","transcript_source=asr_fallback; match=fuzzy; confidence=0.889; review_required=true"
"tohsakarin_d3ba1564c1521e4b","audio/raw/TohsakaRin_CN/ogg/voice/chapterfate02/3/tohsakarin/chapterfate02_3_tohsakarin_238_m.ogg","要说要挑剑能代表开拓还有你的礼物他一定是最优解","StarRailVoice/TohsakaRin_CN/ogg/voice/chapterfate02/3/tohsakarin/chapterfate02_3_tohsakarin_238_m.ogg","local_research_only; game_asset; do_not_redistribute","TohsakaRin_CN","chapterfate02-3","transcript_source=asr_fallback; match=fuzzy; confidence=0.889; review_required=true"
"tohsakarin_a0490ccdaa507985","audio/raw/TohsakaRin_CN/ogg/voice/chapterfate02/3/tohsakarin/chapterfate02_3_tohsakarin_239_f.ogg","不过，{NICKNAME}，如果我说要以我们两人的名义，把它送给两位…你会介意吗？","StarRailVoice/TohsakaRin_CN/ogg/voice/chapterfate02/3/tohsakarin/chapterfate02_3_tohsakarin_239_f.ogg","local_research_only; game_asset; do_not_redistribute","TohsakaRin_CN","chapterfate02-3","transcript_source=game_text; match=exact; confidence=1.000; review_required=false"
"tohsakarin_e3535f0916ed212a","audio/raw/TohsakaRin_CN/ogg/voice/chapterfate02/3/tohsakarin/chapterfate02_3_tohsakarin_239_m.ogg","不过，{NICKNAME}，如果我说要以我们两人的名义，把它送给两位…你会介意吗？","StarRailVoice/TohsakaRin_CN/ogg/voice/chapterfate02/3/tohsakarin/chapterfate02_3_tohsakarin_239_m.ogg","local_research_only; game_asset; do_not_redistribute","TohsakaRin_CN","chapterfate02-3","transcript_source=game_text; match=exact; confidence=1.000; review_required=false"
"tohsakarin_202e5e4a73341c47","audio/raw/TohsakaRin_CN/ogg/voice/chapterfate02/3/tohsakarin/chapterfate02_3_tohsakarin_241.ogg","…馊主意到此为止哦？","StarRailVoice/TohsakaRin_CN/ogg/voice/chapterfate02/3/tohsakarin/chapterfate02_3_tohsakarin_241.ogg","local_research_only; game_asset; do_not_redistribute","TohsakaRin_CN","chapterfate02-3","transcript_source=game_text; match=exact; confidence=1.000; review_required=false"
"tohsakarin_76eef063288779e0","audio/raw/TohsakaRin_CN/ogg/voice/chapterfate02/3/tohsakarin/chapterfate02_3_tohsakarin_242.ogg","]虽然不知道你从哪里听到的…但，你用在了绝对不能用错的人身上哦？","StarRailVoice/TohsakaRin_CN/ogg/voice/chapterfate02/3/tohsakarin/chapterfate02_3_tohsakarin_242.ogg","local_research_only; game_asset; do_not_redistribute","TohsakaRin_CN","chapterfate02-3","transcript_source=game_text; match=fuzzy; confidence=0.949; review_required=true"
"tohsakarin_24be4a5c20994361","audio/raw/TohsakaRin_CN/ogg/voice/chapterfate02/3/tohsakarin/chapterfate02_3_tohsakarin_243.ogg","这就是旅行的意义呀。","StarRailVoice/TohsakaRin_CN/ogg/voice/chapterfate02/3/tohsakarin/chapterfate02_3_tohsakarin_243.ogg","local_research_only; game_asset; do_not_redistribute","TohsakaRin_CN","chapterfate02-3","transcript_source=game_text; match=fuzzy; confidence=0.947; review_required=true"
"tohsakarin_037dcc3270653baa","audio/raw/TohsakaRin_CN/ogg/voice/chapterfate02/3/tohsakarin/chapterfate02_3_tohsakarin_244.ogg","可是，两位却要把意义非凡的纪念品转赠给我……","StarRailVoice/TohsakaRin_CN/ogg/voice/chapterfate02/3/tohsakarin/chapterfate02_3_tohsakarin_244.ogg","local_research_only; game_asset; do_not_redistribute","TohsakaRin_CN","chapterfate02-3","transcript_source=game_text; match=fuzzy; confidence=0.974; review_required=true"
"tohsakarin_886afe2a2fbaaeb3","audio/raw/TohsakaRin_CN/ogg/voice/chapterfate02/3/tohsakarin/chapterfate02_3_tohsakarin_245.ogg","为什么呢？","StarRailVoice/TohsakaRin_CN/ogg/voice/chapterfate02/3/tohsakarin/chapterfate02_3_tohsakarin_245.ogg","local_research_only; game_asset; do_not_redistribute","TohsakaRin_CN","chapterfate02-3","transcript_source=game_text; match=exact; confidence=1.000; review_required=false"
"tohsakarin_c5f3504244a0e29c","audio/raw/TohsakaRin_CN/ogg/voice/chapterfate02/3/tohsakarin/chapterfate02_3_tohsakarin_246.ogg","毕竟这是你们第一次来到这片银河，不是吗？","StarRailVoice/TohsakaRin_CN/ogg/voice/chapterfate02/3/tohsakarin/chapterfate02_3_tohsakarin_246.ogg","local_research_only; game_asset; do_not_redistribute","TohsakaRin_CN","chapterfate02-3","transcript_source=game_text; match=fuzzy; confidence=0.973; review_required=true"
"tohsakarin_4635260fc5d4e77f","audio/raw/TohsakaRin_CN/ogg/voice/chapterfate02/3/tohsakarin/chapterfate02_3_tohsakarin_340.ogg","至此有关radar霞蝶小姐的秘密终于大败她真正的御主原来是一同被赋予了幻造生命的妹妹波里西亚","StarRailVoice/TohsakaRin_CN/ogg/voice/chapterfate02/3/tohsakarin/chapterfate02_3_tohsakarin_340.ogg","local_research_only; game_asset; do_not_redistribute","TohsakaRin_CN","chapterfate02-3","transcript_source=asr_fallback; match=none; confidence=0.000; review_required=true"
"tohsakarin_9865c416cdc30f96","audio/raw/TohsakaRin_CN/ogg/voice/chapterfate02/3/tohsakarin/chapterfate02_3_tohsakarin_341.ogg","他们分得的财宝则是哈迪斯的隐形头盔对于拒绝加入争夺的姐妹可以说是最称心如意的宝贝只可惜两人被火花胁迫成了从犯的从犯","StarRailVoice/TohsakaRin_CN/ogg/voice/chapterfate02/3/tohsakarin/chapterfate02_3_tohsakarin_341.ogg","local_research_only; game_asset; do_not_redistribute","TohsakaRin_CN","chapterfate02-3","transcript_source=asr_fallback; match=fuzzy; confidence=0.812; review_required=true"
"tohsakarin_08a9f21f9a0f55f9","audio/raw/TohsakaRin_CN/ogg/voice/chapterfate02/3/tohsakarin/chapterfate02_3_tohsakarin_342.ogg","决战之日已近。但，如今的我已经能够确信——","StarRailVoice/TohsakaRin_CN/ogg/voice/chapterfate02/3/tohsakarin/chapterfate02_3_tohsakarin_342.ogg","local_research_only; game_asset; do_not_redistribute","TohsakaRin_CN","chapterfate02-3","transcript_source=game_text; match=fuzzy; confidence=0.941; review_required=true"
"tohsakarin_86ec9827dd6f3878","audio/raw/TohsakaRin_CN/ogg/voice/chapterfate02/3/tohsakarin/chapterfate02_3_tohsakarin_343.ogg","最后的胜利，一定掌握在我们手中。","StarRailVoice/TohsakaRin_CN/ogg/voice/chapterfate02/3/tohsakarin/chapterfate02_3_tohsakarin_343.ogg","local_research_only; game_asset; do_not_redistribute","TohsakaRin_CN","chapterfate02-3","transcript_source=game_text; match=exact; confidence=1.000; review_required=false"
"tohsakarin_956fa5eee21c162b","audio/raw/TohsakaRin_CN/ogg/voice/chapterfate02/3/tohsakarin/chapterfate02_3_tohsakarin_344.ogg","你这家伙居然没被阿彻逮住呢","StarRailVoice/TohsakaRin_CN/ogg/voice/chapterfate02/3/tohsakarin/chapterfate02_3_tohsakarin_344.ogg","local_research_only; game_asset; do_not_redistribute","TohsakaRin_CN","chapterfate02-3","transcript_source=asr_fallback; match=fuzzy; confidence=0.733; review_required=true"
"tohsakarin_ead033f5ecbfbde2","audio/raw/TohsakaRin_CN/ogg/voice/chapterfate02/3/tohsakarin/chapterfate02_3_tohsakarin_345.ogg","惭的家伙，口口声声说自己能瞬间结束圣杯战争，结果夹着尾巴跑了…看来是和我一样，也在虚张声势呢。","StarRailVoice/TohsakaRin_CN/ogg/voice/chapterfate02/3/tohsakarin/chapterfate02_3_tohsakarin_345.ogg","local_research_only; game_asset; do_not_redistribute","TohsakaRin_CN","chapterfate02-3","transcript_source=game_text; match=fuzzy; confidence=0.944; review_required=true"
"tohsakarin_454251fe1b825405","audio/raw/TohsakaRin_CN/ogg/voice/chapterfate02/3/tohsakarin/chapterfate02_3_tohsakarin_346.ogg","啊！","StarRailVoice/TohsakaRin_CN/ogg/voice/chapterfate02/3/tohsakarin/chapterfate02_3_tohsakarin_346.ogg","local_research_only; game_asset; do_not_redistribute","TohsakaRin_CN","chapterfate02-3","transcript_source=game_text; match=exact; confidence=1.000; review_required=false"
"tohsakarin_ebfa18079741adb4","audio/raw/TohsakaRin_CN/ogg/voice/chapterfate02/3/tohsakarin/chapterfate02_3_tohsakarin_347.ogg","啊小几百传说中的神明啊","StarRailVoice/TohsakaRin_CN/ogg/voice/chapterfate02/3/tohsakarin/chapterfate02_3_tohsakarin_347.ogg","local_research_only; game_asset; do_not_redistribute","TohsakaRin_CN","chapterfate02-3","transcript_source=asr_fallback; match=none; confidence=0.000; review_required=true"
"tohsakarin_a4fd36518aeddc47","audio/raw/TohsakaRin_CN/ogg/voice/chapterfate02/3/tohsakarin/chapterfate02_3_tohsakarin_348.ogg","何如我所书里黄金一门的冒险之旅意外合上了呢","StarRailVoice/TohsakaRin_CN/ogg/voice/chapterfate02/3/tohsakarin/chapterfate02_3_tohsakarin_348.ogg","local_research_only; game_asset; do_not_redistribute","TohsakaRin_CN","chapterfate02-3","transcript_source=asr_fallback; match=fuzzy; confidence=0.857; review_required=true"
"tohsakarin_4f52145b09bfc9be","audio/raw/TohsakaRin_CN/ogg/voice/chapterfate02/3/tohsakarin/chapterfate02_3_tohsakarin_349.ogg","不愧是史诗中的英雄。","StarRailVoice/TohsakaRin_CN/ogg/voice/chapterfate02/3/tohsakarin/chapterfate02_3_tohsakarin_349.ogg","local_research_only; game_asset; do_not_redistribute","TohsakaRin_CN","chapterfate02-3","transcript_source=game_text; match=exact; confidence=1.000; review_required=false"
"tohsakarin_dcf338455878b128","audio/raw/TohsakaRin_CN/ogg/voice/chapterfate02/3/tohsakarin/chapterfate02_3_tohsakarin_350.ogg","可是，我们真的能用弑杀泰坦的方法，对付美索不达米亚的神明吗……","StarRailVoice/TohsakaRin_CN/ogg/voice/chapterfate02/3/tohsakarin/chapterfate02_3_tohsakarin_350.ogg","local_research_only; game_asset; do_not_redistribute","TohsakaRin_CN","chapterfate02-3","transcript_source=game_text; match=fuzzy; confidence=0.963; review_required=true"
"tohsakarin_3605523bdc8b9269","audio/raw/TohsakaRin_CN/ogg/voice/chapterfate02/3/tohsakarin/chapterfate02_3_tohsakarin_351.ogg","善手","StarRailVoice/TohsakaRin_CN/ogg/voice/chapterfate02/3/tohsakarin/chapterfate02_3_tohsakarin_351.ogg","local_research_only; game_asset; do_not_redistribute","TohsakaRin_CN","chapterfate02-3","transcript_source=asr_fallback; match=none; confidence=0.000; review_required=true"
"tohsakarin_c5c12433103f4c06","audio/raw/TohsakaRin_CN/ogg/voice/chapterfate02/3/tohsakarin/chapterfate02_3_tohsakarin_352.ogg","阿这看来他也不是心甘情愿为女神拼命的这倒是个好消息","StarRailVoice/TohsakaRin_CN/ogg/voice/chapterfate02/3/tohsakarin/chapterfate02_3_tohsakarin_352.ogg","local_research_only; game_asset; do_not_redistribute","TohsakaRin_CN","chapterfate02-3","transcript_source=asr_fallback; match=fuzzy; confidence=0.815; review_required=true"
"tohsakarin_477e862accdf77ef","audio/raw/TohsakaRin_CN/ogg/voice/chapterfate02/3/tohsakarin/chapterfate02_3_tohsakarin_353.ogg","不过，创造属于「我」的圣杯战争……","StarRailVoice/TohsakaRin_CN/ogg/voice/chapterfate02/3/tohsakarin/chapterfate02_3_tohsakarin_353.ogg","local_research_only; game_asset; do_not_redistribute","TohsakaRin_CN","chapterfate02-3","transcript_source=game_text; match=exact; confidence=1.000; review_required=false"
"tohsakarin_1954b823d9bca464","audio/raw/TohsakaRin_CN/ogg/voice/chapterfate02/3/tohsakarin/chapterfate02_3_tohsakarin_354.ogg","我明白了你们希望我抢在伊什塔尔之前把圣杯里的魔力化为己用从源头上避免他夺走魔力的可能性","StarRailVoice/TohsakaRin_CN/ogg/voice/chapterfate02/3/tohsakarin/chapterfate02_3_tohsakarin_354.ogg","local_research_only; game_asset; do_not_redistribute","TohsakaRin_CN","chapterfate02-3","transcript_source=asr_fallback; match=none; confidence=0.000; review_required=true"
"tohsakarin_9b47f21b968a1af5","audio/raw/TohsakaRin_CN/ogg/voice/chapterfate02/3/tohsakarin/chapterfate02_3_tohsakarin_355.ogg","可是，围绕我们手中这盏圣杯的仪式已经构筑完成…恐怕没办法举行另一场仪式。","StarRailVoice/TohsakaRin_CN/ogg/voice/chapterfate02/3/tohsakarin/chapterfate02_3_tohsakarin_355.ogg","local_research_only; game_asset; do_not_redistribute","TohsakaRin_CN","chapterfate02-3","transcript_source=game_text; match=exact; confidence=1.000; review_required=false"
"tohsakarin_14c494122c571d92","audio/raw/TohsakaRin_CN/ogg/voice/chapterfate02/3/tohsakarin/chapterfate02_3_tohsakarin_356.ogg","?…意料之外，情理之中。那盏圣杯现在在哪里","StarRailVoice/TohsakaRin_CN/ogg/voice/chapterfate02/3/tohsakarin/chapterfate02_3_tohsakarin_356.ogg","local_research_only; game_asset; do_not_redistribute","TohsakaRin_CN","chapterfate02-3","transcript_source=game_text; match=exact; confidence=1.000; review_required=false"
"tohsakarin_96b90609e926a6db","audio/raw/TohsakaRin_CN/ogg/voice/chapterfate02/3/tohsakarin/chapterfate02_3_tohsakarin_357.ogg","阿赖耶华","StarRailVoice/TohsakaRin_CN/ogg/voice/chapterfate02/3/tohsakarin/chapterfate02_3_tohsakarin_357.ogg","local_research_only; game_asset; do_not_redistribute","TohsakaRin_CN","chapterfate02-3","transcript_source=game_text; match=contains; confidence=0.900; review_required=false"
"tohsakarin_aad5827e3f5be011","audio/raw/TohsakaRin_CN/ogg/voice/chapterfate02/3/tohsakarin/chapterfate02_3_tohsakarin_359.ogg","办法或许还有很多…但最行之有效的，恐怕只有眼前这一个。","StarRailVoice/TohsakaRin_CN/ogg/voice/chapterfate02/3/tohsakarin/chapterfate02_3_tohsakarin_359.ogg","local_research_only; game_asset; do_not_redistribute","TohsakaRin_CN","chapterfate02-3","transcript_source=game_text; match=fuzzy; confidence=0.980; review_required=true"
"tohsakarin_3d07827a3b7b86cd","audio/raw/TohsakaRin_CN/ogg/voice/chapterfate02/3/tohsakarin/chapterfate02_3_tohsakarin_360.ogg","请不要这么说。我是这场事件的元凶，于情于理都应该给各位一个交代。","StarRailVoice/TohsakaRin_CN/ogg/voice/chapterfate02/3/tohsakarin/chapterfate02_3_tohsakarin_360.ogg","local_research_only; game_asset; do_not_redistribute","TohsakaRin_CN","chapterfate02-3","transcript_source=game_text; match=fuzzy; confidence=0.983; review_required=true"
"tohsakarin_ce23688319df123c","audio/raw/TohsakaRin_CN/ogg/voice/chapterfate02/3/tohsakarin/chapterfate02_3_tohsakarin_361.ogg","我已经向大家发誓，会让事件以最圆满的方式落下帷幕……","StarRailVoice/TohsakaRin_CN/ogg/voice/chapterfate02/3/tohsakarin/chapterfate02_3_tohsakarin_361.ogg","local_research_only; game_asset; do_not_redistribute","TohsakaRin_CN","chapterfate02-3","transcript_source=game_text; match=exact; confidence=1.000; review_required=false"
"tohsakarin_387796688e165fd3","audio/raw/TohsakaRin_CN/ogg/voice/chapterfate02/3/tohsakarin/chapterfate02_3_tohsakarin_362.ogg","事到如今，如果只是听到要付出代价就选择退缩，岂不是要让大英雄们看笑话？","StarRailVoice/TohsakaRin_CN/ogg/voice/chapterfate02/3/tohsakarin/chapterfate02_3_tohsakarin_362.ogg","local_research_only; game_asset; do_not_redistribute","TohsakaRin_CN","chapterfate02-3","transcript_source=game_text; match=exact; confidence=1.000; review_required=false"
"tohsakarin_b6f06470d1a415ca","audio/raw/TohsakaRin_CN/ogg/voice/chapterfate02/3/tohsakarin/chapterfate02_3_tohsakarin_363.ogg","如果会失去什么再想办法夺回来就是正是因为坚信什么都不会失去我才一路走到了这里","StarRailVoice/TohsakaRin_CN/ogg/voice/chapterfate02/3/tohsakarin/chapterfate02_3_tohsakarin_363.ogg","local_research_only; game_asset; do_not_redistribute","TohsakaRin_CN","chapterfate02-3","transcript_source=asr_fallback; match=none; confidence=0.000; review_required=true"
"tohsakarin_d830e29a81d81c81","audio/raw/TohsakaRin_CN/ogg/voice/chapterfate02/3/tohsakarin/chapterfate02_3_tohsakarin_364.ogg","请放心：我，从踏上这条旅途时起，就已经做好准备了。","StarRailVoice/TohsakaRin_CN/ogg/voice/chapterfate02/3/tohsakarin/chapterfate02_3_tohsakarin_364.ogg","local_research_only; game_asset; do_not_redistribute","TohsakaRin_CN","chapterfate02-3","transcript_source=game_text; match=exact; confidence=1.000; review_required=false"
"tohsakarin_7f1f08a3fdc5a880","audio/raw/TohsakaRin_CN/ogg/voice/chapterfate02/3/tohsakarin/chapterfate02_3_tohsakarin_365.ogg","啊！","StarRailVoice/TohsakaRin_CN/ogg/voice/chapterfate02/3/tohsakarin/chapterfate02_3_tohsakarin_365.ogg","local_research_only; game_asset; do_not_redistribute","TohsakaRin_CN","chapterfate02-3","transcript_source=game_text; match=exact; confidence=1.000; review_required=false"
"tohsakarin_285e768b48724be7","audio/raw/TohsakaRin_CN/ogg/voice/chapterfate02/3/tohsakarin/chapterfate02_3_tohsakarin_366.ogg","你是想直接把这副幻造身躯投入圣杯，变成魔力吗…？！","StarRailVoice/TohsakaRin_CN/ogg/voice/chapterfate02/3/tohsakarin/chapterfate02_3_tohsakarin_366.ogg","local_research_only; game_asset; do_not_redistribute","TohsakaRin_CN","chapterfate02-3","transcript_source=game_text; match=exact; confidence=1.000; review_required=false"
"tohsakarin_7a8ed492506007de","audio/raw/TohsakaRin_CN/ogg/voice/chapterfate02/3/tohsakarin/chapterfate02_3_tohsakarin_367.ogg","不、不行…绝对不行…！","StarRailVoice/TohsakaRin_CN/ogg/voice/chapterfate02/3/tohsakarin/chapterfate02_3_tohsakarin_367.ogg","local_research_only; game_asset; do_not_redistribute","TohsakaRin_CN","chapterfate02-3","transcript_source=game_text; match=exact; confidence=1.000; review_required=false"
"tohsakarin_a7e974ae92dafd8e","audio/raw/TohsakaRin_CN/ogg/voice/chapterfate02/3/tohsakarin/chapterfate02_3_tohsakarin_370.ogg","夏蝶玻璃西亚谢谢你们","StarRailVoice/TohsakaRin_CN/ogg/voice/chapterfate02/3/tohsakarin/chapterfate02_3_tohsakarin_370.ogg","local_research_only; game_asset; do_not_redistribute","TohsakaRin_CN","chapterfate02-3","transcript_source=asr_fallback; match=none; confidence=0.000; review_required=true"
"tohsakarin_29a6d6a64f7b2897","audio/raw/TohsakaRin_CN/ogg/voice/chapterfate02/3/tohsakarin/chapterfate02_3_tohsakarin_371.ogg","我绝不会辜负大家的信赖……","StarRailVoice/TohsakaRin_CN/ogg/voice/chapterfate02/3/tohsakarin/chapterfate02_3_tohsakarin_371.ogg","local_research_only; game_asset; do_not_redistribute","TohsakaRin_CN","chapterfate02-3","transcript_source=game_text; match=exact; confidence=1.000; review_required=false"
"tohsakarin_a91368c03d5d0930","audio/raw/TohsakaRin_CN/ogg/voice/chapterfate02/3/tohsakarin/chapterfate02_3_tohsakarin_372.ogg","还有这份珍贵的宝藏——<color=#dbc291ff>我继续旅行的力量。</color>","StarRailVoice/TohsakaRin_CN/ogg/voice/chapterfate02/3/tohsakarin/chapterfate02_3_tohsakarin_372.ogg","local_research_only; game_asset; do_not_redistribute","TohsakaRin_CN","chapterfate02-3","transcript_source=game_text; match=exact; confidence=1.000; review_required=false"
"tohsakarin_a4066f0601e6bc35","audio/raw/TohsakaRin_CN/ogg/voice/chapterfate02/4/tohsakarin/chapterfate02_4_tohsakarin_101.ogg","让我找找，在哪儿呢……","StarRailVoice/TohsakaRin_CN/ogg/voice/chapterfate02/4/tohsakarin/chapterfate02_4_tohsakarin_101.ogg","local_research_only; game_asset; do_not_redistribute","TohsakaRin_CN","chapterfate02-4","transcript_source=game_text; match=fuzzy; confidence=0.941; review_required=true"
"tohsakarin_20e910fc9a96e8d2","audio/raw/TohsakaRin_CN/ogg/voice/chapterfate02/4/tohsakarin/chapterfate02_4_tohsakarin_102.ogg","…啊，找到了！","StarRailVoice/TohsakaRin_CN/ogg/voice/chapterfate02/4/tohsakarin/chapterfate02_4_tohsakarin_102.ogg","local_research_only; game_asset; do_not_redistribute","TohsakaRin_CN","chapterfate02-4","transcript_source=game_text; match=exact; confidence=1.000; review_required=false"
"tohsakarin_a2dc82f45764be1b","audio/raw/TohsakaRin_CN/ogg/voice/chapterfate02/4/tohsakarin/chapterfate02_4_tohsakarin_103.ogg","没错。","StarRailVoice/TohsakaRin_CN/ogg/voice/chapterfate02/4/tohsakarin/chapterfate02_4_tohsakarin_103.ogg","local_research_only; game_asset; do_not_redistribute","TohsakaRin_CN","chapterfate02-4","transcript_source=game_text; match=exact; confidence=1.000; review_required=false"
"tohsakarin_e917b52fc6b87c68","audio/raw/TohsakaRin_CN/ogg/voice/chapterfate02/4/tohsakarin/chapterfate02_4_tohsakarin_104.ogg","我才没那么丢三落四。","StarRailVoice/TohsakaRin_CN/ogg/voice/chapterfate02/4/tohsakarin/chapterfate02_4_tohsakarin_104.ogg","local_research_only; game_asset; do_not_redistribute","TohsakaRin_CN","chapterfate02-4","transcript_source=game_text; match=exact; confidence=1.000; review_required=false"
"tohsakarin_3ec2cf2647e680a9","audio/raw/TohsakaRin_CN/ogg/voice/chapterfate02/4/tohsakarin/chapterfate02_4_tohsakarin_105.ogg","你怎么知道…等等，不对！","StarRailVoice/TohsakaRin_CN/ogg/voice/chapterfate02/4/tohsakarin/chapterfate02_4_tohsakarin_105.ogg","local_research_only; game_asset; do_not_redistribute","TohsakaRin_CN","chapterfate02-4","transcript_source=game_text; match=fuzzy; confidence=0.947; review_required=true"
"tohsakarin_ce7ea11d7b9a3b46","audio/raw/TohsakaRin_CN/ogg/voice/chapterfate02/4/tohsakarin/chapterfate02_4_tohsakarin_106.ogg","这是我以防突袭布置的防御术式，当时没来得及回收就匆匆离开了。","StarRailVoice/TohsakaRin_CN/ogg/voice/chapterfate02/4/tohsakarin/chapterfate02_4_tohsakarin_106.ogg","local_research_only; game_asset; do_not_redistribute","TohsakaRin_CN","chapterfate02-4","transcript_source=game_text; match=fuzzy; confidence=0.964; review_required=true"
"tohsakarin_53a203153b1d8f2f","audio/raw/TohsakaRin_CN/ogg/voice/chapterfate02/4/tohsakarin/chapterfate02_4_tohsakarin_107.ogg","靠原本加转换的魔术特性我可以在宝石里预存魔力用来抵消袭击者的魔术就像汽车的安全气囊","StarRailVoice/TohsakaRin_CN/ogg/voice/chapterfate02/4/tohsakarin/chapterfate02_4_tohsakarin_107.ogg","local_research_only; game_asset; do_not_redistribute","TohsakaRin_CN","chapterfate02-4","transcript_source=asr_fallback; match=none; confidence=0.000; review_required=true"
"tohsakarin_80da45500a30878c","audio/raw/TohsakaRin_CN/ogg/voice/chapterfate02/4/tohsakarin/chapterfate02_4_tohsakarin_108.ogg","哎，果然……","StarRailVoice/TohsakaRin_CN/ogg/voice/chapterfate02/4/tohsakarin/chapterfate02_4_tohsakarin_108.ogg","local_research_only; game_asset; do_not_redistribute","TohsakaRin_CN","chapterfate02-4","transcript_source=game_text; match=exact; confidence=1.000; review_required=false"
"tohsakarin_efbe5f472bccfc5d","audio/raw/TohsakaRin_CN/ogg/voice/chapterfate02/4/tohsakarin/chapterfate02_4_tohsakarin_109.ogg","宝石已经被人为破坏，不能作为魔术礼装使用了。","StarRailVoice/TohsakaRin_CN/ogg/voice/chapterfate02/4/tohsakarin/chapterfate02_4_tohsakarin_109.ogg","local_research_only; game_asset; do_not_redistribute","TohsakaRin_CN","chapterfate02-4","transcript_source=game_text; match=exact; confidence=1.000; review_required=false"
"tohsakarin_a19422d9505be16b","audio/raw/TohsakaRin_CN/ogg/voice/chapterfate02/4/tohsakarin/chapterfate02_4_tohsakarin_110.ogg","但该难过的是伊什塔尔。","StarRailVoice/TohsakaRin_CN/ogg/voice/chapterfate02/4/tohsakarin/chapterfate02_4_tohsakarin_110.ogg","local_research_only; game_asset; do_not_redistribute","TohsakaRin_CN","chapterfate02-4","transcript_source=game_text; match=exact; confidence=1.000; review_required=false"
"tohsakarin_f38eb0e0581c5f22","audio/raw/TohsakaRin_CN/ogg/voice/chapterfate02/4/tohsakarin/chapterfate02_4_tohsakarin_111.ogg","身为幻造生命神性反成了他的镣亢要想维系自己的存在他需要的愿力比通常幻造种要多得多堪称天文数字","StarRailVoice/TohsakaRin_CN/ogg/voice/chapterfate02/4/tohsakarin/chapterfate02_4_tohsakarin_111.ogg","local_research_only; game_asset; do_not_redistribute","TohsakaRin_CN","chapterfate02-4","transcript_source=asr_fallback; match=none; confidence=0.000; review_required=true"
"tohsakarin_4dffcee886dd4345","audio/raw/TohsakaRin_CN/ogg/voice/chapterfate02/4/tohsakarin/chapterfate02_4_tohsakarin_112.ogg","以至于，她连如此微弱的力量都不能放过——这枚破碎的宝石，就是她步入穷途末路的证明。","StarRailVoice/TohsakaRin_CN/ogg/voice/chapterfate02/4/tohsakarin/chapterfate02_4_tohsakarin_112.ogg","local_research_only; game_asset; do_not_redistribute","TohsakaRin_CN","chapterfate02-4","transcript_source=game_text; match=fuzzy; confidence=0.944; review_required=true"
"tohsakarin_f4b794f2029c9cf4","audio/raw/TohsakaRin_CN/ogg/voice/chapterfate02/4/tohsakarin/chapterfate02_4_tohsakarin_113.ogg","我不知道啊，怎么回事？","StarRailVoice/TohsakaRin_CN/ogg/voice/chapterfate02/4/tohsakarin/chapterfate02_4_tohsakarin_113.ogg","local_research_only; game_asset; do_not_redistribute","TohsakaRin_CN","chapterfate02-4","transcript_source=game_text; match=contains; confidence=0.900; review_required=false"
"tohsakarin_a2f653f7249423c0","audio/raw/TohsakaRin_CN/ogg/voice/chapterfate02/4/tohsakarin/chapterfate02_4_tohsakarin_114_f.ogg","…学校里有从者！{NICKNAME}，我们快去看看！","StarRailVoice/TohsakaRin_CN/ogg/voice/chapterfate02/4/tohsakarin/chapterfate02_4_tohsakarin_114_f.ogg","local_research_only; game_asset; do_not_redistribute","TohsakaRin_CN","chapterfate02-4","transcript_source=game_text; match=exact; confidence=1.000; review_required=false"
"tohsakarin_98b0319a36287bdf","audio/raw/TohsakaRin_CN/ogg/voice/chapterfate02/4/tohsakarin/chapterfate02_4_tohsakarin_114_m.ogg","…学校里有从者！{NICKNAME}，我们快去看看！","StarRailVoice/TohsakaRin_CN/ogg/voice/chapterfate02/4/tohsakarin/chapterfate02_4_tohsakarin_114_m.ogg","local_research_only; game_asset; do_not_redistribute","TohsakaRin_CN","chapterfate02-4","transcript_source=game_text; match=exact; confidence=1.000; review_required=false"
"tohsakarin_a48a41013c02dad6","audio/raw/TohsakaRin_CN/ogg/voice/chapterfate02/4/tohsakarin/chapterfate02_4_tohsakarin_115.ogg","篮球场…？","StarRailVoice/TohsakaRin_CN/ogg/voice/chapterfate02/4/tohsakarin/chapterfate02_4_tohsakarin_115.ogg","local_research_only; game_asset; do_not_redistribute","TohsakaRin_CN","chapterfate02-4","transcript_source=game_text; match=exact; confidence=1.000; review_required=false"
"tohsakarin_14ce6f0a084f2039","audio/raw/TohsakaRin_CN/ogg/voice/chapterfate02/4/tohsakarin/chapterfate02_4_tohsakarin_116.ogg","千万小心，前方有很多人……","StarRailVoice/TohsakaRin_CN/ogg/voice/chapterfate02/4/tohsakarin/chapterfate02_4_tohsakarin_116.ogg","local_research_only; game_asset; do_not_redistribute","TohsakaRin_CN","chapterfate02-4","transcript_source=game_text; match=exact; confidence=1.000; review_required=false"
"tohsakarin_8fab151248cbd9b8","audio/raw/TohsakaRin_CN/ogg/voice/chapterfate02/4/tohsakarin/chapterfate02_4_tohsakarin_117.ogg","cber太好了总算有个能正常沟通的从者了","StarRailVoice/TohsakaRin_CN/ogg/voice/chapterfate02/4/tohsakarin/chapterfate02_4_tohsakarin_117.ogg","local_research_only; game_asset; do_not_redistribute","TohsakaRin_CN","chapterfate02-4","transcript_source=asr_fallback; match=none; confidence=0.000; review_required=true"
"tohsakarin_15f8531bb2d110f3","audio/raw/TohsakaRin_CN/ogg/voice/chapterfate02/4/tohsakarin/chapterfate02_4_tohsakarin_118.ogg","他没有伤害你们吧","StarRailVoice/TohsakaRin_CN/ogg/voice/chapterfate02/4/tohsakarin/chapterfate02_4_tohsakarin_118.ogg","local_research_only; game_asset; do_not_redistribute","TohsakaRin_CN","chapterfate02-4","transcript_source=asr_fallback; match=fuzzy; confidence=0.875; review_required=true"
"tohsakarin_94712123f65ec6ea","audio/raw/TohsakaRin_CN/ogg/voice/chapterfate02/4/tohsakarin/chapterfate02_4_tohsakarin_119.ogg","他已经被抢走了吗","StarRailVoice/TohsakaRin_CN/ogg/voice/chapterfate02/4/tohsakarin/chapterfate02_4_tohsakarin_119.ogg","local_research_only; game_asset; do_not_redistribute","TohsakaRin_CN","chapterfate02-4","transcript_source=asr_fallback; match=fuzzy; confidence=0.875; review_required=true"
"tohsakarin_191a8178baeba6fa","audio/raw/TohsakaRin_CN/ogg/voice/chapterfate02/4/tohsakarin/chapterfate02_4_tohsakarin_120.ogg","你们两个……","StarRailVoice/TohsakaRin_CN/ogg/voice/chapterfate02/4/tohsakarin/chapterfate02_4_tohsakarin_120.ogg","local_research_only; game_asset; do_not_redistribute","TohsakaRin_CN","chapterfate02-4","transcript_source=game_text; match=exact; confidence=1.000; review_required=false"
"tohsakarin_6e8fb36f3bec44c3","audio/raw/TohsakaRin_CN/ogg/voice/chapterfate02/4/tohsakarin/chapterfate02_4_tohsakarin_121.ogg","<size=36>吵——死——了——！</size>","StarRailVoice/TohsakaRin_CN/ogg/voice/chapterfate02/4/tohsakarin/chapterfate02_4_tohsakarin_121.ogg","local_research_only; game_asset; do_not_redistribute","TohsakaRin_CN","chapterfate02-4","transcript_source=game_text; match=exact; confidence=1.000; review_required=false"
"tohsakarin_043b8589c7b4f72c","audio/raw/TohsakaRin_CN/ogg/voice/chapterfate02/4/tohsakarin/chapterfate02_4_tohsakarin_122.ogg","所以，结束了？我认识的金闪闪居然就为切磋亲自跑了一趟？","StarRailVoice/TohsakaRin_CN/ogg/voice/chapterfate02/4/tohsakarin/chapterfate02_4_tohsakarin_122.ogg","local_research_only; game_asset; do_not_redistribute","TohsakaRin_CN","chapterfate02-4","transcript_source=game_text; match=exact; confidence=1.000; review_required=false"
"tohsakarin_731f9f80e9516bfd","audio/raw/TohsakaRin_CN/ogg/voice/chapterfate02/4/tohsakarin/chapterfate02_4_tohsakarin_123.ogg","怎么就要出征了？距离决战还有几天……","StarRailVoice/TohsakaRin_CN/ogg/voice/chapterfate02/4/tohsakarin/chapterfate02_4_tohsakarin_123.ogg","local_research_only; game_asset; do_not_redistribute","TohsakaRin_CN","chapterfate02-4","transcript_source=game_text; match=exact; confidence=1.000; review_required=false"
"tohsakarin_35cb5390bdbaf3d7","audio/raw/TohsakaRin_CN/ogg/voice/chapterfate02/4/tohsakarin/chapterfate02_4_tohsakarin_125.ogg","至此，七对主从，十四位英雄全部现身。对抗神明的英雄已尽数集结。","StarRailVoice/TohsakaRin_CN/ogg/voice/chapterfate02/4/tohsakarin/chapterfate02_4_tohsakarin_125.ogg","local_research_only; game_asset; do_not_redistribute","TohsakaRin_CN","chapterfate02-4","transcript_source=game_text; match=fuzzy; confidence=0.963; review_required=true"
"tohsakarin_b537e5aaab9cd470","audio/raw/TohsakaRin_CN/ogg/voice/chapterfate02/4/tohsakarin/chapterfate02_4_tohsakarin_126.ogg","出人意料的是，向来玩世不恭的王也亲自出马……","StarRailVoice/TohsakaRin_CN/ogg/voice/chapterfate02/4/tohsakarin/chapterfate02_4_tohsakarin_126.ogg","local_research_only; game_asset; do_not_redistribute","TohsakaRin_CN","chapterfate02-4","transcript_source=game_text; match=fuzzy; confidence=0.947; review_required=true"
"tohsakarin_36f53fa2683cf1f1","audio/raw/TohsakaRin_CN/ogg/voice/chapterfate02/4/tohsakarin/chapterfate02_4_tohsakarin_127.ogg","「乌鲁克的大杯」——王将亲自用它召开酒宴，为决战壮行。","StarRailVoice/TohsakaRin_CN/ogg/voice/chapterfate02/4/tohsakarin/chapterfate02_4_tohsakarin_127.ogg","local_research_only; game_asset; do_not_redistribute","TohsakaRin_CN","chapterfate02-4","transcript_source=game_text; match=fuzzy; confidence=0.905; review_required=true"
"tohsakarin_a0e4513655382f72","audio/raw/TohsakaRin_CN/ogg/voice/chapterfate02/4/tohsakarin/chapterfate02_4_tohsakarin_128.ogg","居然在事务所摆酒宴…真不知道他要整什么花活。","StarRailVoice/TohsakaRin_CN/ogg/voice/chapterfate02/4/tohsakarin/chapterfate02_4_tohsakarin_128.ogg","local_research_only; game_asset; do_not_redistribute","TohsakaRin_CN","chapterfate02-4","transcript_source=game_text; match=exact; confidence=1.000; review_required=false"
"tohsakarin_263dc32e14e92dbb","audio/raw/TohsakaRin_CN/ogg/voice/chapterfate02/4/tohsakarin/chapterfate02_4_tohsakarin_129.ogg","酒宴过后，应该就是决战了。","StarRailVoice/TohsakaRin_CN/ogg/voice/chapterfate02/4/tohsakarin/chapterfate02_4_tohsakarin_129.ogg","local_research_only; game_asset; do_not_redistribute","TohsakaRin_CN","chapterfate02-4","transcript_source=game_text; match=fuzzy; confidence=0.957; review_required=true"
"tohsakarin_94c9af43c2f066d9","audio/raw/TohsakaRin_CN/ogg/voice/chapterfate02/4/tohsakarin/chapterfate02_4_tohsakarin_130.ogg","无论决战还是战前会议，都让我们以最完美的姿态全力以赴吧！","StarRailVoice/TohsakaRin_CN/ogg/voice/chapterfate02/4/tohsakarin/chapterfate02_4_tohsakarin_130.ogg","local_research_only; game_asset; do_not_redistribute","TohsakaRin_CN","chapterfate02-4","transcript_source=game_text; match=exact; confidence=1.000; review_required=false"
"tohsakarin_130c554c06504958","audio/raw/TohsakaRin_CN/ogg/voice/chapterfate02/4/tohsakarin/chapterfate02_4_tohsakarin_131.ogg","当然，无论决战还是战前会议，都要以最完美的姿态全力以赴！","StarRailVoice/TohsakaRin_CN/ogg/voice/chapterfate02/4/tohsakarin/chapterfate02_4_tohsakarin_131.ogg","local_research_only; game_asset; do_not_redistribute","TohsakaRin_CN","chapterfate02-4","transcript_source=game_text; match=exact; confidence=1.000; review_required=false"
"tohsakarin_7d9663317ab4efdf","audio/raw/TohsakaRin_CN/ogg/voice/chapterfate02/4/tohsakarin/chapterfate02_4_tohsakarin_132.ogg","啊！","StarRailVoice/TohsakaRin_CN/ogg/voice/chapterfate02/4/tohsakarin/chapterfate02_4_tohsakarin_132.ogg","local_research_only; game_asset; do_not_redistribute","TohsakaRin_CN","chapterfate02-4","transcript_source=game_text; match=exact; confidence=1.000; review_required=false"
"tohsakarin_27eb813af9874a76","audio/raw/TohsakaRin_CN/ogg/voice/chapterfate02/4/tohsakarin/chapterfate02_4_tohsakarin_133.ogg","看来我们在想同一件事啊吉尔伽美什强大如伊什塔尔也一样害怕失去这来之不易的幻造生命所以他才需要圣杯以真正的神明之姿长存于世","StarRailVoice/TohsakaRin_CN/ogg/voice/chapterfate02/4/tohsakarin/chapterfate02_4_tohsakarin_133.ogg","local_research_only; game_asset; do_not_redistribute","TohsakaRin_CN","chapterfate02-4","transcript_source=asr_fallback; match=fuzzy; confidence=0.870; review_required=true"
"tohsakarin_d1610f224461b2e5","audio/raw/TohsakaRin_CN/ogg/voice/chapterfate02/4/tohsakarin/chapterfate02_4_tohsakarin_134.ogg","<color=#dbc291ff>…一段故事落幕后，一切物质的得失相抵之后，仿佛凭空诞生的存在。</color>","StarRailVoice/TohsakaRin_CN/ogg/voice/chapterfate02/4/tohsakarin/chapterfate02_4_tohsakarin_134.ogg","local_research_only; game_asset; do_not_redistribute","TohsakaRin_CN","chapterfate02-4","transcript_source=game_text; match=exact; confidence=1.000; review_required=false"
"tohsakarin_235b55294c21b614","audio/raw/TohsakaRin_CN/ogg/voice/chapterfate02/4/tohsakarin/chapterfate02_4_tohsakarin_135.ogg","但——","StarRailVoice/TohsakaRin_CN/ogg/voice/chapterfate02/4/tohsakarin/chapterfate02_4_tohsakarin_135.ogg","local_research_only; game_asset; do_not_redistribute","TohsakaRin_CN","chapterfate02-4","transcript_source=game_text; match=exact; confidence=1.000; review_required=false"
"tohsakarin_d036e31099df478b","audio/raw/TohsakaRin_CN/ogg/voice/chapterfate02/4/tohsakarin/chapterfate02_4_tohsakarin_136.ogg","请不要为有这样的念头苛责自己。","StarRailVoice/TohsakaRin_CN/ogg/voice/chapterfate02/4/tohsakarin/chapterfate02_4_tohsakarin_136.ogg","local_research_only; game_asset; do_not_redistribute","TohsakaRin_CN","chapterfate02-4","transcript_source=game_text; match=exact; confidence=1.000; review_required=false"
"tohsakarin_76eef11a159f1bc2","audio/raw/TohsakaRin_CN/ogg/voice/chapterfate02/4/tohsakarin/chapterfate02_4_tohsakarin_137.ogg","<想让他人看到美好未来的愿望，肯定没有错。","StarRailVoice/TohsakaRin_CN/ogg/voice/chapterfate02/4/tohsakarin/chapterfate02_4_tohsakarin_137.ogg","local_research_only; game_asset; do_not_redistribute","TohsakaRin_CN","chapterfate02-4","transcript_source=game_text; match=fuzzy; confidence=0.919; review_required=true"
"tohsakarin_e0ee5f84ed330bc1","audio/raw/TohsakaRin_CN/ogg/voice/chapterfate02/4/tohsakarin/chapterfate02_4_tohsakarin_138.ogg","虽然现在的我还无法完全认同这个观点…但，曾有一个人这样对我说过。","StarRailVoice/TohsakaRin_CN/ogg/voice/chapterfate02/4/tohsakarin/chapterfate02_4_tohsakarin_138.ogg","local_research_only; game_asset; do_not_redistribute","TohsakaRin_CN","chapterfate02-4","transcript_source=game_text; match=exact; confidence=1.000; review_required=false"
"tohsakarin_87dc858e692097c0","audio/raw/TohsakaRin_CN/ogg/voice/chapterfate02/4/tohsakarin/chapterfate02_4_tohsakarin_139.ogg","一条能让更多人微笑——哪怕是微笑着分别——那一定不是错误的道路。","StarRailVoice/TohsakaRin_CN/ogg/voice/chapterfate02/4/tohsakarin/chapterfate02_4_tohsakarin_139.ogg","local_research_only; game_asset; do_not_redistribute","TohsakaRin_CN","chapterfate02-4","transcript_source=game_text; match=exact; confidence=1.000; review_required=false"
"tohsakarin_e684a1b6da41f210","audio/raw/TohsakaRin_CN/ogg/voice/chapterfate02/4/tohsakarin/chapterfate02_4_tohsakarin_140.ogg","…现在，该聊聊如何对抗伊什塔尔了。","StarRailVoice/TohsakaRin_CN/ogg/voice/chapterfate02/4/tohsakarin/chapterfate02_4_tohsakarin_140.ogg","local_research_only; game_asset; do_not_redistribute","TohsakaRin_CN","chapterfate02-4","transcript_source=game_text; match=fuzzy; confidence=0.929; review_required=true"
"tohsakarin_6841fbae96e20f91","audio/raw/TohsakaRin_CN/ogg/voice/chapterfate02/4/tohsakarin/chapterfate02_4_tohsakarin_141.ogg","嗯多亏了霞蝶和波里西亚小姐啊还有吉尔伽美什","StarRailVoice/TohsakaRin_CN/ogg/voice/chapterfate02/4/tohsakarin/chapterfate02_4_tohsakarin_141.ogg","local_research_only; game_asset; do_not_redistribute","TohsakaRin_CN","chapterfate02-4","transcript_source=asr_fallback; match=fuzzy; confidence=0.780; review_required=true"
"tohsakarin_35894195f65bc8cc","audio/raw/TohsakaRin_CN/ogg/voice/chapterfate02/4/tohsakarin/chapterfate02_4_tohsakarin_144.ogg","英雄王，如果向你的大杯里注入魔力，能重新进行主从指定，把全部令咒集于一身么？","StarRailVoice/TohsakaRin_CN/ogg/voice/chapterfate02/4/tohsakarin/chapterfate02_4_tohsakarin_144.ogg","local_research_only; game_asset; do_not_redistribute","TohsakaRin_CN","chapterfate02-4","transcript_source=game_text; match=fuzzy; confidence=0.941; review_required=true"
"tohsakarin_a46d5b8d17f83c9d","audio/raw/TohsakaRin_CN/ogg/voice/chapterfate02/4/tohsakarin/chapterfate02_4_tohsakarin_145.ogg","嗯魔力不是艳力只是复制另一场幻造圣杯战争没有任何意义受制于同样的规则凡人想要击败神明可能性微乎其微","StarRailVoice/TohsakaRin_CN/ogg/voice/chapterfate02/4/tohsakarin/chapterfate02_4_tohsakarin_145.ogg","local_research_only; game_asset; do_not_redistribute","TohsakaRin_CN","chapterfate02-4","transcript_source=asr_fallback; match=fuzzy; confidence=0.876; review_required=true"
"tohsakarin_47023d84e6af4e9a","audio/raw/TohsakaRin_CN/ogg/voice/chapterfate02/4/tohsakarin/chapterfate02_4_tohsakarin_146.ogg","所以我们必须制定自己的规则对自己有利的规则一场属于魔术师的真正的圣杯战争","StarRailVoice/TohsakaRin_CN/ogg/voice/chapterfate02/4/tohsakarin/chapterfate02_4_tohsakarin_146.ogg","local_research_only; game_asset; do_not_redistribute","TohsakaRin_CN","chapterfate02-4","transcript_source=asr_fallback; match=none; confidence=0.000; review_required=true"
"tohsakarin_f49aef7dde926be3","audio/raw/TohsakaRin_CN/ogg/voice/chapterfate02/4/tohsakarin/chapterfate02_4_tohsakarin_147.ogg","毕竟，魔术师就是一群妄想{RUBY_B#抵达根源}创造新秩序{RUBY_E#}，僭越神明的狂人哪。","StarRailVoice/TohsakaRin_CN/ogg/voice/chapterfate02/4/tohsakarin/chapterfate02_4_tohsakarin_147.ogg","local_research_only; game_asset; do_not_redistribute","TohsakaRin_CN","chapterfate02-4","transcript_source=game_text; match=fuzzy; confidence=0.939; review_required=true"
"tohsakarin_9a5fb175affee0a8","audio/raw/TohsakaRin_CN/ogg/voice/chapterfate02/4/tohsakarin/chapterfate02_4_tohsakarin_148.ogg","我已经下定决心了。","StarRailVoice/TohsakaRin_CN/ogg/voice/chapterfate02/4/tohsakarin/chapterfate02_4_tohsakarin_148.ogg","local_research_only; game_asset; do_not_redistribute","TohsakaRin_CN","chapterfate02-4","transcript_source=game_text; match=exact; confidence=1.000; review_required=false"
"tohsakarin_f371cb6c3411c1e9","audio/raw/TohsakaRin_CN/ogg/voice/chapterfate02/4/tohsakarin/chapterfate02_4_tohsakarin_149.ogg","就像伊什塔尔下冥界的神话：就算财宝首饰被剥个精光，那再一件一件亲手夺回来，不就是了？","StarRailVoice/TohsakaRin_CN/ogg/voice/chapterfate02/4/tohsakarin/chapterfate02_4_tohsakarin_149.ogg","local_research_only; game_asset; do_not_redistribute","TohsakaRin_CN","chapterfate02-4","transcript_source=game_text; match=fuzzy; confidence=0.921; review_required=true"
"tohsakarin_6269af81e2740bc7","audio/raw/TohsakaRin_CN/ogg/voice/chapterfate02/4/tohsakarin/chapterfate02_4_tohsakarin_150.ogg","正是因为坚信什么都不会失去，我才一路走到了这里。接下来的路，我也会一如既往——","StarRailVoice/TohsakaRin_CN/ogg/voice/chapterfate02/4/tohsakarin/chapterfate02_4_tohsakarin_150.ogg","local_research_only; game_asset; do_not_redistribute","TohsakaRin_CN","chapterfate02-4","transcript_source=game_text; match=exact; confidence=1.000; review_required=false"
"tohsakarin_0cbe8d8b6145f93e","audio/raw/TohsakaRin_CN/ogg/voice/chapterfate02/4/tohsakarin/chapterfate02_4_tohsakarin_151.ogg","哪怕这条路通向地狱，我也会一直、一直走下去。","StarRailVoice/TohsakaRin_CN/ogg/voice/chapterfate02/4/tohsakarin/chapterfate02_4_tohsakarin_151.ogg","local_research_only; game_asset; do_not_redistribute","TohsakaRin_CN","chapterfate02-4","transcript_source=game_text; match=exact; confidence=1.000; review_required=false"
"tohsakarin_66f99b938fd932e1","audio/raw/TohsakaRin_CN/ogg/voice/chapterfate02/4/tohsakarin/chapterfate02_4_tohsakarin_152.ogg","才不要，也太暴力了！","StarRailVoice/TohsakaRin_CN/ogg/voice/chapterfate02/4/tohsakarin/chapterfate02_4_tohsakarin_152.ogg","local_research_only; game_asset; do_not_redistribute","TohsakaRin_CN","chapterfate02-4","transcript_source=game_text; match=exact; confidence=1.000; review_required=false"
"tohsakarin_b92a419a97c76960","audio/raw/TohsakaRin_CN/ogg/voice/chapterfate02/4/tohsakarin/chapterfate02_4_tohsakarin_153.ogg","不过，大杯我们还是收下了。","StarRailVoice/TohsakaRin_CN/ogg/voice/chapterfate02/4/tohsakarin/chapterfate02_4_tohsakarin_153.ogg","local_research_only; game_asset; do_not_redistribute","TohsakaRin_CN","chapterfate02-4","transcript_source=game_text; match=exact; confidence=1.000; review_required=false"
"tohsakarin_caa64f619efa9e33","audio/raw/TohsakaRin_CN/ogg/voice/chapterfate02/4/tohsakarin/chapterfate02_4_tohsakarin_154.ogg","——毕竟","StarRailVoice/TohsakaRin_CN/ogg/voice/chapterfate02/4/tohsakarin/chapterfate02_4_tohsakarin_154.ogg","local_research_only; game_asset; do_not_redistribute","TohsakaRin_CN","chapterfate02-4","transcript_source=game_text; match=exact; confidence=1.000; review_required=false"
"tohsakarin_45b91d69dfa52b2a","audio/raw/TohsakaRin_CN/ogg/voice/chapterfate02/4/tohsakarin/chapterfate02_4_tohsakarin_155.ogg","接下来，就是作战的核心了——","StarRailVoice/TohsakaRin_CN/ogg/voice/chapterfate02/4/tohsakarin/chapterfate02_4_tohsakarin_155.ogg","local_research_only; game_asset; do_not_redistribute","TohsakaRin_CN","chapterfate02-4","transcript_source=game_text; match=fuzzy; confidence=0.957; review_required=true"
"tohsakarin_7b151012760e77a6","audio/raw/TohsakaRin_CN/ogg/voice/chapterfate02/4/tohsakarin/chapterfate02_4_tohsakarin_156_f.ogg","有关他的宝具","StarRailVoice/TohsakaRin_CN/ogg/voice/chapterfate02/4/tohsakarin/chapterfate02_4_tohsakarin_156_f.ogg","local_research_only; game_asset; do_not_redistribute","TohsakaRin_CN","chapterfate02-4","transcript_source=asr_fallback; match=none; confidence=0.000; review_required=true"
"tohsakarin_602a6e5da52cbeb1","audio/raw/TohsakaRin_CN/ogg/voice/chapterfate02/4/tohsakarin/chapterfate02_4_tohsakarin_156_m.ogg","有关他的宝具","StarRailVoice/TohsakaRin_CN/ogg/voice/chapterfate02/4/tohsakarin/chapterfate02_4_tohsakarin_156_m.ogg","local_research_only; game_asset; do_not_redistribute","TohsakaRin_CN","chapterfate02-4","transcript_source=asr_fallback; match=none; confidence=0.000; review_required=true"
"tohsakarin_082ea179b3e0d21c","audio/raw/TohsakaRin_CN/ogg/voice/chapterfate02/4/tohsakarin/chapterfate02_4_tohsakarin_157.ogg","来到这里以后，我确实失去了许多。但，我也同样收获了许多。","StarRailVoice/TohsakaRin_CN/ogg/voice/chapterfate02/4/tohsakarin/chapterfate02_4_tohsakarin_157.ogg","local_research_only; game_asset; do_not_redistribute","TohsakaRin_CN","chapterfate02-4","transcript_source=game_text; match=exact; confidence=1.000; review_required=false"
"tohsakarin_b7aea92708940c00","audio/raw/TohsakaRin_CN/ogg/voice/chapterfate02/4/tohsakarin/chapterfate02_4_tohsakarin_158_f.ogg","与他缔结主从契约与曾经的劲敌友人甚至另一个自己重逢和大家一起为了同一个目标四处奔走为我们以行和将行的旅途把酒言欢","StarRailVoice/TohsakaRin_CN/ogg/voice/chapterfate02/4/tohsakarin/chapterfate02_4_tohsakarin_158_f.ogg","local_research_only; game_asset; do_not_redistribute","TohsakaRin_CN","chapterfate02-4","transcript_source=asr_fallback; match=fuzzy; confidence=0.821; review_required=true"
"tohsakarin_ad6886ca1a28641f","audio/raw/TohsakaRin_CN/ogg/voice/chapterfate02/4/tohsakarin/chapterfate02_4_tohsakarin_158_m.ogg","与他缔结主从契约与曾经的劲敌友人甚至另一个自己重逢和大家一起为了同一个目标四处奔走为我们以行和将行的旅途把酒言欢","StarRailVoice/TohsakaRin_CN/ogg/voice/chapterfate02/4/tohsakarin/chapterfate02_4_tohsakarin_158_m.ogg","local_research_only; game_asset; do_not_redistribute","TohsakaRin_CN","chapterfate02-4","transcript_source=asr_fallback; match=fuzzy; confidence=0.821; review_required=true"
"tohsakarin_55d23d4725493f16","audio/raw/TohsakaRin_CN/ogg/voice/chapterfate02/4/tohsakarin/chapterfate02_4_tohsakarin_159.ogg","最重要的是我们曾对彼此一无所知变成了能向对方敞开心扉的存在如果没有我这位可靠的从者只靠我一个人是绝对无法一步步走在这里的","StarRailVoice/TohsakaRin_CN/ogg/voice/chapterfate02/4/tohsakarin/chapterfate02_4_tohsakarin_159.ogg","local_research_only; game_asset; do_not_redistribute","TohsakaRin_CN","chapterfate02-4","transcript_source=asr_fallback; match=fuzzy; confidence=0.816; review_required=true"
"tohsakarin_5cfb7f0e4377c05f","audio/raw/TohsakaRin_CN/ogg/voice/chapterfate02/4/tohsakarin/chapterfate02_4_tohsakarin_161.ogg","虽然没人知道这件武装的真相究竟如何……","StarRailVoice/TohsakaRin_CN/ogg/voice/chapterfate02/4/tohsakarin/chapterfate02_4_tohsakarin_161.ogg","local_research_only; game_asset; do_not_redistribute","TohsakaRin_CN","chapterfate02-4","transcript_source=game_text; match=fuzzy; confidence=0.971; review_required=true"
"tohsakarin_f2717128cf1319d8","audio/raw/TohsakaRin_CN/ogg/voice/chapterfate02/4/tohsakarin/chapterfate02_4_tohsakarin_162.ogg","但，只要能够作为宝具发动，我们就能短暂实现比肩「第二法」的奇迹。","StarRailVoice/TohsakaRin_CN/ogg/voice/chapterfate02/4/tohsakarin/chapterfate02_4_tohsakarin_162.ogg","local_research_only; game_asset; do_not_redistribute","TohsakaRin_CN","chapterfate02-4","transcript_source=game_text; match=exact; confidence=1.000; review_required=false"
"tohsakarin_742ecb208bb33759","audio/raw/TohsakaRin_CN/ogg/voice/chapterfate02/4/tohsakarin/chapterfate02_4_tohsakarin_163.ogg","我们可以从平行世界汲取愿力，展开一道「对神性特攻」的固有结界。","StarRailVoice/TohsakaRin_CN/ogg/voice/chapterfate02/4/tohsakarin/chapterfate02_4_tohsakarin_163.ogg","local_research_only; game_asset; do_not_redistribute","TohsakaRin_CN","chapterfate02-4","transcript_source=game_text; match=fuzzy; confidence=0.945; review_required=true"
"tohsakarin_2d8eb0a11a161e05","audio/raw/TohsakaRin_CN/ogg/voice/chapterfate02/4/tohsakarin/chapterfate02_4_tohsakarin_164_f.ogg","圣杯从未向{NICKNAME}灌输任何知识，更不必说固有结界这种随时会被魔术协会指定为封印对象的大魔术……","StarRailVoice/TohsakaRin_CN/ogg/voice/chapterfate02/4/tohsakarin/chapterfate02_4_tohsakarin_164_f.ogg","local_research_only; game_asset; do_not_redistribute","TohsakaRin_CN","chapterfate02-4","transcript_source=game_text; match=fuzzy; confidence=0.929; review_required=true"
"tohsakarin_709902dc86b2c5aa","audio/raw/TohsakaRin_CN/ogg/voice/chapterfate02/4/tohsakarin/chapterfate02_4_tohsakarin_164_m.ogg","圣杯从未向{NICKNAME}灌输任何知识，更不必说固有结界这种随时会被魔术协会指定为封印对象的大魔术……","StarRailVoice/TohsakaRin_CN/ogg/voice/chapterfate02/4/tohsakarin/chapterfate02_4_tohsakarin_164_m.ogg","local_research_only; game_asset; do_not_redistribute","TohsakaRin_CN","chapterfate02-4","transcript_source=game_text; match=fuzzy; confidence=0.929; review_required=true"
"tohsakarin_6b0fbb951f55a4bc","audio/raw/TohsakaRin_CN/ogg/voice/chapterfate02/4/tohsakarin/chapterfate02_4_tohsakarin_165_f.ogg","换句话说他不知道如何解放自己的星象世界","StarRailVoice/TohsakaRin_CN/ogg/voice/chapterfate02/4/tohsakarin/chapterfate02_4_tohsakarin_165_f.ogg","local_research_only; game_asset; do_not_redistribute","TohsakaRin_CN","chapterfate02-4","transcript_source=asr_fallback; match=fuzzy; confidence=0.865; review_required=true"
"tohsakarin_60ffb9383117c2cb","audio/raw/TohsakaRin_CN/ogg/voice/chapterfate02/4/tohsakarin/chapterfate02_4_tohsakarin_165_m.ogg","换句话说他不知道如何解放自己的星象世界","StarRailVoice/TohsakaRin_CN/ogg/voice/chapterfate02/4/tohsakarin/chapterfate02_4_tohsakarin_165_m.ogg","local_research_only; game_asset; do_not_redistribute","TohsakaRin_CN","chapterfate02-4","transcript_source=asr_fallback; match=fuzzy; confidence=0.865; review_required=true"
"tohsakarin_02c0710614e48694","audio/raw/TohsakaRin_CN/ogg/voice/chapterfate02/4/tohsakarin/chapterfate02_4_tohsakarin_166.ogg","不过，你似乎和我认识的那个Saber有些微妙的不同……","StarRailVoice/TohsakaRin_CN/ogg/voice/chapterfate02/4/tohsakarin/chapterfate02_4_tohsakarin_166.ogg","local_research_only; game_asset; do_not_redistribute","TohsakaRin_CN","chapterfate02-4","transcript_source=game_text; match=fuzzy; confidence=0.980; review_required=true"
"tohsakarin_b0c62aff0d248365","audio/raw/TohsakaRin_CN/ogg/voice/chapterfate02/4/tohsakarin/chapterfate02_4_tohsakarin_167.ogg","原来你们就是另一个圣杯的主人…！","StarRailVoice/TohsakaRin_CN/ogg/voice/chapterfate02/4/tohsakarin/chapterfate02_4_tohsakarin_167.ogg","local_research_only; game_asset; do_not_redistribute","TohsakaRin_CN","chapterfate02-4","transcript_source=game_text; match=fuzzy; confidence=0.966; review_required=true"
"tohsakarin_c52c46c2bd1863f6","audio/raw/TohsakaRin_CN/ogg/voice/chapterfate02/5/tohsakarin/chapterfate02_5_tohsakarin_101.ogg","马上就要迈向决战了…大家都已经准备好了，你呢？","StarRailVoice/TohsakaRin_CN/ogg/voice/chapterfate02/5/tohsakarin/chapterfate02_5_tohsakarin_101.ogg","local_research_only; game_asset; do_not_redistribute","TohsakaRin_CN","chapterfate02-5","transcript_source=game_text; match=exact; confidence=1.000; review_required=false"
"tohsakarin_320a74cb86818059","audio/raw/TohsakaRin_CN/ogg/voice/chapterfate02/5/tohsakarin/chapterfate02_5_tohsakarin_102.ogg","秉持优雅——然后，全力以赴吧！","StarRailVoice/TohsakaRin_CN/ogg/voice/chapterfate02/5/tohsakarin/chapterfate02_5_tohsakarin_102.ogg","local_research_only; game_asset; do_not_redistribute","TohsakaRin_CN","chapterfate02-5","transcript_source=game_text; match=exact; confidence=1.000; review_required=false"
"tohsakarin_142fb6a1d9303542","audio/raw/TohsakaRin_CN/ogg/voice/chapterfate02/5/tohsakarin/chapterfate02_5_tohsakarin_105.ogg","顶着我的脸说大话真没礼貌跟谁学的阿莎吗","StarRailVoice/TohsakaRin_CN/ogg/voice/chapterfate02/5/tohsakarin/chapterfate02_5_tohsakarin_105.ogg","local_research_only; game_asset; do_not_redistribute","TohsakaRin_CN","chapterfate02-5","transcript_source=asr_fallback; match=fuzzy; confidence=0.810; review_required=true"
"tohsakarin_6ea1d4aa07f2cc65","audio/raw/TohsakaRin_CN/ogg/voice/chapterfate02/5/tohsakarin/chapterfate02_5_tohsakarin_106.ogg","真想不明白，他怎么会无条件站在你这边。","StarRailVoice/TohsakaRin_CN/ogg/voice/chapterfate02/5/tohsakarin/chapterfate02_5_tohsakarin_106.ogg","local_research_only; game_asset; do_not_redistribute","TohsakaRin_CN","chapterfate02-5","transcript_source=game_text; match=exact; confidence=1.000; review_required=false"
"tohsakarin_c09c1ab10fb2cf94","audio/raw/TohsakaRin_CN/ogg/voice/chapterfate02/5/tohsakarin/chapterfate02_5_tohsakarin_107.ogg","别无主神了","StarRailVoice/TohsakaRin_CN/ogg/voice/chapterfate02/5/tohsakarin/chapterfate02_5_tohsakarin_107.ogg","local_research_only; game_asset; do_not_redistribute","TohsakaRin_CN","chapterfate02-5","transcript_source=asr_fallback; match=none; confidence=0.000; review_required=true"
"tohsakarin_d1c2b8fd7a417ca7","audio/raw/TohsakaRin_CN/ogg/voice/chapterfate02/5/tohsakarin/chapterfate02_5_tohsakarin_108.ogg","是令咒，对吧？","StarRailVoice/TohsakaRin_CN/ogg/voice/chapterfate02/5/tohsakarin/chapterfate02_5_tohsakarin_108.ogg","local_research_only; game_asset; do_not_redistribute","TohsakaRin_CN","chapterfate02-5","transcript_source=game_text; match=exact; confidence=1.000; review_required=false"
"tohsakarin_23f417048230eb9e","audio/raw/TohsakaRin_CN/ogg/voice/chapterfate02/5/tohsakarin/chapterfate02_5_tohsakarin_109.ogg","…别虚张声势了。","StarRailVoice/TohsakaRin_CN/ogg/voice/chapterfate02/5/tohsakarin/chapterfate02_5_tohsakarin_109.ogg","local_research_only; game_asset; do_not_redistribute","TohsakaRin_CN","chapterfate02-5","transcript_source=game_text; match=exact; confidence=1.000; review_required=false"
"tohsakarin_b1953aeed0e9d308","audio/raw/TohsakaRin_CN/ogg/voice/chapterfate02/5/tohsakarin/chapterfate02_5_tohsakarin_110.ogg","你描绘的未来，绝不会实现。","StarRailVoice/TohsakaRin_CN/ogg/voice/chapterfate02/5/tohsakarin/chapterfate02_5_tohsakarin_110.ogg","local_research_only; game_asset; do_not_redistribute","TohsakaRin_CN","chapterfate02-5","transcript_source=game_text; match=exact; confidence=1.000; review_required=false"
"tohsakarin_5f64d4e7c8fc09c9","audio/raw/TohsakaRin_CN/ogg/voice/chapterfate02/5/tohsakarin/chapterfate02_5_tohsakarin_111.ogg","要论世神我的从者里可有不少行家呢","StarRailVoice/TohsakaRin_CN/ogg/voice/chapterfate02/5/tohsakarin/chapterfate02_5_tohsakarin_111.ogg","local_research_only; game_asset; do_not_redistribute","TohsakaRin_CN","chapterfate02-5","transcript_source=asr_fallback; match=none; confidence=0.000; review_required=true"
"tohsakarin_ef20a6defcafc466","audio/raw/TohsakaRin_CN/ogg/voice/chapterfate02/5/tohsakarin/chapterfate02_5_tohsakarin_112.ogg","这可是你说的：从一开始，我就被这场圣杯战争排除在外——","StarRailVoice/TohsakaRin_CN/ogg/voice/chapterfate02/5/tohsakarin/chapterfate02_5_tohsakarin_112.ogg","local_research_only; game_asset; do_not_redistribute","TohsakaRin_CN","chapterfate02-5","transcript_source=game_text; match=fuzzy; confidence=0.979; review_required=true"
"tohsakarin_70de08d6b94fef4f","audio/raw/TohsakaRin_CN/ogg/voice/chapterfate02/5/tohsakarin/chapterfate02_5_tohsakarin_113.ogg","绝症因此我才能成为这场战争里最大的作弊者","StarRailVoice/TohsakaRin_CN/ogg/voice/chapterfate02/5/tohsakarin/chapterfate02_5_tohsakarin_113.ogg","local_research_only; game_asset; do_not_redistribute","TohsakaRin_CN","chapterfate02-5","transcript_source=asr_fallback; match=fuzzy; confidence=0.878; review_required=true"
"tohsakarin_edf6bacd522dc644","audio/raw/TohsakaRin_CN/ogg/voice/chapterfate02/5/tohsakarin/chapterfate02_5_tohsakarin_114.ogg","那你呢堂堂金星女神不也一直在靠阿雀和火花像个缩头乌龟一样躲在幕后吗","StarRailVoice/TohsakaRin_CN/ogg/voice/chapterfate02/5/tohsakarin/chapterfate02_5_tohsakarin_114.ogg","local_research_only; game_asset; do_not_redistribute","TohsakaRin_CN","chapterfate02-5","transcript_source=asr_fallback; match=fuzzy; confidence=0.857; review_required=true"
"tohsakarin_6feaf4c50efcefd5","audio/raw/TohsakaRin_CN/ogg/voice/chapterfate02/5/tohsakarin/chapterfate02_5_tohsakarin_115.ogg","宣告令咒c版解放宝具向女神展示何为真正的欢笑吧","StarRailVoice/TohsakaRin_CN/ogg/voice/chapterfate02/5/tohsakarin/chapterfate02_5_tohsakarin_115.ogg","local_research_only; game_asset; do_not_redistribute","TohsakaRin_CN","chapterfate02-5","transcript_source=asr_fallback; match=fuzzy; confidence=0.857; review_required=true"
"tohsakarin_3e2516be18c948f2","audio/raw/TohsakaRin_CN/ogg/voice/chapterfate02/5/tohsakarin/chapterfate02_5_tohsakarin_116.ogg","宣告令咒：白厄，解放宝具——烧尽女神自缚以冷血的枷锁吧！","StarRailVoice/TohsakaRin_CN/ogg/voice/chapterfate02/5/tohsakarin/chapterfate02_5_tohsakarin_116.ogg","local_research_only; game_asset; do_not_redistribute","TohsakaRin_CN","chapterfate02-5","transcript_source=game_text; match=fuzzy; confidence=0.913; review_required=true"
"tohsakarin_c37e88b5d87a473b","audio/raw/TohsakaRin_CN/ogg/voice/chapterfate02/5/tohsakarin/chapterfate02_5_tohsakarin_117.ogg","宣告令咒lsa解放宝具刺穿女神遮蔽贪欲的双眸吧","StarRailVoice/TohsakaRin_CN/ogg/voice/chapterfate02/5/tohsakarin/chapterfate02_5_tohsakarin_117.ogg","local_research_only; game_asset; do_not_redistribute","TohsakaRin_CN","chapterfate02-5","transcript_source=asr_fallback; match=fuzzy; confidence=0.880; review_required=true"
"tohsakarin_5278ab326f2dedf0","audio/raw/TohsakaRin_CN/ogg/voice/chapterfate02/5/tohsakarin/chapterfate02_5_tohsakarin_118.ogg","宣告令咒接","StarRailVoice/TohsakaRin_CN/ogg/voice/chapterfate02/5/tohsakarin/chapterfate02_5_tohsakarin_118.ogg","local_research_only; game_asset; do_not_redistribute","TohsakaRin_CN","chapterfate02-5","transcript_source=asr_fallback; match=fuzzy; confidence=0.727; review_required=true"
"tohsakarin_d436052a2bce0b71","audio/raw/TohsakaRin_CN/ogg/voice/chapterfate02/5/tohsakarin/chapterfate02_5_tohsakarin_119.ogg","我拒绝——这条路，我会亲自去开拓！","StarRailVoice/TohsakaRin_CN/ogg/voice/chapterfate02/5/tohsakarin/chapterfate02_5_tohsakarin_119.ogg","local_research_only; game_asset; do_not_redistribute","TohsakaRin_CN","chapterfate02-5","transcript_source=game_text; match=exact; confidence=1.000; review_required=false"
"tohsakarin_145380f8990e602d","audio/raw/TohsakaRin_CN/ogg/voice/chapterfate02/5/tohsakarin/chapterfate02_5_tohsakarin_120.ogg","阿扯","StarRailVoice/TohsakaRin_CN/ogg/voice/chapterfate02/5/tohsakarin/chapterfate02_5_tohsakarin_120.ogg","local_research_only; game_asset; do_not_redistribute","TohsakaRin_CN","chapterfate02-5","transcript_source=asr_fallback; match=none; confidence=0.000; review_required=true"
"tohsakarin_a56f67017771eb9c","audio/raw/TohsakaRin_CN/ogg/voice/chapterfate02/5/tohsakarin/chapterfate02_5_tohsakarin_121.ogg","宣告令咒阿恰解放宝具为这个世界的正义而战吧","StarRailVoice/TohsakaRin_CN/ogg/voice/chapterfate02/5/tohsakarin/chapterfate02_5_tohsakarin_121.ogg","local_research_only; game_asset; do_not_redistribute","TohsakaRin_CN","chapterfate02-5","transcript_source=asr_fallback; match=fuzzy; confidence=0.826; review_required=true"
"tohsakarin_2faade7f536c3a74","audio/raw/TohsakaRin_CN/ogg/voice/chapterfate02/5/tohsakarin/chapterfate02_5_tohsakarin_122_f.ogg","宣告令咒travelaser解放宝具将所有不讲道理的规则统统打破吧","StarRailVoice/TohsakaRin_CN/ogg/voice/chapterfate02/5/tohsakarin/chapterfate02_5_tohsakarin_122_f.ogg","local_research_only; game_asset; do_not_redistribute","TohsakaRin_CN","chapterfate02-5","transcript_source=asr_fallback; match=fuzzy; confidence=0.821; review_required=true"
"tohsakarin_50eb9ca903a0ae73","audio/raw/TohsakaRin_CN/ogg/voice/chapterfate02/5/tohsakarin/chapterfate02_5_tohsakarin_122_m.ogg","宣告令咒travelaser解放宝具将所有不讲道理的规则统统打破吧","StarRailVoice/TohsakaRin_CN/ogg/voice/chapterfate02/5/tohsakarin/chapterfate02_5_tohsakarin_122_m.ogg","local_research_only; game_asset; do_not_redistribute","TohsakaRin_CN","chapterfate02-5","transcript_source=asr_fallback; match=fuzzy; confidence=0.821; review_required=true"
"tohsakarin_e2f9e2f1a33644aa","audio/raw/TohsakaRin_CN/ogg/voice/chapterfate02/5/tohsakarin/chapterfate02_5_tohsakarin_123.ogg","对此，久违挚友的见证之人高举权杖，宣告：","StarRailVoice/TohsakaRin_CN/ogg/voice/chapterfate02/5/tohsakarin/chapterfate02_5_tohsakarin_123.ogg","local_research_only; game_asset; do_not_redistribute","TohsakaRin_CN","chapterfate02-5","transcript_source=game_text; match=exact; confidence=1.000; review_required=false"
"tohsakarin_043a611b536a4c61","audio/raw/TohsakaRin_CN/ogg/voice/chapterfate02/5/tohsakarin/chapterfate02_5_tohsakarin_124.ogg","穷极之星啊","StarRailVoice/TohsakaRin_CN/ogg/voice/chapterfate02/5/tohsakarin/chapterfate02_5_tohsakarin_124.ogg","local_research_only; game_asset; do_not_redistribute","TohsakaRin_CN","chapterfate02-5","transcript_source=asr_fallback; match=fuzzy; confidence=0.800; review_required=true"
"tohsakarin_566b07225b5882e0","audio/raw/TohsakaRin_CN/ogg/voice/chapterfate02/5/tohsakarin/chapterfate02_5_tohsakarin_125.ogg","关为天空吧","StarRailVoice/TohsakaRin_CN/ogg/voice/chapterfate02/5/tohsakarin/chapterfate02_5_tohsakarin_125.ogg","local_research_only; game_asset; do_not_redistribute","TohsakaRin_CN","chapterfate02-5","transcript_source=asr_fallback; match=none; confidence=0.000; review_required=true"
"tohsakarin_ffaa7509a6052547","audio/raw/TohsakaRin_CN/ogg/voice/chapterfate02/5/tohsakarin/chapterfate02_5_tohsakarin_126.ogg","「分裂大地吧。」","StarRailVoice/TohsakaRin_CN/ogg/voice/chapterfate02/5/tohsakarin/chapterfate02_5_tohsakarin_126.ogg","local_research_only; game_asset; do_not_redistribute","TohsakaRin_CN","chapterfate02-5","transcript_source=game_text; match=exact; confidence=1.000; review_required=false"
"tohsakarin_a9ff531324d712be","audio/raw/TohsakaRin_CN/ogg/voice/chapterfate02/5/tohsakarin/chapterfate02_5_tohsakarin_127.ogg","去死地生辉吧","StarRailVoice/TohsakaRin_CN/ogg/voice/chapterfate02/5/tohsakarin/chapterfate02_5_tohsakarin_127.ogg","local_research_only; game_asset; do_not_redistribute","TohsakaRin_CN","chapterfate02-5","transcript_source=asr_fallback; match=fuzzy; confidence=0.833; review_required=true"
"tohsakarin_9fef90b636999d05","audio/raw/TohsakaRin_CN/ogg/voice/chapterfate02/5/tohsakarin/chapterfate02_5_tohsakarin_128.ogg","3这就是巴比伦尼亚神话的创世史诗——","StarRailVoice/TohsakaRin_CN/ogg/voice/chapterfate02/5/tohsakarin/chapterfate02_5_tohsakarin_128.ogg","local_research_only; game_asset; do_not_redistribute","TohsakaRin_CN","chapterfate02-5","transcript_source=game_text; match=contains; confidence=0.900; review_required=false"
"tohsakarin_d3f3f32f646ee06e","audio/raw/TohsakaRin_CN/ogg/voice/chapterfate02/5/tohsakarin/chapterfate02_5_tohsakarin_130.ogg","伊斯塔尔","StarRailVoice/TohsakaRin_CN/ogg/voice/chapterfate02/5/tohsakarin/chapterfate02_5_tohsakarin_130.ogg","local_research_only; game_asset; do_not_redistribute","TohsakaRin_CN","chapterfate02-5","transcript_source=asr_fallback; match=fuzzy; confidence=0.750; review_required=true"
"tohsakarin_5917552723f23477","audio/raw/TohsakaRin_CN/ogg/voice/chapterfate02/5/tohsakarin/chapterfate02_5_tohsakarin_131.ogg","啊？你说什么呢？","StarRailVoice/TohsakaRin_CN/ogg/voice/chapterfate02/5/tohsakarin/chapterfate02_5_tohsakarin_131.ogg","local_research_only; game_asset; do_not_redistribute","TohsakaRin_CN","chapterfate02-5","transcript_source=game_text; match=contains; confidence=0.900; review_required=false"
"tohsakarin_83c5673e9dd30b90","audio/raw/TohsakaRin_CN/ogg/voice/chapterfate02/5/tohsakarin/chapterfate02_5_tohsakarin_132.ogg","行了别这么消沉就算你之前对我出言不逊我也还是愿意大发慈悲把你一起带回去也不是不行哦","StarRailVoice/TohsakaRin_CN/ogg/voice/chapterfate02/5/tohsakarin/chapterfate02_5_tohsakarin_132.ogg","local_research_only; game_asset; do_not_redistribute","TohsakaRin_CN","chapterfate02-5","transcript_source=asr_fallback; match=none; confidence=0.000; review_required=true"
"tohsakarin_0582c1365a732911","audio/raw/TohsakaRin_CN/ogg/voice/chapterfate02/5/tohsakarin/chapterfate02_5_tohsakarin_133.ogg","哎谁叫我非要耍酷呢","StarRailVoice/TohsakaRin_CN/ogg/voice/chapterfate02/5/tohsakarin/chapterfate02_5_tohsakarin_133.ogg","local_research_only; game_asset; do_not_redistribute","TohsakaRin_CN","chapterfate02-5","transcript_source=asr_fallback; match=fuzzy; confidence=0.824; review_required=true"
"tohsakarin_e443030caa40681a","audio/raw/TohsakaRin_CN/ogg/voice/chapterfate02/5/tohsakarin/chapterfate02_5_tohsakarin_134.ogg","即便我一直都在把大家推离身边，我还是会坚持走下去，尽全力把大家拥入怀中。","StarRailVoice/TohsakaRin_CN/ogg/voice/chapterfate02/5/tohsakarin/chapterfate02_5_tohsakarin_134.ogg","local_research_only; game_asset; do_not_redistribute","TohsakaRin_CN","chapterfate02-5","transcript_source=game_text; match=exact; confidence=1.000; review_required=false"
"tohsakarin_91dbb505a2238563","audio/raw/TohsakaRin_CN/ogg/voice/chapterfate02/5/tohsakarin/chapterfate02_5_tohsakarin_135.ogg","就像你下冥界的神话：就算财宝首饰被剥个精光，那再一件一件亲手夺回来，不就是了？","StarRailVoice/TohsakaRin_CN/ogg/voice/chapterfate02/5/tohsakarin/chapterfate02_5_tohsakarin_135.ogg","local_research_only; game_asset; do_not_redistribute","TohsakaRin_CN","chapterfate02-5","transcript_source=game_text; match=fuzzy; confidence=0.943; review_required=true"
"tohsakarin_d2ca071db9ece24c","audio/raw/TohsakaRin_CN/ogg/voice/chapterfate02/5/tohsakarin/chapterfate02_5_tohsakarin_136.ogg","所以，现在，我要把你也抱在怀里，安然无恙地带回去——","StarRailVoice/TohsakaRin_CN/ogg/voice/chapterfate02/5/tohsakarin/chapterfate02_5_tohsakarin_136.ogg","local_research_only; game_asset; do_not_redistribute","TohsakaRin_CN","chapterfate02-5","transcript_source=game_text; match=fuzzy; confidence=0.952; review_required=true"
"tohsakarin_41ae2114db89561d","audio/raw/TohsakaRin_CN/ogg/voice/chapterfate02/5/tohsakarin/chapterfate02_5_tohsakarin_137.ogg","T来吧——让这具承载着前进信念的身躯，重新和我融为一体吧","StarRailVoice/TohsakaRin_CN/ogg/voice/chapterfate02/5/tohsakarin/chapterfate02_5_tohsakarin_137.ogg","local_research_only; game_asset; do_not_redistribute","TohsakaRin_CN","chapterfate02-5","transcript_source=game_text; match=contains; confidence=0.900; review_required=false"
"tohsakarin_d6f62b23b5b9effa","audio/raw/TohsakaRin_CN/ogg/voice/chapterfate02/5/tohsakarin/chapterfate02_5_tohsakarin_141.ogg","大","StarRailVoice/TohsakaRin_CN/ogg/voice/chapterfate02/5/tohsakarin/chapterfate02_5_tohsakarin_141.ogg","local_research_only; game_asset; do_not_redistribute","TohsakaRin_CN","chapterfate02-5","transcript_source=game_text; match=exact; confidence=1.000; review_required=false"
"tohsakarin_30fb492be41fb4fd","audio/raw/TohsakaRin_CN/ogg/voice/chapterfate02/5/tohsakarin/chapterfate02_5_tohsakarin_142.ogg","<size=36>到底要怎么从这种天崩地裂的结界摔在地上还毫发无伤啊——？！</size>","StarRailVoice/TohsakaRin_CN/ogg/voice/chapterfate02/5/tohsakarin/chapterfate02_5_tohsakarin_142.ogg","local_research_only; game_asset; do_not_redistribute","TohsakaRin_CN","chapterfate02-5","transcript_source=game_text; match=fuzzy; confidence=0.960; review_required=true"
"tohsakarin_c2172f34c283402c","audio/raw/TohsakaRin_CN/ogg/voice/chapterfate02/5/tohsakarin/chapterfate02_5_tohsakarin_143.ogg","啊怎么可能","StarRailVoice/TohsakaRin_CN/ogg/voice/chapterfate02/5/tohsakarin/chapterfate02_5_tohsakarin_143.ogg","local_research_only; game_asset; do_not_redistribute","TohsakaRin_CN","chapterfate02-5","transcript_source=asr_fallback; match=fuzzy; confidence=0.889; review_required=true"
"tohsakarin_f3a6fd3bb8893cd7","audio/raw/TohsakaRin_CN/ogg/voice/chapterfate02/5/tohsakarin/chapterfate02_5_tohsakarin_144.ogg","你应该没办法维持现界了才对……","StarRailVoice/TohsakaRin_CN/ogg/voice/chapterfate02/5/tohsakarin/chapterfate02_5_tohsakarin_144.ogg","local_research_only; game_asset; do_not_redistribute","TohsakaRin_CN","chapterfate02-5","transcript_source=game_text; match=exact; confidence=1.000; review_required=false"
"tohsakarin_73138f55a66b1d70","audio/raw/TohsakaRin_CN/ogg/voice/chapterfate02/5/tohsakarin/chapterfate02_5_tohsakarin_147.ogg","真是的…都这种时候了，就不能坦率点吗！","StarRailVoice/TohsakaRin_CN/ogg/voice/chapterfate02/5/tohsakarin/chapterfate02_5_tohsakarin_147.ogg","local_research_only; game_asset; do_not_redistribute","TohsakaRin_CN","chapterfate02-5","transcript_source=game_text; match=exact; confidence=1.000; review_required=false"
"tohsakarin_e4196cd90fb776bb","audio/raw/TohsakaRin_CN/ogg/voice/chapterfate02/5/tohsakarin/chapterfate02_5_tohsakarin_148.ogg","记好了哦？我的名字，也不是说给随便什么人都可以的——","StarRailVoice/TohsakaRin_CN/ogg/voice/chapterfate02/5/tohsakarin/chapterfate02_5_tohsakarin_148.ogg","local_research_only; game_asset; do_not_redistribute","TohsakaRin_CN","chapterfate02-5","transcript_source=game_text; match=fuzzy; confidence=0.955; review_required=true"
"tohsakarin_5ebffae150067872","audio/raw/TohsakaRin_CN/ogg/voice/chapterfate02/5/tohsakarin/chapterfate02_5_tohsakarin_149.ogg","我叫远坂凛请多关照阿强","StarRailVoice/TohsakaRin_CN/ogg/voice/chapterfate02/5/tohsakarin/chapterfate02_5_tohsakarin_149.ogg","local_research_only; game_asset; do_not_redistribute","TohsakaRin_CN","chapterfate02-5","transcript_source=asr_fallback; match=none; confidence=0.000; review_required=true"
"tohsakarin_c60a4b24aeaf1b1c","audio/raw/TohsakaRin_CN/ogg/voice/chapterfate02/5/tohsakarin/chapterfate02_5_tohsakarin_150.ogg","搞得好像永别似的……","StarRailVoice/TohsakaRin_CN/ogg/voice/chapterfate02/5/tohsakarin/chapterfate02_5_tohsakarin_150.ogg","local_research_only; game_asset; do_not_redistribute","TohsakaRin_CN","chapterfate02-5","transcript_source=game_text; match=fuzzy; confidence=0.941; review_required=true"
"tohsakarin_34ee651bd04b8fad","audio/raw/TohsakaRin_CN/ogg/voice/chapterfate02/5/tohsakarin/chapterfate02_5_tohsakarin_151.ogg","就像大家一样——无论在哪个世界，我们都一定还会再见。","StarRailVoice/TohsakaRin_CN/ogg/voice/chapterfate02/5/tohsakarin/chapterfate02_5_tohsakarin_151.ogg","local_research_only; game_asset; do_not_redistribute","TohsakaRin_CN","chapterfate02-5","transcript_source=game_text; match=fuzzy; confidence=0.978; review_required=true"
"tohsakarin_0394c714da73742a","audio/raw/TohsakaRin_CN/ogg/voice/chapterfate02/5/tohsakarin/chapterfate02_5_tohsakarin_152.ogg","只有你这种被宠坏的家伙才会觉得坚强自立是一种痛苦况且我身边不是有这么多同伴一路陪伴着我吗","StarRailVoice/TohsakaRin_CN/ogg/voice/chapterfate02/5/tohsakarin/chapterfate02_5_tohsakarin_152.ogg","local_research_only; game_asset; do_not_redistribute","TohsakaRin_CN","chapterfate02-5","transcript_source=asr_fallback; match=none; confidence=0.000; review_required=true"
"tohsakarin_8881f90c99c8e733","audio/raw/TohsakaRin_CN/ogg/voice/chapterfate02/5/tohsakarin/chapterfate02_5_tohsakarin_153.ogg","什么意思啊，事到如今还装不熟？","StarRailVoice/TohsakaRin_CN/ogg/voice/chapterfate02/5/tohsakarin/chapterfate02_5_tohsakarin_153.ogg","local_research_only; game_asset; do_not_redistribute","TohsakaRin_CN","chapterfate02-5","transcript_source=game_text; match=exact; confidence=1.000; review_required=false"
"tohsakarin_7705eb459295b260","audio/raw/TohsakaRin_CN/ogg/voice/chapterfate02/5/tohsakarin/chapterfate02_5_tohsakarin_154.ogg","啊真拿你没办法那我就再说一遍吧","StarRailVoice/TohsakaRin_CN/ogg/voice/chapterfate02/5/tohsakarin/chapterfate02_5_tohsakarin_154.ogg","local_research_only; game_asset; do_not_redistribute","TohsakaRin_CN","chapterfate02-5","transcript_source=asr_fallback; match=fuzzy; confidence=0.815; review_required=true"
"tohsakarin_24d5453e8aa77be1","audio/raw/TohsakaRin_CN/ogg/voice/chapterfate02/5/tohsakarin/chapterfate02_5_tohsakarin_155.ogg","看着吧——我会证明你的错误，然后超越你，超越神明！","StarRailVoice/TohsakaRin_CN/ogg/voice/chapterfate02/5/tohsakarin/chapterfate02_5_tohsakarin_155.ogg","local_research_only; game_asset; do_not_redistribute","TohsakaRin_CN","chapterfate02-5","transcript_source=game_text; match=exact; confidence=1.000; review_required=false"
"tohsakarin_416fe12ea0a4aa5f","audio/raw/TohsakaRin_CN/ogg/voice/chapterfate02/6/tohsakarin/chapterfate02_6_tohsakarin_101.ogg","…我就知道你会来的。","StarRailVoice/TohsakaRin_CN/ogg/voice/chapterfate02/6/tohsakarin/chapterfate02_6_tohsakarin_101.ogg","local_research_only; game_asset; do_not_redistribute","TohsakaRin_CN","chapterfate02-6","transcript_source=game_text; match=exact; confidence=1.000; review_required=false"
"tohsakarin_d6e5d3492c4003d8","audio/raw/TohsakaRin_CN/ogg/voice/chapterfate02/6/tohsakarin/chapterfate02_6_tohsakarin_102.ogg","和大家好好道过别了吗？","StarRailVoice/TohsakaRin_CN/ogg/voice/chapterfate02/6/tohsakarin/chapterfate02_6_tohsakarin_102.ogg","local_research_only; game_asset; do_not_redistribute","TohsakaRin_CN","chapterfate02-6","transcript_source=game_text; match=exact; confidence=1.000; review_required=false"
"tohsakarin_58a32d40e8e02159","audio/raw/TohsakaRin_CN/ogg/voice/chapterfate02/6/tohsakarin/chapterfate02_6_tohsakarin_103.ogg","B当然…说不定，我永远都忘不掉这场圣杯战争","StarRailVoice/TohsakaRin_CN/ogg/voice/chapterfate02/6/tohsakarin/chapterfate02_6_tohsakarin_103.ogg","local_research_only; game_asset; do_not_redistribute","TohsakaRin_CN","chapterfate02-6","transcript_source=game_text; match=fuzzy; confidence=0.947; review_required=true"
"tohsakarin_3ac86f173b8ed642","audio/raw/TohsakaRin_CN/ogg/voice/chapterfate02/6/tohsakarin/chapterfate02_6_tohsakarin_104.ogg","我的荣幸。说不定，我永远都忘不掉这场圣杯战争了。","StarRailVoice/TohsakaRin_CN/ogg/voice/chapterfate02/6/tohsakarin/chapterfate02_6_tohsakarin_104.ogg","local_research_only; game_asset; do_not_redistribute","TohsakaRin_CN","chapterfate02-6","transcript_source=game_text; match=fuzzy; confidence=0.977; review_required=true"
"tohsakarin_9410610dbfcf020b","audio/raw/TohsakaRin_CN/ogg/voice/chapterfate02/6/tohsakarin/chapterfate02_6_tohsakarin_105.ogg","时光飞逝呀…转眼间，居然要出发前往下一站了。","StarRailVoice/TohsakaRin_CN/ogg/voice/chapterfate02/6/tohsakarin/chapterfate02_6_tohsakarin_105.ogg","local_research_only; game_asset; do_not_redistribute","TohsakaRin_CN","chapterfate02-6","transcript_source=game_text; match=exact; confidence=1.000; review_required=false"
"tohsakarin_e734d32672117094","audio/raw/TohsakaRin_CN/ogg/voice/chapterfate02/6/tohsakarin/chapterfate02_6_tohsakarin_106.ogg","圣杯里的魔力嘛，确实一滴都不剩了……","StarRailVoice/TohsakaRin_CN/ogg/voice/chapterfate02/6/tohsakarin/chapterfate02_6_tohsakarin_106.ogg","local_research_only; game_asset; do_not_redistribute","TohsakaRin_CN","chapterfate02-6","transcript_source=game_text; match=fuzzy; confidence=0.968; review_required=true"
"tohsakarin_953a8d1f6a516d65","audio/raw/TohsakaRin_CN/ogg/voice/chapterfate02/6/tohsakarin/chapterfate02_6_tohsakarin_107.ogg","d但，多亏了你，还有大家，我才能找到这份<color=#dbc291ff>珍贵的宝藏</color>。","StarRailVoice/TohsakaRin_CN/ogg/voice/chapterfate02/6/tohsakarin/chapterfate02_6_tohsakarin_107.ogg","local_research_only; game_asset; do_not_redistribute","TohsakaRin_CN","chapterfate02-6","transcript_source=game_text; match=contains; confidence=0.900; review_required=true"
"tohsakarin_4a8ccf79e48f8c9e","audio/raw/TohsakaRin_CN/ogg/voice/chapterfate02/6/tohsakarin/chapterfate02_6_tohsakarin_108.ogg","以自己的幻葬身躯为代价霞蝶和波里西亚小姐将自己所承载的缘化作至纯粹的魔力原原本本的交到了我的手中","StarRailVoice/TohsakaRin_CN/ogg/voice/chapterfate02/6/tohsakarin/chapterfate02_6_tohsakarin_108.ogg","local_research_only; game_asset; do_not_redistribute","TohsakaRin_CN","chapterfate02-6","transcript_source=asr_fallback; match=fuzzy; confidence=0.773; review_required=true"
"tohsakarin_f85b7172dca01da7","audio/raw/TohsakaRin_CN/ogg/voice/chapterfate02/6/tohsakarin/chapterfate02_6_tohsakarin_109.ogg","这就是独属于我的，一段故事落幕后，一切物质的得失相抵之后，仿佛凭空诞生的存在——","StarRailVoice/TohsakaRin_CN/ogg/voice/chapterfate02/6/tohsakarin/chapterfate02_6_tohsakarin_109.ogg","local_research_only; game_asset; do_not_redistribute","TohsakaRin_CN","chapterfate02-6","transcript_source=game_text; match=fuzzy; confidence=0.971; review_required=true"
"tohsakarin_67dfed0327d676b5","audio/raw/TohsakaRin_CN/ogg/voice/chapterfate02/6/tohsakarin/chapterfate02_6_tohsakarin_110.ogg","这，就是我继续旅行的力量。","StarRailVoice/TohsakaRin_CN/ogg/voice/chapterfate02/6/tohsakarin/chapterfate02_6_tohsakarin_110.ogg","local_research_only; game_asset; do_not_redistribute","TohsakaRin_CN","chapterfate02-6","transcript_source=game_text; match=exact; confidence=1.000; review_required=false"
"tohsakarin_e5ebb30b6b074d24","audio/raw/TohsakaRin_CN/ogg/voice/chapterfate02/6/tohsakarin/chapterfate02_6_tohsakarin_111.ogg","它比世上全部财富加起来都要珍贵千千万万倍。哭泣、欢笑、愤怒、憎恶……","StarRailVoice/TohsakaRin_CN/ogg/voice/chapterfate02/6/tohsakarin/chapterfate02_6_tohsakarin_111.ogg","local_research_only; game_asset; do_not_redistribute","TohsakaRin_CN","chapterfate02-6","transcript_source=game_text; match=fuzzy; confidence=0.964; review_required=true"
"tohsakarin_66b600f17d54789b","audio/raw/TohsakaRin_CN/ogg/voice/chapterfate02/6/tohsakarin/chapterfate02_6_tohsakarin_112.ogg","一切有情众生都患有名为「存在」的苦疾，而拥抱这种苦疾的一切症状，并乐在其中——","StarRailVoice/TohsakaRin_CN/ogg/voice/chapterfate02/6/tohsakarin/chapterfate02_6_tohsakarin_112.ogg","local_research_only; game_asset; do_not_redistribute","TohsakaRin_CN","chapterfate02-6","transcript_source=game_text; match=fuzzy; confidence=0.970; review_required=true"
"tohsakarin_e4c28ef9c086a352","audio/raw/TohsakaRin_CN/ogg/voice/chapterfate02/6/tohsakarin/chapterfate02_6_tohsakarin_113.ogg","<color=#dbc291ff>「生命的跃动」</color>——这就是这片银河赠给我的、最后的答案。","StarRailVoice/TohsakaRin_CN/ogg/voice/chapterfate02/6/tohsakarin/chapterfate02_6_tohsakarin_113.ogg","local_research_only; game_asset; do_not_redistribute","TohsakaRin_CN","chapterfate02-6","transcript_source=game_text; match=exact; confidence=1.000; review_required=false"
"tohsakarin_029c4d236dd63b29","audio/raw/TohsakaRin_CN/ogg/voice/chapterfate02/6/tohsakarin/chapterfate02_6_tohsakarin_114.ogg","既然承诺了常回来看看，还有，以防时间过太久，你把我这个御主忘了……","StarRailVoice/TohsakaRin_CN/ogg/voice/chapterfate02/6/tohsakarin/chapterfate02_6_tohsakarin_114.ogg","local_research_only; game_asset; do_not_redistribute","TohsakaRin_CN","chapterfate02-6","transcript_source=game_text; match=fuzzy; confidence=0.982; review_required=true"
"tohsakarin_acf1332ceca836e8","audio/raw/TohsakaRin_CN/ogg/voice/chapterfate02/6/tohsakarin/chapterfate02_6_tohsakarin_115.ogg","给鉴别礼物收下吧我的从者","StarRailVoice/TohsakaRin_CN/ogg/voice/chapterfate02/6/tohsakarin/chapterfate02_6_tohsakarin_115.ogg","local_research_only; game_asset; do_not_redistribute","TohsakaRin_CN","chapterfate02-6","transcript_source=asr_fallback; match=none; confidence=0.000; review_required=true"
"tohsakarin_177b8112610d49af","audio/raw/TohsakaRin_CN/ogg/voice/chapterfate02/6/tohsakarin/chapterfate02_6_tohsakarin_116.ogg","o这可是我好不容易淘来的游戏光碟，似乎是圈子里相当知名的奇幻动作视觉小说……","StarRailVoice/TohsakaRin_CN/ogg/voice/chapterfate02/6/tohsakarin/chapterfate02_6_tohsakarin_116.ogg","local_research_only; game_asset; do_not_redistribute","TohsakaRin_CN","chapterfate02-6","transcript_source=game_text; match=fuzzy; confidence=0.943; review_required=true"
"tohsakarin_92581f1aa189f5c6","audio/raw/TohsakaRin_CN/ogg/voice/chapterfate02/6/tohsakarin/chapterfate02_6_tohsakarin_117.ogg","我特别感兴趣——你要好好保管，等我回来再一起玩哦？不准偷跑！","StarRailVoice/TohsakaRin_CN/ogg/voice/chapterfate02/6/tohsakarin/chapterfate02_6_tohsakarin_117.ogg","local_research_only; game_asset; do_not_redistribute","TohsakaRin_CN","chapterfate02-6","transcript_source=game_text; match=exact; confidence=1.000; review_required=false"
"tohsakarin_b397dd4451bcb6dd","audio/raw/TohsakaRin_CN/ogg/voice/chapterfate02/6/tohsakarin/chapterfate02_6_tohsakarin_118.ogg","呵呵这我当然也有对错走着瞧吧","StarRailVoice/TohsakaRin_CN/ogg/voice/chapterfate02/6/tohsakarin/chapterfate02_6_tohsakarin_118.ogg","local_research_only; game_asset; do_not_redistribute","TohsakaRin_CN","chapterfate02-6","transcript_source=asr_fallback; match=fuzzy; confidence=0.786; review_required=true"
"tohsakarin_44b3c34d3020420c","audio/raw/TohsakaRin_CN/ogg/voice/chapterfate02/6/tohsakarin/chapterfate02_6_tohsakarin_119.ogg","我也没那么惦气白痴了这种点点点就能通关的游戏还是会的","StarRailVoice/TohsakaRin_CN/ogg/voice/chapterfate02/6/tohsakarin/chapterfate02_6_tohsakarin_119.ogg","local_research_only; game_asset; do_not_redistribute","TohsakaRin_CN","chapterfate02-6","transcript_source=asr_fallback; match=fuzzy; confidence=0.885; review_required=true"
"tohsakarin_caf903d7376edc10","audio/raw/TohsakaRin_CN/ogg/voice/chapterfate02/6/tohsakarin/chapterfate02_6_tohsakarin_120.ogg","最后，以防万一……","StarRailVoice/TohsakaRin_CN/ogg/voice/chapterfate02/6/tohsakarin/chapterfate02_6_tohsakarin_120.ogg","local_research_only; game_asset; do_not_redistribute","TohsakaRin_CN","chapterfate02-6","transcript_source=game_text; match=exact; confidence=1.000; review_required=false"
"tohsakarin_4cb65dcef40ef991","audio/raw/TohsakaRin_CN/ogg/voice/chapterfate02/6/tohsakarin/chapterfate02_6_tohsakarin_121.ogg","此为最后的令咒宣告遵从圣杯之戒律将此人我的从者加以戒律之法","StarRailVoice/TohsakaRin_CN/ogg/voice/chapterfate02/6/tohsakarin/chapterfate02_6_tohsakarin_121.ogg","local_research_only; game_asset; do_not_redistribute","TohsakaRin_CN","chapterfate02-6","transcript_source=asr_fallback; match=none; confidence=0.000; review_required=true"
"tohsakarin_1b278fc7fe0ab0ee","audio/raw/TohsakaRin_CN/ogg/voice/chapterfate02/6/tohsakarin/chapterfate02_6_tohsakarin_122.ogg","这盘光碟并非赠与而是债务原价为三克拉绿宝石归还时应支付利息以补偿御主放弃资金使用权之成本及风险年利率百分之三附加福利支持分期付款","StarRailVoice/TohsakaRin_CN/ogg/voice/chapterfate02/6/tohsakarin/chapterfate02_6_tohsakarin_122.ogg","local_research_only; game_asset; do_not_redistribute","TohsakaRin_CN","chapterfate02-6","transcript_source=asr_fallback; match=fuzzy; confidence=0.807; review_required=true"
"tohsakarin_a04af1bfbd8e04f7","audio/raw/TohsakaRin_CN/ogg/voice/chapterfate02/6/tohsakarin/chapterfate02_6_tohsakarin_123.ogg","就这样补充条款以后再说哎契约成立终于可以了无牵挂的出发了","StarRailVoice/TohsakaRin_CN/ogg/voice/chapterfate02/6/tohsakarin/chapterfate02_6_tohsakarin_123.ogg","local_research_only; game_asset; do_not_redistribute","TohsakaRin_CN","chapterfate02-6","transcript_source=asr_fallback; match=none; confidence=0.000; review_required=true"
"tohsakarin_19fda3b65388b2cc","audio/raw/TohsakaRin_CN/ogg/voice/chapterfate02/6/tohsakarin/chapterfate02_6_tohsakarin_124.ogg","那，再见了，我的{RUBY_B#开拓者}Trailblazer{RUBY_E#}——","StarRailVoice/TohsakaRin_CN/ogg/voice/chapterfate02/6/tohsakarin/chapterfate02_6_tohsakarin_124.ogg","local_research_only; game_asset; do_not_redistribute","TohsakaRin_CN","chapterfate02-6","transcript_source=game_text; match=fuzzy; confidence=0.938; review_required=true"
"tohsakarin_88e1bdad7525269d","audio/raw/TohsakaRin_CN/ogg/voice/chapterfate02/6/tohsakarin/chapterfate02_6_tohsakarin_125.ogg","嗯？还有什么话想对我说吗？","StarRailVoice/TohsakaRin_CN/ogg/voice/chapterfate02/6/tohsakarin/chapterfate02_6_tohsakarin_125.ogg","local_research_only; game_asset; do_not_redistribute","TohsakaRin_CN","chapterfate02-6","transcript_source=game_text; match=fuzzy; confidence=0.909; review_required=true"
"tohsakarin_2b769fa543dc389a","audio/raw/TohsakaRin_CN/ogg/voice/chapterfate02/6/tohsakarin/chapterfate02_6_tohsakarin_126.ogg","好狡猾，是想拿这个抵债吗——？","StarRailVoice/TohsakaRin_CN/ogg/voice/chapterfate02/6/tohsakarin/chapterfate02_6_tohsakarin_126.ogg","local_research_only; game_asset; do_not_redistribute","TohsakaRin_CN","chapterfate02-6","transcript_source=game_text; match=fuzzy; confidence=0.957; review_required=true"
"tohsakarin_d90f519e3bbf55e3","audio/raw/TohsakaRin_CN/ogg/voice/chapterfate02/6/tohsakarin/chapterfate02_6_tohsakarin_127.ogg","——开个玩笑啦。这么珍贵的礼物，谢谢你。","StarRailVoice/TohsakaRin_CN/ogg/voice/chapterfate02/6/tohsakarin/chapterfate02_6_tohsakarin_127.ogg","local_research_only; game_asset; do_not_redistribute","TohsakaRin_CN","chapterfate02-6","transcript_source=game_text; match=exact; confidence=1.000; review_required=false"
"tohsakarin_7ed413960d2bcaa8","audio/raw/TohsakaRin_CN/ogg/voice/chapterfate02/6/tohsakarin/chapterfate02_6_tohsakarin_128.ogg","只是，如此一来，我也欠下了几乎无法偿还的债务呀……","StarRailVoice/TohsakaRin_CN/ogg/voice/chapterfate02/6/tohsakarin/chapterfate02_6_tohsakarin_128.ogg","local_research_only; game_asset; do_not_redistribute","TohsakaRin_CN","chapterfate02-6","transcript_source=game_text; match=fuzzy; confidence=0.952; review_required=true"
"tohsakarin_d7e62d8c913eabe9","audio/raw/TohsakaRin_CN/ogg/voice/chapterfate02/6/tohsakarin/chapterfate02_6_tohsakarin_129.ogg","…肯定没问题的。","StarRailVoice/TohsakaRin_CN/ogg/voice/chapterfate02/6/tohsakarin/chapterfate02_6_tohsakarin_129.ogg","local_research_only; game_asset; do_not_redistribute","TohsakaRin_CN","chapterfate02-6","transcript_source=game_text; match=fuzzy; confidence=0.923; review_required=true"
"tohsakarin_46de11a23fa0f5c7","audio/raw/TohsakaRin_CN/ogg/voice/chapterfate02/6/tohsakarin/chapterfate02_6_tohsakarin_130.ogg","以原本家的荣誉向你启誓今后我会为此一直努力","StarRailVoice/TohsakaRin_CN/ogg/voice/chapterfate02/6/tohsakarin/chapterfate02_6_tohsakarin_130.ogg","local_research_only; game_asset; do_not_redistribute","TohsakaRin_CN","chapterfate02-6","transcript_source=asr_fallback; match=fuzzy; confidence=0.857; review_required=true"
"tohsakarin_f132efabbe72e33e","audio/raw/TohsakaRin_CN/ogg/voice/chapterfate02/6/tohsakarin/chapterfate02_6_tohsakarin_131.ogg","当然——你也不可以松懈哦？","StarRailVoice/TohsakaRin_CN/ogg/voice/chapterfate02/6/tohsakarin/chapterfate02_6_tohsakarin_131.ogg","local_research_only; game_asset; do_not_redistribute","TohsakaRin_CN","chapterfate02-6","transcript_source=game_text; match=exact; confidence=1.000; review_required=false"
"tohsakarin_4b6dfdb3ed061ce1","audio/raw/TohsakaRin_CN/ogg/voice/chapterfate02/6/tohsakarin/chapterfate02_6_tohsakarin_132.ogg","「既然是我的从者，那就一定是最强的」","StarRailVoice/TohsakaRin_CN/ogg/voice/chapterfate02/6/tohsakarin/chapterfate02_6_tohsakarin_132.ogg","local_research_only; game_asset; do_not_redistribute","TohsakaRin_CN","chapterfate02-6","transcript_source=game_text; match=fuzzy; confidence=0.968; review_required=true"
"tohsakarin_9d9ea3baf4f45360","audio/raw/TohsakaRin_CN/ogg/voice/chapterfate02/6/tohsakarin/chapterfate02_6_tohsakarin_133.ogg","愿你我——愿此行，终抵群星！","StarRailVoice/TohsakaRin_CN/ogg/voice/chapterfate02/6/tohsakarin/chapterfate02_6_tohsakarin_133.ogg","local_research_only; game_asset; do_not_redistribute","TohsakaRin_CN","chapterfate02-6","transcript_source=game_text; match=exact; confidence=1.000; review_required=false"
"tohsakarin_af1ab181fc278833","audio/raw/TohsakaRin_CN/ogg/voice/chapterfate02/6/tohsakarin/chapterfate02_6_tohsakarin_134.ogg","当然啦，我不会这么一走了之。","StarRailVoice/TohsakaRin_CN/ogg/voice/chapterfate02/6/tohsakarin/chapterfate02_6_tohsakarin_134.ogg","local_research_only; game_asset; do_not_redistribute","TohsakaRin_CN","chapterfate02-6","transcript_source=game_text; match=exact; confidence=1.000; review_required=false"
"tohsakarin_2a2d7f8a3cd2152a","audio/raw/TohsakaRin_CN/ogg/voice/chapterfate02/6/tohsakarin/chapterfate02_6_tohsakarin_135.ogg","如果大家都能寻得属于自己的<color=#dbc291ff>至珍贵之物</color>，那就太好了。","StarRailVoice/TohsakaRin_CN/ogg/voice/chapterfate02/6/tohsakarin/chapterfate02_6_tohsakarin_135.ogg","local_research_only; game_asset; do_not_redistribute","TohsakaRin_CN","chapterfate02-6","transcript_source=game_text; match=exact; confidence=1.000; review_required=false"
"tohsakarin_5b871d9132aa30ad","audio/raw/TohsakaRin_CN/ogg/voice/chapterfate02/6/tohsakarin/chapterfate02_6_tohsakarin_136.ogg","恰好，大家交给我的魔力接下来一段时间完全绰绰有余……","StarRailVoice/TohsakaRin_CN/ogg/voice/chapterfate02/6/tohsakarin/chapterfate02_6_tohsakarin_136.ogg","local_research_only; game_asset; do_not_redistribute","TohsakaRin_CN","chapterfate02-6","transcript_source=game_text; match=exact; confidence=1.000; review_required=false"
"tohsakarin_eca3039a110dbc1c","audio/raw/TohsakaRin_CN/ogg/voice/chapterfate02/6/tohsakarin/chapterfate02_6_tohsakarin_137.ogg","所以，我就稍微任性了一把——","StarRailVoice/TohsakaRin_CN/ogg/voice/chapterfate02/6/tohsakarin/chapterfate02_6_tohsakarin_137.ogg","local_research_only; game_asset; do_not_redistribute","TohsakaRin_CN","chapterfate02-6","transcript_source=game_text; match=exact; confidence=1.000; review_required=false"
"tohsakarin_e81601607a8800ff","audio/raw/TohsakaRin_CN/ogg/voice/chapterfate02/6/tohsakarin/chapterfate02_6_tohsakarin_138.ogg","<size=28>挥霍的感觉真是太——爽——啦——！</size>","StarRailVoice/TohsakaRin_CN/ogg/voice/chapterfate02/6/tohsakarin/chapterfate02_6_tohsakarin_138.ogg","local_research_only; game_asset; do_not_redistribute","TohsakaRin_CN","chapterfate02-6","transcript_source=game_text; match=fuzzy; confidence=0.900; review_required=true"
"tohsakarin_3a469f6782762916","audio/raw/TohsakaRin_CN/ogg/voice/chapterfate02/6/tohsakarin/chapterfate02_6_tohsakarin_139.ogg","啊啊至于到了下个世纪怎么办嗯你到时候再看吧","StarRailVoice/TohsakaRin_CN/ogg/voice/chapterfate02/6/tohsakarin/chapterfate02_6_tohsakarin_139.ogg","local_research_only; game_asset; do_not_redistribute","TohsakaRin_CN","chapterfate02-6","transcript_source=asr_fallback; match=fuzzy; confidence=0.821; review_required=true"
"tohsakarin_fd8ee399181890fa","audio/raw/TohsakaRin_CN/ogg/voice/chapterfate02/6/tohsakarin/chapterfate02_6_tohsakarin_140.ogg","重新点亮了这枚承载着「转换」之力的红宝石吊坠。","StarRailVoice/TohsakaRin_CN/ogg/voice/chapterfate02/6/tohsakarin/chapterfate02_6_tohsakarin_140.ogg","local_research_only; game_asset; do_not_redistribute","TohsakaRin_CN","chapterfate02-6","transcript_source=game_text; match=exact; confidence=1.000; review_required=false"
"tohsakarin_01655433b061bedf","audio/raw/TohsakaRin_CN/ogg/voice/vo/ambient/fate02/v440/broadcast/tohsakarin/vo_ambient_fate02_v440_broadcast_tohsakarin_101.ogg","优雅、华丽、大胆地开拓吧！","StarRailVoice/TohsakaRin_CN/ogg/voice/vo/ambient/fate02/v440/broadcast/tohsakarin/vo_ambient_fate02_v440_broadcast_tohsakarin_101.ogg","local_research_only; game_asset; do_not_redistribute","TohsakaRin_CN","ambient-broadcast","transcript_source=game_text; match=fuzzy; confidence=0.900; review_required=true"
"tohsakarin_96db464e3bfd1858","audio/raw/TohsakaRin_CN/ogg/voice/vo/ambient/fate02/v440/broadcast/tohsakarin/vo_ambient_fate02_v440_broadcast_tohsakarin_102.ogg","哼，还不错嘛～","StarRailVoice/TohsakaRin_CN/ogg/voice/vo/ambient/fate02/v440/broadcast/tohsakarin/vo_ambient_fate02_v440_broadcast_tohsakarin_102.ogg","local_research_only; game_asset; do_not_redistribute","TohsakaRin_CN","ambient-broadcast","transcript_source=game_text; match=exact; confidence=1.000; review_required=false"
"tohsakarin_1898a045f89d35d9","audio/raw/TohsakaRin_CN/ogg/voice/vo/ambient/fate02/v440/broadcast/tohsakarin/vo_ambient_fate02_v440_broadcast_tohsakarin_103.ogg","不行，我还在耍帅啊…！","StarRailVoice/TohsakaRin_CN/ogg/voice/vo/ambient/fate02/v440/broadcast/tohsakarin/vo_ambient_fate02_v440_broadcast_tohsakarin_103.ogg","local_research_only; game_asset; do_not_redistribute","TohsakaRin_CN","ambient-broadcast","transcript_source=game_text; match=exact; confidence=1.000; review_required=false"
"tohsakarin_fabde21c4b4beac2","audio/raw/TohsakaRin_CN/ogg/voice/vo/ambient/fate02/v440/broadcast/tohsakarin/vo_ambient_fate02_v440_broadcast_tohsakarin_104.ogg","我一定会以牙还牙的…！","StarRailVoice/TohsakaRin_CN/ogg/voice/vo/ambient/fate02/v440/broadcast/tohsakarin/vo_ambient_fate02_v440_broadcast_tohsakarin_104.ogg","local_research_only; game_asset; do_not_redistribute","TohsakaRin_CN","ambient-broadcast","transcript_source=game_text; match=exact; confidence=1.000; review_required=false"
"tohsakarin_5405d412cf8c168b","audio/raw/TohsakaRin_CN/ogg/voice/vo/ambient/fate02/v440/broadcast/tohsakarin/vo_ambient_fate02_v440_broadcast_tohsakarin_105.ogg","不愧是我的从者。","StarRailVoice/TohsakaRin_CN/ogg/voice/vo/ambient/fate02/v440/broadcast/tohsakarin/vo_ambient_fate02_v440_broadcast_tohsakarin_105.ogg","local_research_only; game_asset; do_not_redistribute","TohsakaRin_CN","ambient-broadcast","transcript_source=game_text; match=fuzzy; confidence=0.933; review_required=true"
"tohsakarin_a72a462b81ce8514","audio/raw/TohsakaRin_CN/ogg/voice/vo/ambient/fate02/v440/broadcast/tohsakarin/vo_ambient_fate02_v440_broadcast_tohsakarin_106.ogg","这就是属于我们的权利","StarRailVoice/TohsakaRin_CN/ogg/voice/vo/ambient/fate02/v440/broadcast/tohsakarin/vo_ambient_fate02_v440_broadcast_tohsakarin_106.ogg","local_research_only; game_asset; do_not_redistribute","TohsakaRin_CN","ambient-broadcast","transcript_source=asr_fallback; match=fuzzy; confidence=0.800; review_required=true"
"tohsakarin_553000247a0e81e5","audio/raw/TohsakaRin_CN/ogg/voice/vo/ambient/fate02/v440/broadcast/tohsakarin/vo_ambient_fate02_v440_broadcast_tohsakarin_107.ogg","…这也太奢侈了吧？！","StarRailVoice/TohsakaRin_CN/ogg/voice/vo/ambient/fate02/v440/broadcast/tohsakarin/vo_ambient_fate02_v440_broadcast_tohsakarin_107.ogg","local_research_only; game_asset; do_not_redistribute","TohsakaRin_CN","ambient-broadcast","transcript_source=game_text; match=exact; confidence=1.000; review_required=false"
"tohsakarin_0a82427ef44ca11e","audio/raw/TohsakaRin_CN/ogg/voice/vo/ambient/fate02/v440/broadcast/tohsakarin/vo_ambient_fate02_v440_broadcast_tohsakarin_108.ogg","考虑下周围人的感受啊…！","StarRailVoice/TohsakaRin_CN/ogg/voice/vo/ambient/fate02/v440/broadcast/tohsakarin/vo_ambient_fate02_v440_broadcast_tohsakarin_108.ogg","local_research_only; game_asset; do_not_redistribute","TohsakaRin_CN","ambient-broadcast","transcript_source=game_text; match=fuzzy; confidence=0.952; review_required=true"
"tohsakarin_b850e477ec5d3227","audio/raw/TohsakaRin_CN/ogg/voice/vo/ambient/fate02/v440/broadcast/tohsakarin/vo_ambient_fate02_v440_broadcast_tohsakarin_109.ogg","我会把决心贯彻到底的哈欠","StarRailVoice/TohsakaRin_CN/ogg/voice/vo/ambient/fate02/v440/broadcast/tohsakarin/vo_ambient_fate02_v440_broadcast_tohsakarin_109.ogg","local_research_only; game_asset; do_not_redistribute","TohsakaRin_CN","ambient-broadcast","transcript_source=asr_fallback; match=none; confidence=0.000; review_required=true"
"tohsakarin_27d5600837938b35","audio/raw/TohsakaRin_CN/ogg/voice/vo/ambient/fate02/v440/broadcast/tohsakarin/vo_ambient_fate02_v440_broadcast_tohsakarin_110.ogg","我一定会跟上你的哈欠","StarRailVoice/TohsakaRin_CN/ogg/voice/vo/ambient/fate02/v440/broadcast/tohsakarin/vo_ambient_fate02_v440_broadcast_tohsakarin_110.ogg","local_research_only; game_asset; do_not_redistribute","TohsakaRin_CN","ambient-broadcast","transcript_source=asr_fallback; match=none; confidence=0.000; review_required=true"
"tohsakarin_a5e126107ac461a4","audio/raw/TohsakaRin_CN/ogg/voice/vo/ambient/fate02/v440/broadcast/tohsakarin/vo_ambient_fate02_v440_broadcast_tohsakarin_111.ogg","今晚我请客！——虽然很想这么说啦……","StarRailVoice/TohsakaRin_CN/ogg/voice/vo/ambient/fate02/v440/broadcast/tohsakarin/vo_ambient_fate02_v440_broadcast_tohsakarin_111.ogg","local_research_only; game_asset; do_not_redistribute","TohsakaRin_CN","ambient-broadcast","transcript_source=game_text; match=fuzzy; confidence=0.923; review_required=true"
"tohsakarin_26ab73f68d118d1b","audio/raw/TohsakaRin_CN/ogg/voice/vo/ambient/fate02/v440/broadcast/tohsakarin/vo_ambient_fate02_v440_broadcast_tohsakarin_112.ogg","还是那么让人安心！","StarRailVoice/TohsakaRin_CN/ogg/voice/vo/ambient/fate02/v440/broadcast/tohsakarin/vo_ambient_fate02_v440_broadcast_tohsakarin_112.ogg","local_research_only; game_asset; do_not_redistribute","TohsakaRin_CN","ambient-broadcast","transcript_source=game_text; match=exact; confidence=1.000; review_required=false"
